[0.092s] DEBUG:colcon:Command line arguments: ['/usr/bin/colcon', 'build', '--symlink-install', '--packages-select', 'stack_master']
[0.092s] DEBUG:colcon:Parsed command line arguments: Namespace(log_base=None, log_level=None, verb_name='build', build_base='build', install_base='install', merge_install=False, symlink_install=True, test_result_base=None, continue_on_error=False, executor='parallel', parallel_workers=16, event_handlers=None, ignore_user_meta=False, metas=['./colcon.meta'], base_paths=['.'], packages_ignore=None, packages_ignore_regex=None, paths=None, packages_up_to=None, packages_up_to_regex=None, packages_above=None, packages_above_and_dependencies=None, packages_above_depth=None, packages_select_by_dep=None, packages_skip_by_dep=None, packages_skip_up_to=None, packages_select_build_failed=False, packages_skip_build_finished=False, packages_select_test_failures=False, packages_skip_test_passed=False, packages_select=['stack_master'], packages_skip=None, packages_select_regex=None, packages_skip_regex=None, packages_start=None, packages_end=None, allow_overriding=[], cmake_args=None, cmake_target=None, cmake_target_skip_unavailable=False, cmake_clean_cache=False, cmake_clean_first=False, cmake_force_configure=False, ament_cmake_args=None, catkin_cmake_args=None, catkin_skip_building_tests=False, verb_parser=<colcon_defaults.argument_parser.defaults.DefaultArgumentsDecorator object at 0x76e113fdf640>, verb_extension=<colcon_core.verb.build.BuildVerb object at 0x76e113f98490>, main=<bound method BuildVerb.main of <colcon_core.verb.build.BuildVerb object at 0x76e113f98490>>)
[0.262s] Level 1:colcon.colcon_core.package_discovery:discover_packages(colcon_meta) check parameters
[0.262s] Level 1:colcon.colcon_core.package_discovery:discover_packages(recursive) check parameters
[0.262s] Level 1:colcon.colcon_core.package_discovery:discover_packages(ignore) check parameters
[0.262s] Level 1:colcon.colcon_core.package_discovery:discover_packages(path) check parameters
[0.262s] Level 1:colcon.colcon_core.package_discovery:discover_packages(colcon_meta) discover
[0.263s] Level 1:colcon.colcon_core.package_discovery:discover_packages(recursive) discover
[0.263s] INFO:colcon.colcon_core.package_discovery:Crawling recursively for packages in '/home/hanjh/F1_TENTH_UNITA'
[0.263s] Level 1:colcon.colcon_core.package_identification:_identify(.) by extensions ['ignore', 'ignore_ament_install']
[0.263s] Level 1:colcon.colcon_core.package_identification:_identify(.) by extension 'ignore'
[0.263s] Level 1:colcon.colcon_core.package_identification:_identify(.) by extension 'ignore_ament_install'
[0.263s] Level 1:colcon.colcon_core.package_identification:_identify(.) by extensions ['colcon_pkg']
[0.263s] Level 1:colcon.colcon_core.package_identification:_identify(.) by extension 'colcon_pkg'
[0.263s] Level 1:colcon.colcon_core.package_identification:_identify(.) by extensions ['colcon_meta']
[0.263s] Level 1:colcon.colcon_core.package_identification:_identify(.) by extension 'colcon_meta'
[0.263s] Level 1:colcon.colcon_core.package_identification:_identify(.) by extensions ['ros']
[0.263s] Level 1:colcon.colcon_core.package_identification:_identify(.) by extension 'ros'
[0.280s] Level 1:colcon.colcon_core.package_identification:_identify(.) by extensions ['cmake', 'python']
[0.280s] Level 1:colcon.colcon_core.package_identification:_identify(.) by extension 'cmake'
[0.280s] Level 1:colcon.colcon_core.package_identification:_identify(.) by extension 'python'
[0.280s] Level 1:colcon.colcon_core.package_identification:_identify(.) by extensions ['python_setup_py']
[0.280s] Level 1:colcon.colcon_core.package_identification:_identify(.) by extension 'python_setup_py'
[0.280s] Level 1:colcon.colcon_core.package_identification:_identify(build) by extensions ['ignore', 'ignore_ament_install']
[0.281s] Level 1:colcon.colcon_core.package_identification:_identify(build) by extension 'ignore'
[0.281s] Level 1:colcon.colcon_core.package_identification:_identify(build) ignored
[0.281s] Level 1:colcon.colcon_core.package_identification:_identify(data) by extensions ['ignore', 'ignore_ament_install']
[0.281s] Level 1:colcon.colcon_core.package_identification:_identify(data) by extension 'ignore'
[0.281s] Level 1:colcon.colcon_core.package_identification:_identify(data) by extension 'ignore_ament_install'
[0.281s] Level 1:colcon.colcon_core.package_identification:_identify(data) by extensions ['colcon_pkg']
[0.281s] Level 1:colcon.colcon_core.package_identification:_identify(data) by extension 'colcon_pkg'
[0.281s] Level 1:colcon.colcon_core.package_identification:_identify(data) by extensions ['colcon_meta']
[0.281s] Level 1:colcon.colcon_core.package_identification:_identify(data) by extension 'colcon_meta'
[0.281s] Level 1:colcon.colcon_core.package_identification:_identify(data) by extensions ['ros']
[0.281s] Level 1:colcon.colcon_core.package_identification:_identify(data) by extension 'ros'
[0.281s] Level 1:colcon.colcon_core.package_identification:_identify(data) by extensions ['cmake', 'python']
[0.281s] Level 1:colcon.colcon_core.package_identification:_identify(data) by extension 'cmake'
[0.281s] Level 1:colcon.colcon_core.package_identification:_identify(data) by extension 'python'
[0.281s] Level 1:colcon.colcon_core.package_identification:_identify(data) by extensions ['python_setup_py']
[0.281s] Level 1:colcon.colcon_core.package_identification:_identify(data) by extension 'python_setup_py'
[0.281s] Level 1:colcon.colcon_core.package_identification:_identify(data/lap_analyser) by extensions ['ignore', 'ignore_ament_install']
[0.281s] Level 1:colcon.colcon_core.package_identification:_identify(data/lap_analyser) by extension 'ignore'
[0.281s] Level 1:colcon.colcon_core.package_identification:_identify(data/lap_analyser) by extension 'ignore_ament_install'
[0.281s] Level 1:colcon.colcon_core.package_identification:_identify(data/lap_analyser) by extensions ['colcon_pkg']
[0.281s] Level 1:colcon.colcon_core.package_identification:_identify(data/lap_analyser) by extension 'colcon_pkg'
[0.282s] Level 1:colcon.colcon_core.package_identification:_identify(data/lap_analyser) by extensions ['colcon_meta']
[0.282s] Level 1:colcon.colcon_core.package_identification:_identify(data/lap_analyser) by extension 'colcon_meta'
[0.282s] Level 1:colcon.colcon_core.package_identification:_identify(data/lap_analyser) by extensions ['ros']
[0.282s] Level 1:colcon.colcon_core.package_identification:_identify(data/lap_analyser) by extension 'ros'
[0.282s] Level 1:colcon.colcon_core.package_identification:_identify(data/lap_analyser) by extensions ['cmake', 'python']
[0.282s] Level 1:colcon.colcon_core.package_identification:_identify(data/lap_analyser) by extension 'cmake'
[0.282s] Level 1:colcon.colcon_core.package_identification:_identify(data/lap_analyser) by extension 'python'
[0.282s] Level 1:colcon.colcon_core.package_identification:_identify(data/lap_analyser) by extensions ['python_setup_py']
[0.282s] Level 1:colcon.colcon_core.package_identification:_identify(data/lap_analyser) by extension 'python_setup_py'
[0.282s] Level 1:colcon.colcon_core.package_identification:_identify(install) by extensions ['ignore', 'ignore_ament_install']
[0.282s] Level 1:colcon.colcon_core.package_identification:_identify(install) by extension 'ignore'
[0.282s] Level 1:colcon.colcon_core.package_identification:_identify(install) ignored
[0.282s] Level 1:colcon.colcon_core.package_identification:_identify(log) by extensions ['ignore', 'ignore_ament_install']
[0.282s] Level 1:colcon.colcon_core.package_identification:_identify(log) by extension 'ignore'
[0.282s] Level 1:colcon.colcon_core.package_identification:_identify(log) ignored
[0.282s] Level 1:colcon.colcon_core.package_identification:_identify(src) by extensions ['ignore', 'ignore_ament_install']
[0.282s] Level 1:colcon.colcon_core.package_identification:_identify(src) by extension 'ignore'
[0.282s] Level 1:colcon.colcon_core.package_identification:_identify(src) by extension 'ignore_ament_install'
[0.282s] Level 1:colcon.colcon_core.package_identification:_identify(src) by extensions ['colcon_pkg']
[0.282s] Level 1:colcon.colcon_core.package_identification:_identify(src) by extension 'colcon_pkg'
[0.282s] Level 1:colcon.colcon_core.package_identification:_identify(src) by extensions ['colcon_meta']
[0.282s] Level 1:colcon.colcon_core.package_identification:_identify(src) by extension 'colcon_meta'
[0.282s] Level 1:colcon.colcon_core.package_identification:_identify(src) by extensions ['ros']
[0.282s] Level 1:colcon.colcon_core.package_identification:_identify(src) by extension 'ros'
[0.282s] Level 1:colcon.colcon_core.package_identification:_identify(src) by extensions ['cmake', 'python']
[0.282s] Level 1:colcon.colcon_core.package_identification:_identify(src) by extension 'cmake'
[0.282s] Level 1:colcon.colcon_core.package_identification:_identify(src) by extension 'python'
[0.282s] Level 1:colcon.colcon_core.package_identification:_identify(src) by extensions ['python_setup_py']
[0.282s] Level 1:colcon.colcon_core.package_identification:_identify(src) by extension 'python_setup_py'
[0.283s] Level 1:colcon.colcon_core.package_identification:_identify(src/race_stack) by extensions ['ignore', 'ignore_ament_install']
[0.283s] Level 1:colcon.colcon_core.package_identification:_identify(src/race_stack) by extension 'ignore'
[0.283s] Level 1:colcon.colcon_core.package_identification:_identify(src/race_stack) by extension 'ignore_ament_install'
[0.283s] Level 1:colcon.colcon_core.package_identification:_identify(src/race_stack) by extensions ['colcon_pkg']
[0.283s] Level 1:colcon.colcon_core.package_identification:_identify(src/race_stack) by extension 'colcon_pkg'
[0.283s] Level 1:colcon.colcon_core.package_identification:_identify(src/race_stack) by extensions ['colcon_meta']
[0.283s] Level 1:colcon.colcon_core.package_identification:_identify(src/race_stack) by extension 'colcon_meta'
[0.283s] Level 1:colcon.colcon_core.package_identification:_identify(src/race_stack) by extensions ['ros']
[0.283s] Level 1:colcon.colcon_core.package_identification:_identify(src/race_stack) by extension 'ros'
[0.283s] Level 1:colcon.colcon_core.package_identification:_identify(src/race_stack) by extensions ['cmake', 'python']
[0.283s] Level 1:colcon.colcon_core.package_identification:_identify(src/race_stack) by extension 'cmake'
[0.283s] Level 1:colcon.colcon_core.package_identification:_identify(src/race_stack) by extension 'python'
[0.283s] Level 1:colcon.colcon_core.package_identification:_identify(src/race_stack) by extensions ['python_setup_py']
[0.283s] Level 1:colcon.colcon_core.package_identification:_identify(src/race_stack) by extension 'python_setup_py'
[0.283s] Level 1:colcon.colcon_core.package_identification:_identify(src/race_stack/base_system) by extensions ['ignore', 'ignore_ament_install']
[0.283s] Level 1:colcon.colcon_core.package_identification:_identify(src/race_stack/base_system) by extension 'ignore'
[0.283s] Level 1:colcon.colcon_core.package_identification:_identify(src/race_stack/base_system) by extension 'ignore_ament_install'
[0.283s] Level 1:colcon.colcon_core.package_identification:_identify(src/race_stack/base_system) by extensions ['colcon_pkg']
[0.283s] Level 1:colcon.colcon_core.package_identification:_identify(src/race_stack/base_system) by extension 'colcon_pkg'
[0.283s] Level 1:colcon.colcon_core.package_identification:_identify(src/race_stack/base_system) by extensions ['colcon_meta']
[0.283s] Level 1:colcon.colcon_core.package_identification:_identify(src/race_stack/base_system) by extension 'colcon_meta'
[0.283s] Level 1:colcon.colcon_core.package_identification:_identify(src/race_stack/base_system) by extensions ['ros']
[0.283s] Level 1:colcon.colcon_core.package_identification:_identify(src/race_stack/base_system) by extension 'ros'
[0.283s] Level 1:colcon.colcon_core.package_identification:_identify(src/race_stack/base_system) by extensions ['cmake', 'python']
[0.283s] Level 1:colcon.colcon_core.package_identification:_identify(src/race_stack/base_system) by extension 'cmake'
[0.283s] Level 1:colcon.colcon_core.package_identification:_identify(src/race_stack/base_system) by extension 'python'
[0.283s] Level 1:colcon.colcon_core.package_identification:_identify(src/race_stack/base_system) by extensions ['python_setup_py']
[0.283s] Level 1:colcon.colcon_core.package_identification:_identify(src/race_stack/base_system) by extension 'python_setup_py'
[0.283s] Level 1:colcon.colcon_core.package_identification:_identify(src/race_stack/base_system/f110_simulator) by extensions ['ignore', 'ignore_ament_install']
[0.283s] Level 1:colcon.colcon_core.package_identification:_identify(src/race_stack/base_system/f110_simulator) by extension 'ignore'
[0.283s] Level 1:colcon.colcon_core.package_identification:_identify(src/race_stack/base_system/f110_simulator) by extension 'ignore_ament_install'
[0.283s] Level 1:colcon.colcon_core.package_identification:_identify(src/race_stack/base_system/f110_simulator) by extensions ['colcon_pkg']
[0.283s] Level 1:colcon.colcon_core.package_identification:_identify(src/race_stack/base_system/f110_simulator) by extension 'colcon_pkg'
[0.283s] Level 1:colcon.colcon_core.package_identification:_identify(src/race_stack/base_system/f110_simulator) by extensions ['colcon_meta']
[0.283s] Level 1:colcon.colcon_core.package_identification:_identify(src/race_stack/base_system/f110_simulator) by extension 'colcon_meta'
[0.283s] Level 1:colcon.colcon_core.package_identification:_identify(src/race_stack/base_system/f110_simulator) by extensions ['ros']
[0.283s] Level 1:colcon.colcon_core.package_identification:_identify(src/race_stack/base_system/f110_simulator) by extension 'ros'
[0.283s] Level 1:colcon.colcon_core.package_identification:_identify(src/race_stack/base_system/f110_simulator) by extensions ['cmake', 'python']
[0.283s] Level 1:colcon.colcon_core.package_identification:_identify(src/race_stack/base_system/f110_simulator) by extension 'cmake'
[0.284s] Level 1:colcon.colcon_core.package_identification:_identify(src/race_stack/base_system/f110_simulator) by extension 'python'
[0.284s] Level 1:colcon.colcon_core.package_identification:_identify(src/race_stack/base_system/f110_simulator) by extensions ['python_setup_py']
[0.284s] Level 1:colcon.colcon_core.package_identification:_identify(src/race_stack/base_system/f110_simulator) by extension 'python_setup_py'
[0.284s] Level 1:colcon.colcon_core.package_identification:_identify(src/race_stack/base_system/f110_simulator/f1tenth_gym) by extensions ['ignore', 'ignore_ament_install']
[0.284s] Level 1:colcon.colcon_core.package_identification:_identify(src/race_stack/base_system/f110_simulator/f1tenth_gym) by extension 'ignore'
[0.284s] Level 1:colcon.colcon_core.package_identification:_identify(src/race_stack/base_system/f110_simulator/f1tenth_gym) ignored
[0.284s] Level 1:colcon.colcon_core.package_identification:_identify(src/race_stack/base_system/f110_simulator/f1tenth_gym_ros) by extensions ['ignore', 'ignore_ament_install']
[0.284s] Level 1:colcon.colcon_core.package_identification:_identify(src/race_stack/base_system/f110_simulator/f1tenth_gym_ros) by extension 'ignore'
[0.284s] Level 1:colcon.colcon_core.package_identification:_identify(src/race_stack/base_system/f110_simulator/f1tenth_gym_ros) by extension 'ignore_ament_install'
[0.284s] Level 1:colcon.colcon_core.package_identification:_identify(src/race_stack/base_system/f110_simulator/f1tenth_gym_ros) by extensions ['colcon_pkg']
[0.284s] Level 1:colcon.colcon_core.package_identification:_identify(src/race_stack/base_system/f110_simulator/f1tenth_gym_ros) by extension 'colcon_pkg'
[0.284s] Level 1:colcon.colcon_core.package_identification:_identify(src/race_stack/base_system/f110_simulator/f1tenth_gym_ros) by extensions ['colcon_meta']
[0.284s] Level 1:colcon.colcon_core.package_identification:_identify(src/race_stack/base_system/f110_simulator/f1tenth_gym_ros) by extension 'colcon_meta'
[0.284s] Level 1:colcon.colcon_core.package_identification:_identify(src/race_stack/base_system/f110_simulator/f1tenth_gym_ros) by extensions ['ros']
[0.284s] Level 1:colcon.colcon_core.package_identification:_identify(src/race_stack/base_system/f110_simulator/f1tenth_gym_ros) by extension 'ros'
[0.286s] DEBUG:colcon.colcon_core.package_identification:Package 'src/race_stack/base_system/f110_simulator/f1tenth_gym_ros' with type 'ros.ament_python' and name 'f1tenth_gym_ros'
[0.286s] Level 1:colcon.colcon_core.package_identification:_identify(src/race_stack/base_system/f1tenth_system) by extensions ['ignore', 'ignore_ament_install']
[0.286s] Level 1:colcon.colcon_core.package_identification:_identify(src/race_stack/base_system/f1tenth_system) by extension 'ignore'
[0.286s] Level 1:colcon.colcon_core.package_identification:_identify(src/race_stack/base_system/f1tenth_system) by extension 'ignore_ament_install'
[0.286s] Level 1:colcon.colcon_core.package_identification:_identify(src/race_stack/base_system/f1tenth_system) by extensions ['colcon_pkg']
[0.286s] Level 1:colcon.colcon_core.package_identification:_identify(src/race_stack/base_system/f1tenth_system) by extension 'colcon_pkg'
[0.286s] Level 1:colcon.colcon_core.package_identification:_identify(src/race_stack/base_system/f1tenth_system) by extensions ['colcon_meta']
[0.286s] Level 1:colcon.colcon_core.package_identification:_identify(src/race_stack/base_system/f1tenth_system) by extension 'colcon_meta'
[0.286s] Level 1:colcon.colcon_core.package_identification:_identify(src/race_stack/base_system/f1tenth_system) by extensions ['ros']
[0.286s] Level 1:colcon.colcon_core.package_identification:_identify(src/race_stack/base_system/f1tenth_system) by extension 'ros'
[0.286s] Level 1:colcon.colcon_core.package_identification:_identify(src/race_stack/base_system/f1tenth_system) by extensions ['cmake', 'python']
[0.286s] Level 1:colcon.colcon_core.package_identification:_identify(src/race_stack/base_system/f1tenth_system) by extension 'cmake'
[0.286s] Level 1:colcon.colcon_core.package_identification:_identify(src/race_stack/base_system/f1tenth_system) by extension 'python'
[0.286s] Level 1:colcon.colcon_core.package_identification:_identify(src/race_stack/base_system/f1tenth_system) by extensions ['python_setup_py']
[0.286s] Level 1:colcon.colcon_core.package_identification:_identify(src/race_stack/base_system/f1tenth_system) by extension 'python_setup_py'
[0.286s] Level 1:colcon.colcon_core.package_identification:_identify(src/race_stack/base_system/f1tenth_system/ackermann_mux) by extensions ['ignore', 'ignore_ament_install']
[0.286s] Level 1:colcon.colcon_core.package_identification:_identify(src/race_stack/base_system/f1tenth_system/ackermann_mux) by extension 'ignore'
[0.286s] Level 1:colcon.colcon_core.package_identification:_identify(src/race_stack/base_system/f1tenth_system/ackermann_mux) by extension 'ignore_ament_install'
[0.286s] Level 1:colcon.colcon_core.package_identification:_identify(src/race_stack/base_system/f1tenth_system/ackermann_mux) by extensions ['colcon_pkg']
[0.286s] Level 1:colcon.colcon_core.package_identification:_identify(src/race_stack/base_system/f1tenth_system/ackermann_mux) by extension 'colcon_pkg'
[0.286s] Level 1:colcon.colcon_core.package_identification:_identify(src/race_stack/base_system/f1tenth_system/ackermann_mux) by extensions ['colcon_meta']
[0.286s] Level 1:colcon.colcon_core.package_identification:_identify(src/race_stack/base_system/f1tenth_system/ackermann_mux) by extension 'colcon_meta'
[0.286s] Level 1:colcon.colcon_core.package_identification:_identify(src/race_stack/base_system/f1tenth_system/ackermann_mux) by extensions ['ros']
[0.286s] Level 1:colcon.colcon_core.package_identification:_identify(src/race_stack/base_system/f1tenth_system/ackermann_mux) by extension 'ros'
[0.287s] DEBUG:colcon.colcon_core.package_identification:Package 'src/race_stack/base_system/f1tenth_system/ackermann_mux' with type 'ros.ament_cmake' and name 'ackermann_mux'
[0.287s] Level 1:colcon.colcon_core.package_identification:_identify(src/race_stack/base_system/f1tenth_system/f1tenth_stack) by extensions ['ignore', 'ignore_ament_install']
[0.287s] Level 1:colcon.colcon_core.package_identification:_identify(src/race_stack/base_system/f1tenth_system/f1tenth_stack) by extension 'ignore'
[0.287s] Level 1:colcon.colcon_core.package_identification:_identify(src/race_stack/base_system/f1tenth_system/f1tenth_stack) by extension 'ignore_ament_install'
[0.287s] Level 1:colcon.colcon_core.package_identification:_identify(src/race_stack/base_system/f1tenth_system/f1tenth_stack) by extensions ['colcon_pkg']
[0.287s] Level 1:colcon.colcon_core.package_identification:_identify(src/race_stack/base_system/f1tenth_system/f1tenth_stack) by extension 'colcon_pkg'
[0.287s] Level 1:colcon.colcon_core.package_identification:_identify(src/race_stack/base_system/f1tenth_system/f1tenth_stack) by extensions ['colcon_meta']
[0.287s] Level 1:colcon.colcon_core.package_identification:_identify(src/race_stack/base_system/f1tenth_system/f1tenth_stack) by extension 'colcon_meta'
[0.287s] Level 1:colcon.colcon_core.package_identification:_identify(src/race_stack/base_system/f1tenth_system/f1tenth_stack) by extensions ['ros']
[0.287s] Level 1:colcon.colcon_core.package_identification:_identify(src/race_stack/base_system/f1tenth_system/f1tenth_stack) by extension 'ros'
[0.288s] DEBUG:colcon.colcon_core.package_identification:Package 'src/race_stack/base_system/f1tenth_system/f1tenth_stack' with type 'ros.ament_python' and name 'f1tenth_stack'
[0.288s] Level 1:colcon.colcon_core.package_identification:_identify(src/race_stack/base_system/f1tenth_system/scripts) by extensions ['ignore', 'ignore_ament_install']
[0.288s] Level 1:colcon.colcon_core.package_identification:_identify(src/race_stack/base_system/f1tenth_system/scripts) by extension 'ignore'
[0.288s] Level 1:colcon.colcon_core.package_identification:_identify(src/race_stack/base_system/f1tenth_system/scripts) by extension 'ignore_ament_install'
[0.288s] Level 1:colcon.colcon_core.package_identification:_identify(src/race_stack/base_system/f1tenth_system/scripts) by extensions ['colcon_pkg']
[0.288s] Level 1:colcon.colcon_core.package_identification:_identify(src/race_stack/base_system/f1tenth_system/scripts) by extension 'colcon_pkg'
[0.288s] Level 1:colcon.colcon_core.package_identification:_identify(src/race_stack/base_system/f1tenth_system/scripts) by extensions ['colcon_meta']
[0.288s] Level 1:colcon.colcon_core.package_identification:_identify(src/race_stack/base_system/f1tenth_system/scripts) by extension 'colcon_meta'
[0.288s] Level 1:colcon.colcon_core.package_identification:_identify(src/race_stack/base_system/f1tenth_system/scripts) by extensions ['ros']
[0.288s] Level 1:colcon.colcon_core.package_identification:_identify(src/race_stack/base_system/f1tenth_system/scripts) by extension 'ros'
[0.288s] Level 1:colcon.colcon_core.package_identification:_identify(src/race_stack/base_system/f1tenth_system/scripts) by extensions ['cmake', 'python']
[0.288s] Level 1:colcon.colcon_core.package_identification:_identify(src/race_stack/base_system/f1tenth_system/scripts) by extension 'cmake'
[0.288s] Level 1:colcon.colcon_core.package_identification:_identify(src/race_stack/base_system/f1tenth_system/scripts) by extension 'python'
[0.288s] Level 1:colcon.colcon_core.package_identification:_identify(src/race_stack/base_system/f1tenth_system/scripts) by extensions ['python_setup_py']
[0.288s] Level 1:colcon.colcon_core.package_identification:_identify(src/race_stack/base_system/f1tenth_system/scripts) by extension 'python_setup_py'
[0.288s] Level 1:colcon.colcon_core.package_identification:_identify(src/race_stack/base_system/f1tenth_system/teleop_tools) by extensions ['ignore', 'ignore_ament_install']
[0.289s] Level 1:colcon.colcon_core.package_identification:_identify(src/race_stack/base_system/f1tenth_system/teleop_tools) by extension 'ignore'
[0.289s] Level 1:colcon.colcon_core.package_identification:_identify(src/race_stack/base_system/f1tenth_system/teleop_tools) by extension 'ignore_ament_install'
[0.289s] Level 1:colcon.colcon_core.package_identification:_identify(src/race_stack/base_system/f1tenth_system/teleop_tools) by extensions ['colcon_pkg']
[0.289s] Level 1:colcon.colcon_core.package_identification:_identify(src/race_stack/base_system/f1tenth_system/teleop_tools) by extension 'colcon_pkg'
[0.289s] Level 1:colcon.colcon_core.package_identification:_identify(src/race_stack/base_system/f1tenth_system/teleop_tools) by extensions ['colcon_meta']
[0.289s] Level 1:colcon.colcon_core.package_identification:_identify(src/race_stack/base_system/f1tenth_system/teleop_tools) by extension 'colcon_meta'
[0.289s] Level 1:colcon.colcon_core.package_identification:_identify(src/race_stack/base_system/f1tenth_system/teleop_tools) by extensions ['ros']
[0.289s] Level 1:colcon.colcon_core.package_identification:_identify(src/race_stack/base_system/f1tenth_system/teleop_tools) by extension 'ros'
[0.289s] Level 1:colcon.colcon_core.package_identification:_identify(src/race_stack/base_system/f1tenth_system/teleop_tools) by extensions ['cmake', 'python']
[0.289s] Level 1:colcon.colcon_core.package_identification:_identify(src/race_stack/base_system/f1tenth_system/teleop_tools) by extension 'cmake'
[0.289s] Level 1:colcon.colcon_core.package_identification:_identify(src/race_stack/base_system/f1tenth_system/teleop_tools) by extension 'python'
[0.289s] Level 1:colcon.colcon_core.package_identification:_identify(src/race_stack/base_system/f1tenth_system/teleop_tools) by extensions ['python_setup_py']
[0.289s] Level 1:colcon.colcon_core.package_identification:_identify(src/race_stack/base_system/f1tenth_system/teleop_tools) by extension 'python_setup_py'
[0.289s] Level 1:colcon.colcon_core.package_identification:_identify(src/race_stack/base_system/f1tenth_system/teleop_tools/joy_teleop) by extensions ['ignore', 'ignore_ament_install']
[0.289s] Level 1:colcon.colcon_core.package_identification:_identify(src/race_stack/base_system/f1tenth_system/teleop_tools/joy_teleop) by extension 'ignore'
[0.289s] Level 1:colcon.colcon_core.package_identification:_identify(src/race_stack/base_system/f1tenth_system/teleop_tools/joy_teleop) by extension 'ignore_ament_install'
[0.289s] Level 1:colcon.colcon_core.package_identification:_identify(src/race_stack/base_system/f1tenth_system/teleop_tools/joy_teleop) by extensions ['colcon_pkg']
[0.289s] Level 1:colcon.colcon_core.package_identification:_identify(src/race_stack/base_system/f1tenth_system/teleop_tools/joy_teleop) by extension 'colcon_pkg'
[0.289s] Level 1:colcon.colcon_core.package_identification:_identify(src/race_stack/base_system/f1tenth_system/teleop_tools/joy_teleop) by extensions ['colcon_meta']
[0.289s] Level 1:colcon.colcon_core.package_identification:_identify(src/race_stack/base_system/f1tenth_system/teleop_tools/joy_teleop) by extension 'colcon_meta'
[0.289s] Level 1:colcon.colcon_core.package_identification:_identify(src/race_stack/base_system/f1tenth_system/teleop_tools/joy_teleop) by extensions ['ros']
[0.289s] Level 1:colcon.colcon_core.package_identification:_identify(src/race_stack/base_system/f1tenth_system/teleop_tools/joy_teleop) by extension 'ros'
[0.290s] DEBUG:colcon.colcon_core.package_identification:Package 'src/race_stack/base_system/f1tenth_system/teleop_tools/joy_teleop' with type 'ros.ament_python' and name 'joy_teleop'
[0.290s] Level 1:colcon.colcon_core.package_identification:_identify(src/race_stack/base_system/f1tenth_system/teleop_tools/key_teleop) by extensions ['ignore', 'ignore_ament_install']
[0.290s] Level 1:colcon.colcon_core.package_identification:_identify(src/race_stack/base_system/f1tenth_system/teleop_tools/key_teleop) by extension 'ignore'
[0.290s] Level 1:colcon.colcon_core.package_identification:_identify(src/race_stack/base_system/f1tenth_system/teleop_tools/key_teleop) by extension 'ignore_ament_install'
[0.290s] Level 1:colcon.colcon_core.package_identification:_identify(src/race_stack/base_system/f1tenth_system/teleop_tools/key_teleop) by extensions ['colcon_pkg']
[0.290s] Level 1:colcon.colcon_core.package_identification:_identify(src/race_stack/base_system/f1tenth_system/teleop_tools/key_teleop) by extension 'colcon_pkg'
[0.290s] Level 1:colcon.colcon_core.package_identification:_identify(src/race_stack/base_system/f1tenth_system/teleop_tools/key_teleop) by extensions ['colcon_meta']
[0.290s] Level 1:colcon.colcon_core.package_identification:_identify(src/race_stack/base_system/f1tenth_system/teleop_tools/key_teleop) by extension 'colcon_meta'
[0.290s] Level 1:colcon.colcon_core.package_identification:_identify(src/race_stack/base_system/f1tenth_system/teleop_tools/key_teleop) by extensions ['ros']
[0.290s] Level 1:colcon.colcon_core.package_identification:_identify(src/race_stack/base_system/f1tenth_system/teleop_tools/key_teleop) by extension 'ros'
[0.290s] DEBUG:colcon.colcon_core.package_identification:Package 'src/race_stack/base_system/f1tenth_system/teleop_tools/key_teleop' with type 'ros.ament_python' and name 'key_teleop'
[0.290s] Level 1:colcon.colcon_core.package_identification:_identify(src/race_stack/base_system/f1tenth_system/teleop_tools/mouse_teleop) by extensions ['ignore', 'ignore_ament_install']
[0.290s] Level 1:colcon.colcon_core.package_identification:_identify(src/race_stack/base_system/f1tenth_system/teleop_tools/mouse_teleop) by extension 'ignore'
[0.290s] Level 1:colcon.colcon_core.package_identification:_identify(src/race_stack/base_system/f1tenth_system/teleop_tools/mouse_teleop) by extension 'ignore_ament_install'
[0.290s] Level 1:colcon.colcon_core.package_identification:_identify(src/race_stack/base_system/f1tenth_system/teleop_tools/mouse_teleop) by extensions ['colcon_pkg']
[0.290s] Level 1:colcon.colcon_core.package_identification:_identify(src/race_stack/base_system/f1tenth_system/teleop_tools/mouse_teleop) by extension 'colcon_pkg'
[0.290s] Level 1:colcon.colcon_core.package_identification:_identify(src/race_stack/base_system/f1tenth_system/teleop_tools/mouse_teleop) by extensions ['colcon_meta']
[0.290s] Level 1:colcon.colcon_core.package_identification:_identify(src/race_stack/base_system/f1tenth_system/teleop_tools/mouse_teleop) by extension 'colcon_meta'
[0.290s] Level 1:colcon.colcon_core.package_identification:_identify(src/race_stack/base_system/f1tenth_system/teleop_tools/mouse_teleop) by extensions ['ros']
[0.290s] Level 1:colcon.colcon_core.package_identification:_identify(src/race_stack/base_system/f1tenth_system/teleop_tools/mouse_teleop) by extension 'ros'
[0.291s] DEBUG:colcon.colcon_core.package_identification:Package 'src/race_stack/base_system/f1tenth_system/teleop_tools/mouse_teleop' with type 'ros.ament_python' and name 'mouse_teleop'
[0.291s] Level 1:colcon.colcon_core.package_identification:_identify(src/race_stack/base_system/f1tenth_system/teleop_tools/teleop_tools) by extensions ['ignore', 'ignore_ament_install']
[0.291s] Level 1:colcon.colcon_core.package_identification:_identify(src/race_stack/base_system/f1tenth_system/teleop_tools/teleop_tools) by extension 'ignore'
[0.291s] Level 1:colcon.colcon_core.package_identification:_identify(src/race_stack/base_system/f1tenth_system/teleop_tools/teleop_tools) by extension 'ignore_ament_install'
[0.291s] Level 1:colcon.colcon_core.package_identification:_identify(src/race_stack/base_system/f1tenth_system/teleop_tools/teleop_tools) by extensions ['colcon_pkg']
[0.291s] Level 1:colcon.colcon_core.package_identification:_identify(src/race_stack/base_system/f1tenth_system/teleop_tools/teleop_tools) by extension 'colcon_pkg'
[0.291s] Level 1:colcon.colcon_core.package_identification:_identify(src/race_stack/base_system/f1tenth_system/teleop_tools/teleop_tools) by extensions ['colcon_meta']
[0.291s] Level 1:colcon.colcon_core.package_identification:_identify(src/race_stack/base_system/f1tenth_system/teleop_tools/teleop_tools) by extension 'colcon_meta'
[0.291s] Level 1:colcon.colcon_core.package_identification:_identify(src/race_stack/base_system/f1tenth_system/teleop_tools/teleop_tools) by extensions ['ros']
[0.291s] Level 1:colcon.colcon_core.package_identification:_identify(src/race_stack/base_system/f1tenth_system/teleop_tools/teleop_tools) by extension 'ros'
[0.291s] DEBUG:colcon.colcon_core.package_identification:Package 'src/race_stack/base_system/f1tenth_system/teleop_tools/teleop_tools' with type 'ros.ament_cmake' and name 'teleop_tools'
[0.291s] Level 1:colcon.colcon_core.package_identification:_identify(src/race_stack/base_system/f1tenth_system/teleop_tools/teleop_tools_msgs) by extensions ['ignore', 'ignore_ament_install']
[0.292s] Level 1:colcon.colcon_core.package_identification:_identify(src/race_stack/base_system/f1tenth_system/teleop_tools/teleop_tools_msgs) by extension 'ignore'
[0.292s] Level 1:colcon.colcon_core.package_identification:_identify(src/race_stack/base_system/f1tenth_system/teleop_tools/teleop_tools_msgs) by extension 'ignore_ament_install'
[0.292s] Level 1:colcon.colcon_core.package_identification:_identify(src/race_stack/base_system/f1tenth_system/teleop_tools/teleop_tools_msgs) by extensions ['colcon_pkg']
[0.292s] Level 1:colcon.colcon_core.package_identification:_identify(src/race_stack/base_system/f1tenth_system/teleop_tools/teleop_tools_msgs) by extension 'colcon_pkg'
[0.292s] Level 1:colcon.colcon_core.package_identification:_identify(src/race_stack/base_system/f1tenth_system/teleop_tools/teleop_tools_msgs) by extensions ['colcon_meta']
[0.292s] Level 1:colcon.colcon_core.package_identification:_identify(src/race_stack/base_system/f1tenth_system/teleop_tools/teleop_tools_msgs) by extension 'colcon_meta'
[0.292s] Level 1:colcon.colcon_core.package_identification:_identify(src/race_stack/base_system/f1tenth_system/teleop_tools/teleop_tools_msgs) by extensions ['ros']
[0.292s] Level 1:colcon.colcon_core.package_identification:_identify(src/race_stack/base_system/f1tenth_system/teleop_tools/teleop_tools_msgs) by extension 'ros'
[0.292s] DEBUG:colcon.colcon_core.package_identification:Package 'src/race_stack/base_system/f1tenth_system/teleop_tools/teleop_tools_msgs' with type 'ros.ament_cmake' and name 'teleop_tools_msgs'
[0.292s] Level 1:colcon.colcon_core.package_identification:_identify(src/race_stack/base_system/misc) by extensions ['ignore', 'ignore_ament_install']
[0.292s] Level 1:colcon.colcon_core.package_identification:_identify(src/race_stack/base_system/misc) by extension 'ignore'
[0.292s] Level 1:colcon.colcon_core.package_identification:_identify(src/race_stack/base_system/misc) by extension 'ignore_ament_install'
[0.292s] Level 1:colcon.colcon_core.package_identification:_identify(src/race_stack/base_system/misc) by extensions ['colcon_pkg']
[0.292s] Level 1:colcon.colcon_core.package_identification:_identify(src/race_stack/base_system/misc) by extension 'colcon_pkg'
[0.292s] Level 1:colcon.colcon_core.package_identification:_identify(src/race_stack/base_system/misc) by extensions ['colcon_meta']
[0.292s] Level 1:colcon.colcon_core.package_identification:_identify(src/race_stack/base_system/misc) by extension 'colcon_meta'
[0.292s] Level 1:colcon.colcon_core.package_identification:_identify(src/race_stack/base_system/misc) by extensions ['ros']
[0.292s] Level 1:colcon.colcon_core.package_identification:_identify(src/race_stack/base_system/misc) by extension 'ros'
[0.292s] Level 1:colcon.colcon_core.package_identification:_identify(src/race_stack/base_system/misc) by extensions ['cmake', 'python']
[0.292s] Level 1:colcon.colcon_core.package_identification:_identify(src/race_stack/base_system/misc) by extension 'cmake'
[0.292s] Level 1:colcon.colcon_core.package_identification:_identify(src/race_stack/base_system/misc) by extension 'python'
[0.292s] Level 1:colcon.colcon_core.package_identification:_identify(src/race_stack/base_system/misc) by extensions ['python_setup_py']
[0.292s] Level 1:colcon.colcon_core.package_identification:_identify(src/race_stack/base_system/misc) by extension 'python_setup_py'
[0.293s] Level 1:colcon.colcon_core.package_identification:_identify(src/race_stack/controller) by extensions ['ignore', 'ignore_ament_install']
[0.293s] Level 1:colcon.colcon_core.package_identification:_identify(src/race_stack/controller) by extension 'ignore'
[0.293s] Level 1:colcon.colcon_core.package_identification:_identify(src/race_stack/controller) by extension 'ignore_ament_install'
[0.293s] Level 1:colcon.colcon_core.package_identification:_identify(src/race_stack/controller) by extensions ['colcon_pkg']
[0.293s] Level 1:colcon.colcon_core.package_identification:_identify(src/race_stack/controller) by extension 'colcon_pkg'
[0.293s] Level 1:colcon.colcon_core.package_identification:_identify(src/race_stack/controller) by extensions ['colcon_meta']
[0.293s] Level 1:colcon.colcon_core.package_identification:_identify(src/race_stack/controller) by extension 'colcon_meta'
[0.293s] Level 1:colcon.colcon_core.package_identification:_identify(src/race_stack/controller) by extensions ['ros']
[0.293s] Level 1:colcon.colcon_core.package_identification:_identify(src/race_stack/controller) by extension 'ros'
[0.293s] DEBUG:colcon.colcon_core.package_identification:Package 'src/race_stack/controller' with type 'ros.ament_python' and name 'controller'
[0.293s] Level 1:colcon.colcon_core.package_identification:_identify(src/race_stack/perception) by extensions ['ignore', 'ignore_ament_install']
[0.293s] Level 1:colcon.colcon_core.package_identification:_identify(src/race_stack/perception) by extension 'ignore'
[0.293s] Level 1:colcon.colcon_core.package_identification:_identify(src/race_stack/perception) by extension 'ignore_ament_install'
[0.293s] Level 1:colcon.colcon_core.package_identification:_identify(src/race_stack/perception) by extensions ['colcon_pkg']
[0.293s] Level 1:colcon.colcon_core.package_identification:_identify(src/race_stack/perception) by extension 'colcon_pkg'
[0.293s] Level 1:colcon.colcon_core.package_identification:_identify(src/race_stack/perception) by extensions ['colcon_meta']
[0.293s] Level 1:colcon.colcon_core.package_identification:_identify(src/race_stack/perception) by extension 'colcon_meta'
[0.293s] Level 1:colcon.colcon_core.package_identification:_identify(src/race_stack/perception) by extensions ['ros']
[0.293s] Level 1:colcon.colcon_core.package_identification:_identify(src/race_stack/perception) by extension 'ros'
[0.294s] DEBUG:colcon.colcon_core.package_identification:Package 'src/race_stack/perception' with type 'ros.ament_python' and name 'perception'
[0.294s] Level 1:colcon.colcon_core.package_identification:_identify(src/race_stack/planner) by extensions ['ignore', 'ignore_ament_install']
[0.294s] Level 1:colcon.colcon_core.package_identification:_identify(src/race_stack/planner) by extension 'ignore'
[0.294s] Level 1:colcon.colcon_core.package_identification:_identify(src/race_stack/planner) by extension 'ignore_ament_install'
[0.294s] Level 1:colcon.colcon_core.package_identification:_identify(src/race_stack/planner) by extensions ['colcon_pkg']
[0.294s] Level 1:colcon.colcon_core.package_identification:_identify(src/race_stack/planner) by extension 'colcon_pkg'
[0.294s] Level 1:colcon.colcon_core.package_identification:_identify(src/race_stack/planner) by extensions ['colcon_meta']
[0.294s] Level 1:colcon.colcon_core.package_identification:_identify(src/race_stack/planner) by extension 'colcon_meta'
[0.294s] Level 1:colcon.colcon_core.package_identification:_identify(src/race_stack/planner) by extensions ['ros']
[0.294s] Level 1:colcon.colcon_core.package_identification:_identify(src/race_stack/planner) by extension 'ros'
[0.294s] Level 1:colcon.colcon_core.package_identification:_identify(src/race_stack/planner) by extensions ['cmake', 'python']
[0.294s] Level 1:colcon.colcon_core.package_identification:_identify(src/race_stack/planner) by extension 'cmake'
[0.294s] Level 1:colcon.colcon_core.package_identification:_identify(src/race_stack/planner) by extension 'python'
[0.294s] Level 1:colcon.colcon_core.package_identification:_identify(src/race_stack/planner) by extensions ['python_setup_py']
[0.294s] Level 1:colcon.colcon_core.package_identification:_identify(src/race_stack/planner) by extension 'python_setup_py'
[0.294s] Level 1:colcon.colcon_core.package_identification:_identify(src/race_stack/planner/global_planner) by extensions ['ignore', 'ignore_ament_install']
[0.294s] Level 1:colcon.colcon_core.package_identification:_identify(src/race_stack/planner/global_planner) by extension 'ignore'
[0.294s] Level 1:colcon.colcon_core.package_identification:_identify(src/race_stack/planner/global_planner) by extension 'ignore_ament_install'
[0.294s] Level 1:colcon.colcon_core.package_identification:_identify(src/race_stack/planner/global_planner) by extensions ['colcon_pkg']
[0.294s] Level 1:colcon.colcon_core.package_identification:_identify(src/race_stack/planner/global_planner) by extension 'colcon_pkg'
[0.294s] Level 1:colcon.colcon_core.package_identification:_identify(src/race_stack/planner/global_planner) by extensions ['colcon_meta']
[0.294s] Level 1:colcon.colcon_core.package_identification:_identify(src/race_stack/planner/global_planner) by extension 'colcon_meta'
[0.294s] Level 1:colcon.colcon_core.package_identification:_identify(src/race_stack/planner/global_planner) by extensions ['ros']
[0.294s] Level 1:colcon.colcon_core.package_identification:_identify(src/race_stack/planner/global_planner) by extension 'ros'
[0.295s] DEBUG:colcon.colcon_core.package_identification:Package 'src/race_stack/planner/global_planner' with type 'ros.ament_python' and name 'global_planner'
[0.295s] Level 1:colcon.colcon_core.package_identification:_identify(src/race_stack/planner/local_planners) by extensions ['ignore', 'ignore_ament_install']
[0.295s] Level 1:colcon.colcon_core.package_identification:_identify(src/race_stack/planner/local_planners) by extension 'ignore'
[0.295s] Level 1:colcon.colcon_core.package_identification:_identify(src/race_stack/planner/local_planners) by extension 'ignore_ament_install'
[0.295s] Level 1:colcon.colcon_core.package_identification:_identify(src/race_stack/planner/local_planners) by extensions ['colcon_pkg']
[0.295s] Level 1:colcon.colcon_core.package_identification:_identify(src/race_stack/planner/local_planners) by extension 'colcon_pkg'
[0.295s] Level 1:colcon.colcon_core.package_identification:_identify(src/race_stack/planner/local_planners) by extensions ['colcon_meta']
[0.295s] Level 1:colcon.colcon_core.package_identification:_identify(src/race_stack/planner/local_planners) by extension 'colcon_meta'
[0.295s] Level 1:colcon.colcon_core.package_identification:_identify(src/race_stack/planner/local_planners) by extensions ['ros']
[0.295s] Level 1:colcon.colcon_core.package_identification:_identify(src/race_stack/planner/local_planners) by extension 'ros'
[0.295s] Level 1:colcon.colcon_core.package_identification:_identify(src/race_stack/planner/local_planners) by extensions ['cmake', 'python']
[0.295s] Level 1:colcon.colcon_core.package_identification:_identify(src/race_stack/planner/local_planners) by extension 'cmake'
[0.295s] Level 1:colcon.colcon_core.package_identification:_identify(src/race_stack/planner/local_planners) by extension 'python'
[0.295s] Level 1:colcon.colcon_core.package_identification:_identify(src/race_stack/planner/local_planners) by extensions ['python_setup_py']
[0.295s] Level 1:colcon.colcon_core.package_identification:_identify(src/race_stack/planner/local_planners) by extension 'python_setup_py'
[0.295s] Level 1:colcon.colcon_core.package_identification:_identify(src/race_stack/planner/local_planners/spline_planner) by extensions ['ignore', 'ignore_ament_install']
[0.295s] Level 1:colcon.colcon_core.package_identification:_identify(src/race_stack/planner/local_planners/spline_planner) by extension 'ignore'
[0.295s] Level 1:colcon.colcon_core.package_identification:_identify(src/race_stack/planner/local_planners/spline_planner) by extension 'ignore_ament_install'
[0.295s] Level 1:colcon.colcon_core.package_identification:_identify(src/race_stack/planner/local_planners/spline_planner) by extensions ['colcon_pkg']
[0.295s] Level 1:colcon.colcon_core.package_identification:_identify(src/race_stack/planner/local_planners/spline_planner) by extension 'colcon_pkg'
[0.295s] Level 1:colcon.colcon_core.package_identification:_identify(src/race_stack/planner/local_planners/spline_planner) by extensions ['colcon_meta']
[0.295s] Level 1:colcon.colcon_core.package_identification:_identify(src/race_stack/planner/local_planners/spline_planner) by extension 'colcon_meta'
[0.295s] Level 1:colcon.colcon_core.package_identification:_identify(src/race_stack/planner/local_planners/spline_planner) by extensions ['ros']
[0.295s] Level 1:colcon.colcon_core.package_identification:_identify(src/race_stack/planner/local_planners/spline_planner) by extension 'ros'
[0.296s] DEBUG:colcon.colcon_core.package_identification:Package 'src/race_stack/planner/local_planners/spline_planner' with type 'ros.ament_python' and name 'spline_planner'
[0.296s] Level 1:colcon.colcon_core.package_identification:_identify(src/race_stack/planner/misc) by extensions ['ignore', 'ignore_ament_install']
[0.296s] Level 1:colcon.colcon_core.package_identification:_identify(src/race_stack/planner/misc) by extension 'ignore'
[0.296s] Level 1:colcon.colcon_core.package_identification:_identify(src/race_stack/planner/misc) by extension 'ignore_ament_install'
[0.296s] Level 1:colcon.colcon_core.package_identification:_identify(src/race_stack/planner/misc) by extensions ['colcon_pkg']
[0.296s] Level 1:colcon.colcon_core.package_identification:_identify(src/race_stack/planner/misc) by extension 'colcon_pkg'
[0.296s] Level 1:colcon.colcon_core.package_identification:_identify(src/race_stack/planner/misc) by extensions ['colcon_meta']
[0.296s] Level 1:colcon.colcon_core.package_identification:_identify(src/race_stack/planner/misc) by extension 'colcon_meta'
[0.296s] Level 1:colcon.colcon_core.package_identification:_identify(src/race_stack/planner/misc) by extensions ['ros']
[0.296s] Level 1:colcon.colcon_core.package_identification:_identify(src/race_stack/planner/misc) by extension 'ros'
[0.296s] Level 1:colcon.colcon_core.package_identification:_identify(src/race_stack/planner/misc) by extensions ['cmake', 'python']
[0.296s] Level 1:colcon.colcon_core.package_identification:_identify(src/race_stack/planner/misc) by extension 'cmake'
[0.296s] Level 1:colcon.colcon_core.package_identification:_identify(src/race_stack/planner/misc) by extension 'python'
[0.296s] Level 1:colcon.colcon_core.package_identification:_identify(src/race_stack/planner/misc) by extensions ['python_setup_py']
[0.296s] Level 1:colcon.colcon_core.package_identification:_identify(src/race_stack/planner/misc) by extension 'python_setup_py'
[0.296s] Level 1:colcon.colcon_core.package_identification:_identify(src/race_stack/sensors) by extensions ['ignore', 'ignore_ament_install']
[0.296s] Level 1:colcon.colcon_core.package_identification:_identify(src/race_stack/sensors) by extension 'ignore'
[0.296s] Level 1:colcon.colcon_core.package_identification:_identify(src/race_stack/sensors) by extension 'ignore_ament_install'
[0.296s] Level 1:colcon.colcon_core.package_identification:_identify(src/race_stack/sensors) by extensions ['colcon_pkg']
[0.296s] Level 1:colcon.colcon_core.package_identification:_identify(src/race_stack/sensors) by extension 'colcon_pkg'
[0.296s] Level 1:colcon.colcon_core.package_identification:_identify(src/race_stack/sensors) by extensions ['colcon_meta']
[0.296s] Level 1:colcon.colcon_core.package_identification:_identify(src/race_stack/sensors) by extension 'colcon_meta'
[0.296s] Level 1:colcon.colcon_core.package_identification:_identify(src/race_stack/sensors) by extensions ['ros']
[0.296s] Level 1:colcon.colcon_core.package_identification:_identify(src/race_stack/sensors) by extension 'ros'
[0.296s] Level 1:colcon.colcon_core.package_identification:_identify(src/race_stack/sensors) by extensions ['cmake', 'python']
[0.296s] Level 1:colcon.colcon_core.package_identification:_identify(src/race_stack/sensors) by extension 'cmake'
[0.296s] Level 1:colcon.colcon_core.package_identification:_identify(src/race_stack/sensors) by extension 'python'
[0.296s] Level 1:colcon.colcon_core.package_identification:_identify(src/race_stack/sensors) by extensions ['python_setup_py']
[0.296s] Level 1:colcon.colcon_core.package_identification:_identify(src/race_stack/sensors) by extension 'python_setup_py'
[0.297s] Level 1:colcon.colcon_core.package_identification:_identify(src/race_stack/sensors/vesc) by extensions ['ignore', 'ignore_ament_install']
[0.297s] Level 1:colcon.colcon_core.package_identification:_identify(src/race_stack/sensors/vesc) by extension 'ignore'
[0.297s] Level 1:colcon.colcon_core.package_identification:_identify(src/race_stack/sensors/vesc) by extension 'ignore_ament_install'
[0.297s] Level 1:colcon.colcon_core.package_identification:_identify(src/race_stack/sensors/vesc) by extensions ['colcon_pkg']
[0.297s] Level 1:colcon.colcon_core.package_identification:_identify(src/race_stack/sensors/vesc) by extension 'colcon_pkg'
[0.297s] Level 1:colcon.colcon_core.package_identification:_identify(src/race_stack/sensors/vesc) by extensions ['colcon_meta']
[0.297s] Level 1:colcon.colcon_core.package_identification:_identify(src/race_stack/sensors/vesc) by extension 'colcon_meta'
[0.297s] Level 1:colcon.colcon_core.package_identification:_identify(src/race_stack/sensors/vesc) by extensions ['ros']
[0.297s] Level 1:colcon.colcon_core.package_identification:_identify(src/race_stack/sensors/vesc) by extension 'ros'
[0.297s] Level 1:colcon.colcon_core.package_identification:_identify(src/race_stack/sensors/vesc) by extensions ['cmake', 'python']
[0.297s] Level 1:colcon.colcon_core.package_identification:_identify(src/race_stack/sensors/vesc) by extension 'cmake'
[0.297s] Level 1:colcon.colcon_core.package_identification:_identify(src/race_stack/sensors/vesc) by extension 'python'
[0.297s] Level 1:colcon.colcon_core.package_identification:_identify(src/race_stack/sensors/vesc) by extensions ['python_setup_py']
[0.297s] Level 1:colcon.colcon_core.package_identification:_identify(src/race_stack/sensors/vesc) by extension 'python_setup_py'
[0.297s] Level 1:colcon.colcon_core.package_identification:_identify(src/race_stack/sensors/vesc/vesc) by extensions ['ignore', 'ignore_ament_install']
[0.297s] Level 1:colcon.colcon_core.package_identification:_identify(src/race_stack/sensors/vesc/vesc) by extension 'ignore'
[0.297s] Level 1:colcon.colcon_core.package_identification:_identify(src/race_stack/sensors/vesc/vesc) by extension 'ignore_ament_install'
[0.297s] Level 1:colcon.colcon_core.package_identification:_identify(src/race_stack/sensors/vesc/vesc) by extensions ['colcon_pkg']
[0.297s] Level 1:colcon.colcon_core.package_identification:_identify(src/race_stack/sensors/vesc/vesc) by extension 'colcon_pkg'
[0.297s] Level 1:colcon.colcon_core.package_identification:_identify(src/race_stack/sensors/vesc/vesc) by extensions ['colcon_meta']
[0.297s] Level 1:colcon.colcon_core.package_identification:_identify(src/race_stack/sensors/vesc/vesc) by extension 'colcon_meta'
[0.297s] Level 1:colcon.colcon_core.package_identification:_identify(src/race_stack/sensors/vesc/vesc) by extensions ['ros']
[0.297s] Level 1:colcon.colcon_core.package_identification:_identify(src/race_stack/sensors/vesc/vesc) by extension 'ros'
[0.297s] DEBUG:colcon.colcon_core.package_identification:Package 'src/race_stack/sensors/vesc/vesc' with type 'ros.ament_cmake' and name 'vesc'
[0.298s] Level 1:colcon.colcon_core.package_identification:_identify(src/race_stack/sensors/vesc/vesc_ackermann) by extensions ['ignore', 'ignore_ament_install']
[0.298s] Level 1:colcon.colcon_core.package_identification:_identify(src/race_stack/sensors/vesc/vesc_ackermann) by extension 'ignore'
[0.298s] Level 1:colcon.colcon_core.package_identification:_identify(src/race_stack/sensors/vesc/vesc_ackermann) by extension 'ignore_ament_install'
[0.298s] Level 1:colcon.colcon_core.package_identification:_identify(src/race_stack/sensors/vesc/vesc_ackermann) by extensions ['colcon_pkg']
[0.298s] Level 1:colcon.colcon_core.package_identification:_identify(src/race_stack/sensors/vesc/vesc_ackermann) by extension 'colcon_pkg'
[0.298s] Level 1:colcon.colcon_core.package_identification:_identify(src/race_stack/sensors/vesc/vesc_ackermann) by extensions ['colcon_meta']
[0.298s] Level 1:colcon.colcon_core.package_identification:_identify(src/race_stack/sensors/vesc/vesc_ackermann) by extension 'colcon_meta'
[0.298s] Level 1:colcon.colcon_core.package_identification:_identify(src/race_stack/sensors/vesc/vesc_ackermann) by extensions ['ros']
[0.298s] Level 1:colcon.colcon_core.package_identification:_identify(src/race_stack/sensors/vesc/vesc_ackermann) by extension 'ros'
[0.298s] DEBUG:colcon.colcon_core.package_identification:Package 'src/race_stack/sensors/vesc/vesc_ackermann' with type 'ros.ament_cmake' and name 'vesc_ackermann'
[0.298s] Level 1:colcon.colcon_core.package_identification:_identify(src/race_stack/sensors/vesc/vesc_driver) by extensions ['ignore', 'ignore_ament_install']
[0.299s] Level 1:colcon.colcon_core.package_identification:_identify(src/race_stack/sensors/vesc/vesc_driver) by extension 'ignore'
[0.299s] Level 1:colcon.colcon_core.package_identification:_identify(src/race_stack/sensors/vesc/vesc_driver) by extension 'ignore_ament_install'
[0.299s] Level 1:colcon.colcon_core.package_identification:_identify(src/race_stack/sensors/vesc/vesc_driver) by extensions ['colcon_pkg']
[0.299s] Level 1:colcon.colcon_core.package_identification:_identify(src/race_stack/sensors/vesc/vesc_driver) by extension 'colcon_pkg'
[0.299s] Level 1:colcon.colcon_core.package_identification:_identify(src/race_stack/sensors/vesc/vesc_driver) by extensions ['colcon_meta']
[0.299s] Level 1:colcon.colcon_core.package_identification:_identify(src/race_stack/sensors/vesc/vesc_driver) by extension 'colcon_meta'
[0.299s] Level 1:colcon.colcon_core.package_identification:_identify(src/race_stack/sensors/vesc/vesc_driver) by extensions ['ros']
[0.299s] Level 1:colcon.colcon_core.package_identification:_identify(src/race_stack/sensors/vesc/vesc_driver) by extension 'ros'
[0.299s] DEBUG:colcon.colcon_core.package_identification:Package 'src/race_stack/sensors/vesc/vesc_driver' with type 'ros.ament_cmake' and name 'vesc_driver'
[0.299s] Level 1:colcon.colcon_core.package_identification:_identify(src/race_stack/sensors/vesc/vesc_msgs) by extensions ['ignore', 'ignore_ament_install']
[0.299s] Level 1:colcon.colcon_core.package_identification:_identify(src/race_stack/sensors/vesc/vesc_msgs) by extension 'ignore'
[0.299s] Level 1:colcon.colcon_core.package_identification:_identify(src/race_stack/sensors/vesc/vesc_msgs) by extension 'ignore_ament_install'
[0.299s] Level 1:colcon.colcon_core.package_identification:_identify(src/race_stack/sensors/vesc/vesc_msgs) by extensions ['colcon_pkg']
[0.300s] Level 1:colcon.colcon_core.package_identification:_identify(src/race_stack/sensors/vesc/vesc_msgs) by extension 'colcon_pkg'
[0.300s] Level 1:colcon.colcon_core.package_identification:_identify(src/race_stack/sensors/vesc/vesc_msgs) by extensions ['colcon_meta']
[0.300s] Level 1:colcon.colcon_core.package_identification:_identify(src/race_stack/sensors/vesc/vesc_msgs) by extension 'colcon_meta'
[0.300s] Level 1:colcon.colcon_core.package_identification:_identify(src/race_stack/sensors/vesc/vesc_msgs) by extensions ['ros']
[0.300s] Level 1:colcon.colcon_core.package_identification:_identify(src/race_stack/sensors/vesc/vesc_msgs) by extension 'ros'
[0.300s] DEBUG:colcon.colcon_core.package_identification:Package 'src/race_stack/sensors/vesc/vesc_msgs' with type 'ros.ament_cmake' and name 'vesc_msgs'
[0.300s] Level 1:colcon.colcon_core.package_identification:_identify(src/race_stack/stack_master) by extensions ['ignore', 'ignore_ament_install']
[0.300s] Level 1:colcon.colcon_core.package_identification:_identify(src/race_stack/stack_master) by extension 'ignore'
[0.300s] Level 1:colcon.colcon_core.package_identification:_identify(src/race_stack/stack_master) by extension 'ignore_ament_install'
[0.300s] Level 1:colcon.colcon_core.package_identification:_identify(src/race_stack/stack_master) by extensions ['colcon_pkg']
[0.300s] Level 1:colcon.colcon_core.package_identification:_identify(src/race_stack/stack_master) by extension 'colcon_pkg'
[0.300s] Level 1:colcon.colcon_core.package_identification:_identify(src/race_stack/stack_master) by extensions ['colcon_meta']
[0.300s] Level 1:colcon.colcon_core.package_identification:_identify(src/race_stack/stack_master) by extension 'colcon_meta'
[0.300s] Level 1:colcon.colcon_core.package_identification:_identify(src/race_stack/stack_master) by extensions ['ros']
[0.300s] Level 1:colcon.colcon_core.package_identification:_identify(src/race_stack/stack_master) by extension 'ros'
[0.301s] DEBUG:colcon.colcon_core.package_identification:Package 'src/race_stack/stack_master' with type 'ros.ament_python' and name 'stack_master'
[0.301s] Level 1:colcon.colcon_core.package_identification:_identify(src/race_stack/state_estimation) by extensions ['ignore', 'ignore_ament_install']
[0.301s] Level 1:colcon.colcon_core.package_identification:_identify(src/race_stack/state_estimation) by extension 'ignore'
[0.301s] Level 1:colcon.colcon_core.package_identification:_identify(src/race_stack/state_estimation) by extension 'ignore_ament_install'
[0.301s] Level 1:colcon.colcon_core.package_identification:_identify(src/race_stack/state_estimation) by extensions ['colcon_pkg']
[0.301s] Level 1:colcon.colcon_core.package_identification:_identify(src/race_stack/state_estimation) by extension 'colcon_pkg'
[0.301s] Level 1:colcon.colcon_core.package_identification:_identify(src/race_stack/state_estimation) by extensions ['colcon_meta']
[0.301s] Level 1:colcon.colcon_core.package_identification:_identify(src/race_stack/state_estimation) by extension 'colcon_meta'
[0.301s] Level 1:colcon.colcon_core.package_identification:_identify(src/race_stack/state_estimation) by extensions ['ros']
[0.301s] Level 1:colcon.colcon_core.package_identification:_identify(src/race_stack/state_estimation) by extension 'ros'
[0.301s] DEBUG:colcon.colcon_core.package_identification:Package 'src/race_stack/state_estimation' with type 'ros.ament_python' and name 'state_estimation'
[0.301s] Level 1:colcon.colcon_core.package_identification:_identify(src/race_stack/state_machine) by extensions ['ignore', 'ignore_ament_install']
[0.301s] Level 1:colcon.colcon_core.package_identification:_identify(src/race_stack/state_machine) by extension 'ignore'
[0.301s] Level 1:colcon.colcon_core.package_identification:_identify(src/race_stack/state_machine) by extension 'ignore_ament_install'
[0.302s] Level 1:colcon.colcon_core.package_identification:_identify(src/race_stack/state_machine) by extensions ['colcon_pkg']
[0.302s] Level 1:colcon.colcon_core.package_identification:_identify(src/race_stack/state_machine) by extension 'colcon_pkg'
[0.302s] Level 1:colcon.colcon_core.package_identification:_identify(src/race_stack/state_machine) by extensions ['colcon_meta']
[0.302s] Level 1:colcon.colcon_core.package_identification:_identify(src/race_stack/state_machine) by extension 'colcon_meta'
[0.302s] Level 1:colcon.colcon_core.package_identification:_identify(src/race_stack/state_machine) by extensions ['ros']
[0.302s] Level 1:colcon.colcon_core.package_identification:_identify(src/race_stack/state_machine) by extension 'ros'
[0.302s] DEBUG:colcon.colcon_core.package_identification:Package 'src/race_stack/state_machine' with type 'ros.ament_python' and name 'state_machine'
[0.302s] Level 1:colcon.colcon_core.package_identification:_identify(src/race_stack/system_identification) by extensions ['ignore', 'ignore_ament_install']
[0.302s] Level 1:colcon.colcon_core.package_identification:_identify(src/race_stack/system_identification) by extension 'ignore'
[0.302s] Level 1:colcon.colcon_core.package_identification:_identify(src/race_stack/system_identification) by extension 'ignore_ament_install'
[0.302s] Level 1:colcon.colcon_core.package_identification:_identify(src/race_stack/system_identification) by extensions ['colcon_pkg']
[0.302s] Level 1:colcon.colcon_core.package_identification:_identify(src/race_stack/system_identification) by extension 'colcon_pkg'
[0.302s] Level 1:colcon.colcon_core.package_identification:_identify(src/race_stack/system_identification) by extensions ['colcon_meta']
[0.302s] Level 1:colcon.colcon_core.package_identification:_identify(src/race_stack/system_identification) by extension 'colcon_meta'
[0.302s] Level 1:colcon.colcon_core.package_identification:_identify(src/race_stack/system_identification) by extensions ['ros']
[0.302s] Level 1:colcon.colcon_core.package_identification:_identify(src/race_stack/system_identification) by extension 'ros'
[0.302s] Level 1:colcon.colcon_core.package_identification:_identify(src/race_stack/system_identification) by extensions ['cmake', 'python']
[0.302s] Level 1:colcon.colcon_core.package_identification:_identify(src/race_stack/system_identification) by extension 'cmake'
[0.302s] Level 1:colcon.colcon_core.package_identification:_identify(src/race_stack/system_identification) by extension 'python'
[0.302s] Level 1:colcon.colcon_core.package_identification:_identify(src/race_stack/system_identification) by extensions ['python_setup_py']
[0.302s] Level 1:colcon.colcon_core.package_identification:_identify(src/race_stack/system_identification) by extension 'python_setup_py'
[0.302s] Level 1:colcon.colcon_core.package_identification:_identify(src/race_stack/system_identification/nodes) by extensions ['ignore', 'ignore_ament_install']
[0.302s] Level 1:colcon.colcon_core.package_identification:_identify(src/race_stack/system_identification/nodes) by extension 'ignore'
[0.302s] Level 1:colcon.colcon_core.package_identification:_identify(src/race_stack/system_identification/nodes) by extension 'ignore_ament_install'
[0.303s] Level 1:colcon.colcon_core.package_identification:_identify(src/race_stack/system_identification/nodes) by extensions ['colcon_pkg']
[0.303s] Level 1:colcon.colcon_core.package_identification:_identify(src/race_stack/system_identification/nodes) by extension 'colcon_pkg'
[0.303s] Level 1:colcon.colcon_core.package_identification:_identify(src/race_stack/system_identification/nodes) by extensions ['colcon_meta']
[0.303s] Level 1:colcon.colcon_core.package_identification:_identify(src/race_stack/system_identification/nodes) by extension 'colcon_meta'
[0.303s] Level 1:colcon.colcon_core.package_identification:_identify(src/race_stack/system_identification/nodes) by extensions ['ros']
[0.303s] Level 1:colcon.colcon_core.package_identification:_identify(src/race_stack/system_identification/nodes) by extension 'ros'
[0.303s] Level 1:colcon.colcon_core.package_identification:_identify(src/race_stack/system_identification/nodes) by extensions ['cmake', 'python']
[0.303s] Level 1:colcon.colcon_core.package_identification:_identify(src/race_stack/system_identification/nodes) by extension 'cmake'
[0.303s] Level 1:colcon.colcon_core.package_identification:_identify(src/race_stack/system_identification/nodes) by extension 'python'
[0.303s] Level 1:colcon.colcon_core.package_identification:_identify(src/race_stack/system_identification/nodes) by extensions ['python_setup_py']
[0.303s] Level 1:colcon.colcon_core.package_identification:_identify(src/race_stack/system_identification/nodes) by extension 'python_setup_py'
[0.303s] Level 1:colcon.colcon_core.package_identification:_identify(src/race_stack/system_identification/nodes/id_controller) by extensions ['ignore', 'ignore_ament_install']
[0.303s] Level 1:colcon.colcon_core.package_identification:_identify(src/race_stack/system_identification/nodes/id_controller) by extension 'ignore'
[0.303s] Level 1:colcon.colcon_core.package_identification:_identify(src/race_stack/system_identification/nodes/id_controller) by extension 'ignore_ament_install'
[0.303s] Level 1:colcon.colcon_core.package_identification:_identify(src/race_stack/system_identification/nodes/id_controller) by extensions ['colcon_pkg']
[0.303s] Level 1:colcon.colcon_core.package_identification:_identify(src/race_stack/system_identification/nodes/id_controller) by extension 'colcon_pkg'
[0.303s] Level 1:colcon.colcon_core.package_identification:_identify(src/race_stack/system_identification/nodes/id_controller) by extensions ['colcon_meta']
[0.303s] Level 1:colcon.colcon_core.package_identification:_identify(src/race_stack/system_identification/nodes/id_controller) by extension 'colcon_meta'
[0.303s] Level 1:colcon.colcon_core.package_identification:_identify(src/race_stack/system_identification/nodes/id_controller) by extensions ['ros']
[0.303s] Level 1:colcon.colcon_core.package_identification:_identify(src/race_stack/system_identification/nodes/id_controller) by extension 'ros'
[0.303s] DEBUG:colcon.colcon_core.package_identification:Package 'src/race_stack/system_identification/nodes/id_controller' with type 'ros.ament_python' and name 'id_controller'
[0.303s] Level 1:colcon.colcon_core.package_identification:_identify(src/race_stack/system_identification/scripts) by extensions ['ignore', 'ignore_ament_install']
[0.303s] Level 1:colcon.colcon_core.package_identification:_identify(src/race_stack/system_identification/scripts) by extension 'ignore'
[0.303s] Level 1:colcon.colcon_core.package_identification:_identify(src/race_stack/system_identification/scripts) by extension 'ignore_ament_install'
[0.303s] Level 1:colcon.colcon_core.package_identification:_identify(src/race_stack/system_identification/scripts) by extensions ['colcon_pkg']
[0.303s] Level 1:colcon.colcon_core.package_identification:_identify(src/race_stack/system_identification/scripts) by extension 'colcon_pkg'
[0.303s] Level 1:colcon.colcon_core.package_identification:_identify(src/race_stack/system_identification/scripts) by extensions ['colcon_meta']
[0.304s] Level 1:colcon.colcon_core.package_identification:_identify(src/race_stack/system_identification/scripts) by extension 'colcon_meta'
[0.304s] Level 1:colcon.colcon_core.package_identification:_identify(src/race_stack/system_identification/scripts) by extensions ['ros']
[0.304s] Level 1:colcon.colcon_core.package_identification:_identify(src/race_stack/system_identification/scripts) by extension 'ros'
[0.304s] Level 1:colcon.colcon_core.package_identification:_identify(src/race_stack/system_identification/scripts) by extensions ['cmake', 'python']
[0.304s] Level 1:colcon.colcon_core.package_identification:_identify(src/race_stack/system_identification/scripts) by extension 'cmake'
[0.304s] Level 1:colcon.colcon_core.package_identification:_identify(src/race_stack/system_identification/scripts) by extension 'python'
[0.304s] Level 1:colcon.colcon_core.package_identification:_identify(src/race_stack/system_identification/scripts) by extensions ['python_setup_py']
[0.304s] Level 1:colcon.colcon_core.package_identification:_identify(src/race_stack/system_identification/scripts) by extension 'python_setup_py'
[0.304s] Level 1:colcon.colcon_core.package_identification:_identify(src/race_stack/system_identification/steering_lookup) by extensions ['ignore', 'ignore_ament_install']
[0.304s] Level 1:colcon.colcon_core.package_identification:_identify(src/race_stack/system_identification/steering_lookup) by extension 'ignore'
[0.304s] Level 1:colcon.colcon_core.package_identification:_identify(src/race_stack/system_identification/steering_lookup) by extension 'ignore_ament_install'
[0.304s] Level 1:colcon.colcon_core.package_identification:_identify(src/race_stack/system_identification/steering_lookup) by extensions ['colcon_pkg']
[0.304s] Level 1:colcon.colcon_core.package_identification:_identify(src/race_stack/system_identification/steering_lookup) by extension 'colcon_pkg'
[0.304s] Level 1:colcon.colcon_core.package_identification:_identify(src/race_stack/system_identification/steering_lookup) by extensions ['colcon_meta']
[0.304s] Level 1:colcon.colcon_core.package_identification:_identify(src/race_stack/system_identification/steering_lookup) by extension 'colcon_meta'
[0.304s] Level 1:colcon.colcon_core.package_identification:_identify(src/race_stack/system_identification/steering_lookup) by extensions ['ros']
[0.304s] Level 1:colcon.colcon_core.package_identification:_identify(src/race_stack/system_identification/steering_lookup) by extension 'ros'
[0.304s] DEBUG:colcon.colcon_core.package_identification:Package 'src/race_stack/system_identification/steering_lookup' with type 'ros.ament_python' and name 'steering_lookup'
[0.304s] Level 1:colcon.colcon_core.package_identification:_identify(src/race_stack/utilities) by extensions ['ignore', 'ignore_ament_install']
[0.304s] Level 1:colcon.colcon_core.package_identification:_identify(src/race_stack/utilities) by extension 'ignore'
[0.304s] Level 1:colcon.colcon_core.package_identification:_identify(src/race_stack/utilities) by extension 'ignore_ament_install'
[0.304s] Level 1:colcon.colcon_core.package_identification:_identify(src/race_stack/utilities) by extensions ['colcon_pkg']
[0.304s] Level 1:colcon.colcon_core.package_identification:_identify(src/race_stack/utilities) by extension 'colcon_pkg'
[0.304s] Level 1:colcon.colcon_core.package_identification:_identify(src/race_stack/utilities) by extensions ['colcon_meta']
[0.305s] Level 1:colcon.colcon_core.package_identification:_identify(src/race_stack/utilities) by extension 'colcon_meta'
[0.305s] Level 1:colcon.colcon_core.package_identification:_identify(src/race_stack/utilities) by extensions ['ros']
[0.305s] Level 1:colcon.colcon_core.package_identification:_identify(src/race_stack/utilities) by extension 'ros'
[0.305s] Level 1:colcon.colcon_core.package_identification:_identify(src/race_stack/utilities) by extensions ['cmake', 'python']
[0.305s] Level 1:colcon.colcon_core.package_identification:_identify(src/race_stack/utilities) by extension 'cmake'
[0.305s] Level 1:colcon.colcon_core.package_identification:_identify(src/race_stack/utilities) by extension 'python'
[0.305s] Level 1:colcon.colcon_core.package_identification:_identify(src/race_stack/utilities) by extensions ['python_setup_py']
[0.305s] Level 1:colcon.colcon_core.package_identification:_identify(src/race_stack/utilities) by extension 'python_setup_py'
[0.305s] Level 1:colcon.colcon_core.package_identification:_identify(src/race_stack/utilities/libraries) by extensions ['ignore', 'ignore_ament_install']
[0.305s] Level 1:colcon.colcon_core.package_identification:_identify(src/race_stack/utilities/libraries) by extension 'ignore'
[0.305s] Level 1:colcon.colcon_core.package_identification:_identify(src/race_stack/utilities/libraries) by extension 'ignore_ament_install'
[0.305s] Level 1:colcon.colcon_core.package_identification:_identify(src/race_stack/utilities/libraries) by extensions ['colcon_pkg']
[0.305s] Level 1:colcon.colcon_core.package_identification:_identify(src/race_stack/utilities/libraries) by extension 'colcon_pkg'
[0.305s] Level 1:colcon.colcon_core.package_identification:_identify(src/race_stack/utilities/libraries) by extensions ['colcon_meta']
[0.305s] Level 1:colcon.colcon_core.package_identification:_identify(src/race_stack/utilities/libraries) by extension 'colcon_meta'
[0.305s] Level 1:colcon.colcon_core.package_identification:_identify(src/race_stack/utilities/libraries) by extensions ['ros']
[0.305s] Level 1:colcon.colcon_core.package_identification:_identify(src/race_stack/utilities/libraries) by extension 'ros'
[0.305s] Level 1:colcon.colcon_core.package_identification:_identify(src/race_stack/utilities/libraries) by extensions ['cmake', 'python']
[0.305s] Level 1:colcon.colcon_core.package_identification:_identify(src/race_stack/utilities/libraries) by extension 'cmake'
[0.305s] Level 1:colcon.colcon_core.package_identification:_identify(src/race_stack/utilities/libraries) by extension 'python'
[0.305s] Level 1:colcon.colcon_core.package_identification:_identify(src/race_stack/utilities/libraries) by extensions ['python_setup_py']
[0.305s] Level 1:colcon.colcon_core.package_identification:_identify(src/race_stack/utilities/libraries) by extension 'python_setup_py'
[0.305s] Level 1:colcon.colcon_core.package_identification:_identify(src/race_stack/utilities/libraries/f110_msgs) by extensions ['ignore', 'ignore_ament_install']
[0.305s] Level 1:colcon.colcon_core.package_identification:_identify(src/race_stack/utilities/libraries/f110_msgs) by extension 'ignore'
[0.305s] Level 1:colcon.colcon_core.package_identification:_identify(src/race_stack/utilities/libraries/f110_msgs) by extension 'ignore_ament_install'
[0.305s] Level 1:colcon.colcon_core.package_identification:_identify(src/race_stack/utilities/libraries/f110_msgs) by extensions ['colcon_pkg']
[0.305s] Level 1:colcon.colcon_core.package_identification:_identify(src/race_stack/utilities/libraries/f110_msgs) by extension 'colcon_pkg'
[0.305s] Level 1:colcon.colcon_core.package_identification:_identify(src/race_stack/utilities/libraries/f110_msgs) by extensions ['colcon_meta']
[0.305s] Level 1:colcon.colcon_core.package_identification:_identify(src/race_stack/utilities/libraries/f110_msgs) by extension 'colcon_meta'
[0.305s] Level 1:colcon.colcon_core.package_identification:_identify(src/race_stack/utilities/libraries/f110_msgs) by extensions ['ros']
[0.305s] Level 1:colcon.colcon_core.package_identification:_identify(src/race_stack/utilities/libraries/f110_msgs) by extension 'ros'
[0.306s] DEBUG:colcon.colcon_core.package_identification:Package 'src/race_stack/utilities/libraries/f110_msgs' with type 'ros.ament_cmake' and name 'f110_msgs'
[0.306s] Level 1:colcon.colcon_core.package_identification:_identify(src/race_stack/utilities/libraries/frenet_conversion) by extensions ['ignore', 'ignore_ament_install']
[0.306s] Level 1:colcon.colcon_core.package_identification:_identify(src/race_stack/utilities/libraries/frenet_conversion) by extension 'ignore'
[0.306s] Level 1:colcon.colcon_core.package_identification:_identify(src/race_stack/utilities/libraries/frenet_conversion) by extension 'ignore_ament_install'
[0.306s] Level 1:colcon.colcon_core.package_identification:_identify(src/race_stack/utilities/libraries/frenet_conversion) by extensions ['colcon_pkg']
[0.306s] Level 1:colcon.colcon_core.package_identification:_identify(src/race_stack/utilities/libraries/frenet_conversion) by extension 'colcon_pkg'
[0.306s] Level 1:colcon.colcon_core.package_identification:_identify(src/race_stack/utilities/libraries/frenet_conversion) by extensions ['colcon_meta']
[0.306s] Level 1:colcon.colcon_core.package_identification:_identify(src/race_stack/utilities/libraries/frenet_conversion) by extension 'colcon_meta'
[0.306s] Level 1:colcon.colcon_core.package_identification:_identify(src/race_stack/utilities/libraries/frenet_conversion) by extensions ['ros']
[0.306s] Level 1:colcon.colcon_core.package_identification:_identify(src/race_stack/utilities/libraries/frenet_conversion) by extension 'ros'
[0.306s] DEBUG:colcon.colcon_core.package_identification:Package 'src/race_stack/utilities/libraries/frenet_conversion' with type 'ros.ament_python' and name 'frenet_conversion'
[0.306s] Level 1:colcon.colcon_core.package_identification:_identify(src/race_stack/utilities/nodes) by extensions ['ignore', 'ignore_ament_install']
[0.307s] Level 1:colcon.colcon_core.package_identification:_identify(src/race_stack/utilities/nodes) by extension 'ignore'
[0.307s] Level 1:colcon.colcon_core.package_identification:_identify(src/race_stack/utilities/nodes) by extension 'ignore_ament_install'
[0.307s] Level 1:colcon.colcon_core.package_identification:_identify(src/race_stack/utilities/nodes) by extensions ['colcon_pkg']
[0.307s] Level 1:colcon.colcon_core.package_identification:_identify(src/race_stack/utilities/nodes) by extension 'colcon_pkg'
[0.307s] Level 1:colcon.colcon_core.package_identification:_identify(src/race_stack/utilities/nodes) by extensions ['colcon_meta']
[0.307s] Level 1:colcon.colcon_core.package_identification:_identify(src/race_stack/utilities/nodes) by extension 'colcon_meta'
[0.307s] Level 1:colcon.colcon_core.package_identification:_identify(src/race_stack/utilities/nodes) by extensions ['ros']
[0.307s] Level 1:colcon.colcon_core.package_identification:_identify(src/race_stack/utilities/nodes) by extension 'ros'
[0.307s] Level 1:colcon.colcon_core.package_identification:_identify(src/race_stack/utilities/nodes) by extensions ['cmake', 'python']
[0.307s] Level 1:colcon.colcon_core.package_identification:_identify(src/race_stack/utilities/nodes) by extension 'cmake'
[0.307s] Level 1:colcon.colcon_core.package_identification:_identify(src/race_stack/utilities/nodes) by extension 'python'
[0.307s] Level 1:colcon.colcon_core.package_identification:_identify(src/race_stack/utilities/nodes) by extensions ['python_setup_py']
[0.307s] Level 1:colcon.colcon_core.package_identification:_identify(src/race_stack/utilities/nodes) by extension 'python_setup_py'
[0.307s] Level 1:colcon.colcon_core.package_identification:_identify(src/race_stack/utilities/nodes/frenet_odom_republisher) by extensions ['ignore', 'ignore_ament_install']
[0.307s] Level 1:colcon.colcon_core.package_identification:_identify(src/race_stack/utilities/nodes/frenet_odom_republisher) by extension 'ignore'
[0.307s] Level 1:colcon.colcon_core.package_identification:_identify(src/race_stack/utilities/nodes/frenet_odom_republisher) by extension 'ignore_ament_install'
[0.307s] Level 1:colcon.colcon_core.package_identification:_identify(src/race_stack/utilities/nodes/frenet_odom_republisher) by extensions ['colcon_pkg']
[0.307s] Level 1:colcon.colcon_core.package_identification:_identify(src/race_stack/utilities/nodes/frenet_odom_republisher) by extension 'colcon_pkg'
[0.307s] Level 1:colcon.colcon_core.package_identification:_identify(src/race_stack/utilities/nodes/frenet_odom_republisher) by extensions ['colcon_meta']
[0.307s] Level 1:colcon.colcon_core.package_identification:_identify(src/race_stack/utilities/nodes/frenet_odom_republisher) by extension 'colcon_meta'
[0.307s] Level 1:colcon.colcon_core.package_identification:_identify(src/race_stack/utilities/nodes/frenet_odom_republisher) by extensions ['ros']
[0.307s] Level 1:colcon.colcon_core.package_identification:_identify(src/race_stack/utilities/nodes/frenet_odom_republisher) by extension 'ros'
[0.307s] DEBUG:colcon.colcon_core.package_identification:Package 'src/race_stack/utilities/nodes/frenet_odom_republisher' with type 'ros.ament_python' and name 'frenet_odom_republisher'
[0.308s] Level 1:colcon.colcon_core.package_identification:_identify(src/race_stack/utilities/nodes/lap_analyser) by extensions ['ignore', 'ignore_ament_install']
[0.308s] Level 1:colcon.colcon_core.package_identification:_identify(src/race_stack/utilities/nodes/lap_analyser) by extension 'ignore'
[0.308s] Level 1:colcon.colcon_core.package_identification:_identify(src/race_stack/utilities/nodes/lap_analyser) by extension 'ignore_ament_install'
[0.308s] Level 1:colcon.colcon_core.package_identification:_identify(src/race_stack/utilities/nodes/lap_analyser) by extensions ['colcon_pkg']
[0.308s] Level 1:colcon.colcon_core.package_identification:_identify(src/race_stack/utilities/nodes/lap_analyser) by extension 'colcon_pkg'
[0.308s] Level 1:colcon.colcon_core.package_identification:_identify(src/race_stack/utilities/nodes/lap_analyser) by extensions ['colcon_meta']
[0.308s] Level 1:colcon.colcon_core.package_identification:_identify(src/race_stack/utilities/nodes/lap_analyser) by extension 'colcon_meta'
[0.308s] Level 1:colcon.colcon_core.package_identification:_identify(src/race_stack/utilities/nodes/lap_analyser) by extensions ['ros']
[0.308s] Level 1:colcon.colcon_core.package_identification:_identify(src/race_stack/utilities/nodes/lap_analyser) by extension 'ros'
[0.308s] DEBUG:colcon.colcon_core.package_identification:Package 'src/race_stack/utilities/nodes/lap_analyser' with type 'ros.ament_python' and name 'lap_analyser'
[0.308s] Level 1:colcon.colcon_core.package_identification:_identify(src/race_stack/utilities/nodes/map_editor) by extensions ['ignore', 'ignore_ament_install']
[0.308s] Level 1:colcon.colcon_core.package_identification:_identify(src/race_stack/utilities/nodes/map_editor) by extension 'ignore'
[0.308s] Level 1:colcon.colcon_core.package_identification:_identify(src/race_stack/utilities/nodes/map_editor) by extension 'ignore_ament_install'
[0.308s] Level 1:colcon.colcon_core.package_identification:_identify(src/race_stack/utilities/nodes/map_editor) by extensions ['colcon_pkg']
[0.308s] Level 1:colcon.colcon_core.package_identification:_identify(src/race_stack/utilities/nodes/map_editor) by extension 'colcon_pkg'
[0.308s] Level 1:colcon.colcon_core.package_identification:_identify(src/race_stack/utilities/nodes/map_editor) by extensions ['colcon_meta']
[0.308s] Level 1:colcon.colcon_core.package_identification:_identify(src/race_stack/utilities/nodes/map_editor) by extension 'colcon_meta'
[0.308s] Level 1:colcon.colcon_core.package_identification:_identify(src/race_stack/utilities/nodes/map_editor) by extensions ['ros']
[0.308s] Level 1:colcon.colcon_core.package_identification:_identify(src/race_stack/utilities/nodes/map_editor) by extension 'ros'
[0.309s] DEBUG:colcon.colcon_core.package_identification:Package 'src/race_stack/utilities/nodes/map_editor' with type 'ros.ament_python' and name 'map_editor'
[0.309s] Level 1:colcon.colcon_core.package_identification:_identify(src/race_stack/utilities/nodes/opponent_publisher) by extensions ['ignore', 'ignore_ament_install']
[0.309s] Level 1:colcon.colcon_core.package_identification:_identify(src/race_stack/utilities/nodes/opponent_publisher) by extension 'ignore'
[0.309s] Level 1:colcon.colcon_core.package_identification:_identify(src/race_stack/utilities/nodes/opponent_publisher) by extension 'ignore_ament_install'
[0.309s] Level 1:colcon.colcon_core.package_identification:_identify(src/race_stack/utilities/nodes/opponent_publisher) by extensions ['colcon_pkg']
[0.309s] Level 1:colcon.colcon_core.package_identification:_identify(src/race_stack/utilities/nodes/opponent_publisher) by extension 'colcon_pkg'
[0.309s] Level 1:colcon.colcon_core.package_identification:_identify(src/race_stack/utilities/nodes/opponent_publisher) by extensions ['colcon_meta']
[0.309s] Level 1:colcon.colcon_core.package_identification:_identify(src/race_stack/utilities/nodes/opponent_publisher) by extension 'colcon_meta'
[0.309s] Level 1:colcon.colcon_core.package_identification:_identify(src/race_stack/utilities/nodes/opponent_publisher) by extensions ['ros']
[0.309s] Level 1:colcon.colcon_core.package_identification:_identify(src/race_stack/utilities/nodes/opponent_publisher) by extension 'ros'
[0.310s] DEBUG:colcon.colcon_core.package_identification:Package 'src/race_stack/utilities/nodes/opponent_publisher' with type 'ros.ament_python' and name 'opponent_publisher'
[0.310s] Level 1:colcon.colcon_core.package_identification:_identify(src/race_stack/utilities/nodes/sector_tuner) by extensions ['ignore', 'ignore_ament_install']
[0.310s] Level 1:colcon.colcon_core.package_identification:_identify(src/race_stack/utilities/nodes/sector_tuner) by extension 'ignore'
[0.310s] Level 1:colcon.colcon_core.package_identification:_identify(src/race_stack/utilities/nodes/sector_tuner) by extension 'ignore_ament_install'
[0.310s] Level 1:colcon.colcon_core.package_identification:_identify(src/race_stack/utilities/nodes/sector_tuner) by extensions ['colcon_pkg']
[0.310s] Level 1:colcon.colcon_core.package_identification:_identify(src/race_stack/utilities/nodes/sector_tuner) by extension 'colcon_pkg'
[0.310s] Level 1:colcon.colcon_core.package_identification:_identify(src/race_stack/utilities/nodes/sector_tuner) by extensions ['colcon_meta']
[0.310s] Level 1:colcon.colcon_core.package_identification:_identify(src/race_stack/utilities/nodes/sector_tuner) by extension 'colcon_meta'
[0.310s] Level 1:colcon.colcon_core.package_identification:_identify(src/race_stack/utilities/nodes/sector_tuner) by extensions ['ros']
[0.310s] Level 1:colcon.colcon_core.package_identification:_identify(src/race_stack/utilities/nodes/sector_tuner) by extension 'ros'
[0.310s] DEBUG:colcon.colcon_core.package_identification:Package 'src/race_stack/utilities/nodes/sector_tuner' with type 'ros.ament_python' and name 'sector_tuner'
[0.310s] Level 1:colcon.colcon_core.package_identification:_identify(src/race_stack/utilities/nodes/slam_tuner) by extensions ['ignore', 'ignore_ament_install']
[0.310s] Level 1:colcon.colcon_core.package_identification:_identify(src/race_stack/utilities/nodes/slam_tuner) by extension 'ignore'
[0.310s] Level 1:colcon.colcon_core.package_identification:_identify(src/race_stack/utilities/nodes/slam_tuner) by extension 'ignore_ament_install'
[0.310s] Level 1:colcon.colcon_core.package_identification:_identify(src/race_stack/utilities/nodes/slam_tuner) by extensions ['colcon_pkg']
[0.310s] Level 1:colcon.colcon_core.package_identification:_identify(src/race_stack/utilities/nodes/slam_tuner) by extension 'colcon_pkg'
[0.310s] Level 1:colcon.colcon_core.package_identification:_identify(src/race_stack/utilities/nodes/slam_tuner) by extensions ['colcon_meta']
[0.310s] Level 1:colcon.colcon_core.package_identification:_identify(src/race_stack/utilities/nodes/slam_tuner) by extension 'colcon_meta'
[0.310s] Level 1:colcon.colcon_core.package_identification:_identify(src/race_stack/utilities/nodes/slam_tuner) by extensions ['ros']
[0.310s] Level 1:colcon.colcon_core.package_identification:_identify(src/race_stack/utilities/nodes/slam_tuner) by extension 'ros'
[0.311s] DEBUG:colcon.colcon_core.package_identification:Package 'src/race_stack/utilities/nodes/slam_tuner' with type 'ros.ament_python' and name 'slam_tuner'
[0.311s] Level 1:colcon.colcon_core.package_identification:_identify(src/race_stack/utilities/nodes/sombrero_visualization) by extensions ['ignore', 'ignore_ament_install']
[0.311s] Level 1:colcon.colcon_core.package_identification:_identify(src/race_stack/utilities/nodes/sombrero_visualization) by extension 'ignore'
[0.311s] Level 1:colcon.colcon_core.package_identification:_identify(src/race_stack/utilities/nodes/sombrero_visualization) by extension 'ignore_ament_install'
[0.311s] Level 1:colcon.colcon_core.package_identification:_identify(src/race_stack/utilities/nodes/sombrero_visualization) by extensions ['colcon_pkg']
[0.311s] Level 1:colcon.colcon_core.package_identification:_identify(src/race_stack/utilities/nodes/sombrero_visualization) by extension 'colcon_pkg'
[0.311s] Level 1:colcon.colcon_core.package_identification:_identify(src/race_stack/utilities/nodes/sombrero_visualization) by extensions ['colcon_meta']
[0.311s] Level 1:colcon.colcon_core.package_identification:_identify(src/race_stack/utilities/nodes/sombrero_visualization) by extension 'colcon_meta'
[0.311s] Level 1:colcon.colcon_core.package_identification:_identify(src/race_stack/utilities/nodes/sombrero_visualization) by extensions ['ros']
[0.311s] Level 1:colcon.colcon_core.package_identification:_identify(src/race_stack/utilities/nodes/sombrero_visualization) by extension 'ros'
[0.311s] Level 1:colcon.colcon_core.package_identification:_identify(src/race_stack/utilities/nodes/sombrero_visualization) by extensions ['cmake', 'python']
[0.311s] Level 1:colcon.colcon_core.package_identification:_identify(src/race_stack/utilities/nodes/sombrero_visualization) by extension 'cmake'
[0.311s] Level 1:colcon.colcon_core.package_identification:_identify(src/race_stack/utilities/nodes/sombrero_visualization) by extension 'python'
[0.311s] Level 1:colcon.colcon_core.package_identification:_identify(src/race_stack/utilities/nodes/sombrero_visualization) by extensions ['python_setup_py']
[0.311s] Level 1:colcon.colcon_core.package_identification:_identify(src/race_stack/utilities/nodes/sombrero_visualization) by extension 'python_setup_py'
[0.311s] Level 1:colcon.colcon_core.package_identification:_identify(tools) by extensions ['ignore', 'ignore_ament_install']
[0.311s] Level 1:colcon.colcon_core.package_identification:_identify(tools) by extension 'ignore'
[0.311s] Level 1:colcon.colcon_core.package_identification:_identify(tools) by extension 'ignore_ament_install'
[0.311s] Level 1:colcon.colcon_core.package_identification:_identify(tools) by extensions ['colcon_pkg']
[0.311s] Level 1:colcon.colcon_core.package_identification:_identify(tools) by extension 'colcon_pkg'
[0.311s] Level 1:colcon.colcon_core.package_identification:_identify(tools) by extensions ['colcon_meta']
[0.311s] Level 1:colcon.colcon_core.package_identification:_identify(tools) by extension 'colcon_meta'
[0.311s] Level 1:colcon.colcon_core.package_identification:_identify(tools) by extensions ['ros']
[0.312s] Level 1:colcon.colcon_core.package_identification:_identify(tools) by extension 'ros'
[0.312s] Level 1:colcon.colcon_core.package_identification:_identify(tools) by extensions ['cmake', 'python']
[0.312s] Level 1:colcon.colcon_core.package_identification:_identify(tools) by extension 'cmake'
[0.312s] Level 1:colcon.colcon_core.package_identification:_identify(tools) by extension 'python'
[0.312s] Level 1:colcon.colcon_core.package_identification:_identify(tools) by extensions ['python_setup_py']
[0.312s] Level 1:colcon.colcon_core.package_identification:_identify(tools) by extension 'python_setup_py'
[0.312s] Level 1:colcon.colcon_core.package_discovery:discover_packages(recursive) using defaults
[0.312s] Level 1:colcon.colcon_core.package_discovery:discover_packages(ignore) discover
[0.312s] Level 1:colcon.colcon_core.package_discovery:discover_packages(ignore) using defaults
[0.312s] Level 1:colcon.colcon_core.package_discovery:discover_packages(path) discover
[0.312s] Level 1:colcon.colcon_core.package_discovery:discover_packages(path) using defaults
[0.332s] INFO:colcon.colcon_core.package_selection:Skipping not selected package 'ackermann_mux' in 'src/race_stack/base_system/f1tenth_system/ackermann_mux'
[0.332s] INFO:colcon.colcon_core.package_selection:Skipping not selected package 'controller' in 'src/race_stack/controller'
[0.332s] INFO:colcon.colcon_core.package_selection:Skipping not selected package 'f110_msgs' in 'src/race_stack/utilities/libraries/f110_msgs'
[0.332s] INFO:colcon.colcon_core.package_selection:Skipping not selected package 'f1tenth_gym_ros' in 'src/race_stack/base_system/f110_simulator/f1tenth_gym_ros'
[0.332s] INFO:colcon.colcon_core.package_selection:Skipping not selected package 'frenet_conversion' in 'src/race_stack/utilities/libraries/frenet_conversion'
[0.332s] INFO:colcon.colcon_core.package_selection:Skipping not selected package 'frenet_odom_republisher' in 'src/race_stack/utilities/nodes/frenet_odom_republisher'
[0.332s] INFO:colcon.colcon_core.package_selection:Skipping not selected package 'global_planner' in 'src/race_stack/planner/global_planner'
[0.332s] INFO:colcon.colcon_core.package_selection:Skipping not selected package 'id_controller' in 'src/race_stack/system_identification/nodes/id_controller'
[0.332s] INFO:colcon.colcon_core.package_selection:Skipping not selected package 'key_teleop' in 'src/race_stack/base_system/f1tenth_system/teleop_tools/key_teleop'
[0.332s] INFO:colcon.colcon_core.package_selection:Skipping not selected package 'lap_analyser' in 'src/race_stack/utilities/nodes/lap_analyser'
[0.332s] INFO:colcon.colcon_core.package_selection:Skipping not selected package 'mouse_teleop' in 'src/race_stack/base_system/f1tenth_system/teleop_tools/mouse_teleop'
[0.332s] INFO:colcon.colcon_core.package_selection:Skipping not selected package 'opponent_publisher' in 'src/race_stack/utilities/nodes/opponent_publisher'
[0.332s] INFO:colcon.colcon_core.package_selection:Skipping not selected package 'perception' in 'src/race_stack/perception'
[0.332s] INFO:colcon.colcon_core.package_selection:Skipping not selected package 'sector_tuner' in 'src/race_stack/utilities/nodes/sector_tuner'
[0.332s] INFO:colcon.colcon_core.package_selection:Skipping not selected package 'state_estimation' in 'src/race_stack/state_estimation'
[0.332s] INFO:colcon.colcon_core.package_selection:Skipping not selected package 'state_machine' in 'src/race_stack/state_machine'
[0.332s] INFO:colcon.colcon_core.package_selection:Skipping not selected package 'steering_lookup' in 'src/race_stack/system_identification/steering_lookup'
[0.332s] INFO:colcon.colcon_core.package_selection:Skipping not selected package 'teleop_tools_msgs' in 'src/race_stack/base_system/f1tenth_system/teleop_tools/teleop_tools_msgs'
[0.332s] INFO:colcon.colcon_core.package_selection:Skipping not selected package 'vesc_msgs' in 'src/race_stack/sensors/vesc/vesc_msgs'
[0.332s] INFO:colcon.colcon_core.package_selection:Skipping not selected package 'joy_teleop' in 'src/race_stack/base_system/f1tenth_system/teleop_tools/joy_teleop'
[0.332s] INFO:colcon.colcon_core.package_selection:Skipping not selected package 'map_editor' in 'src/race_stack/utilities/nodes/map_editor'
[0.332s] INFO:colcon.colcon_core.package_selection:Skipping not selected package 'slam_tuner' in 'src/race_stack/utilities/nodes/slam_tuner'
[0.332s] INFO:colcon.colcon_core.package_selection:Skipping not selected package 'spline_planner' in 'src/race_stack/planner/local_planners/spline_planner'
[0.332s] INFO:colcon.colcon_core.package_selection:Skipping not selected package 'vesc_ackermann' in 'src/race_stack/sensors/vesc/vesc_ackermann'
[0.332s] INFO:colcon.colcon_core.package_selection:Skipping not selected package 'vesc_driver' in 'src/race_stack/sensors/vesc/vesc_driver'
[0.332s] INFO:colcon.colcon_core.package_selection:Skipping not selected package 'teleop_tools' in 'src/race_stack/base_system/f1tenth_system/teleop_tools/teleop_tools'
[0.332s] INFO:colcon.colcon_core.package_selection:Skipping not selected package 'vesc' in 'src/race_stack/sensors/vesc/vesc'
[0.332s] INFO:colcon.colcon_core.package_selection:Skipping not selected package 'f1tenth_stack' in 'src/race_stack/base_system/f1tenth_system/f1tenth_stack'
[0.332s] Level 1:colcon.colcon_core.package_discovery:discover_packages(prefix_path) check parameters
[0.332s] Level 1:colcon.colcon_core.package_discovery:discover_packages(prefix_path) discover
[0.334s] DEBUG:colcon.colcon_installed_package_information.package_discovery:Found 29 installed packages in /home/hanjh/F1_TENTH_UNITA/install
[0.335s] DEBUG:colcon.colcon_installed_package_information.package_discovery:Found 13 installed packages in /home/hanjh/ros2_ws/install
[0.336s] DEBUG:colcon.colcon_installed_package_information.package_discovery:Found 542 installed packages in /opt/ros/humble
[0.338s] Level 1:colcon.colcon_core.package_discovery:discover_packages(prefix_path) using defaults
[0.373s] WARNING:colcon.colcon_core.package_selection:Some selected packages are already built in one or more underlay workspaces:
	'stack_master' is in: /home/hanjh/F1_TENTH_UNITA/install/stack_master
If a package in a merged underlay workspace is overridden and it installs headers, then all packages in the overlay must sort their include directories by workspace order. Failure to do so may result in build failures or undefined behavior at run time.
If the overridden package is used by another package in any underlay, then the overriding package in the overlay must be API and ABI compatible or undefined behavior at run time may occur.

If you understand the risks and want to override a package anyways, add the following to the command line:
	--allow-overriding stack_master

This may be promoted to an error in a future release of colcon-override-check.
[0.374s] Level 5:colcon.colcon_core.verb:set package 'stack_master' build argument 'cmake_args' from command line to 'None'
[0.374s] Level 5:colcon.colcon_core.verb:set package 'stack_master' build argument 'cmake_target' from command line to 'None'
[0.374s] Level 5:colcon.colcon_core.verb:set package 'stack_master' build argument 'cmake_target_skip_unavailable' from command line to 'False'
[0.374s] Level 5:colcon.colcon_core.verb:set package 'stack_master' build argument 'cmake_clean_cache' from command line to 'False'
[0.374s] Level 5:colcon.colcon_core.verb:set package 'stack_master' build argument 'cmake_clean_first' from command line to 'False'
[0.374s] Level 5:colcon.colcon_core.verb:set package 'stack_master' build argument 'cmake_force_configure' from command line to 'False'
[0.374s] Level 5:colcon.colcon_core.verb:set package 'stack_master' build argument 'ament_cmake_args' from command line to 'None'
[0.374s] Level 5:colcon.colcon_core.verb:set package 'stack_master' build argument 'catkin_cmake_args' from command line to 'None'
[0.374s] Level 5:colcon.colcon_core.verb:set package 'stack_master' build argument 'catkin_skip_building_tests' from command line to 'False'
[0.374s] DEBUG:colcon.colcon_core.verb:Building package 'stack_master' with the following arguments: {'ament_cmake_args': None, 'build_base': '/home/hanjh/F1_TENTH_UNITA/build/stack_master', 'catkin_cmake_args': None, 'catkin_skip_building_tests': False, 'cmake_args': None, 'cmake_clean_cache': False, 'cmake_clean_first': False, 'cmake_force_configure': False, 'cmake_target': None, 'cmake_target_skip_unavailable': False, 'install_base': '/home/hanjh/F1_TENTH_UNITA/install/stack_master', 'merge_install': False, 'path': '/home/hanjh/F1_TENTH_UNITA/src/race_stack/stack_master', 'symlink_install': True, 'test_result_base': None}
[0.374s] INFO:colcon.colcon_core.executor:Executing jobs using 'parallel' executor
[0.376s] DEBUG:colcon.colcon_parallel_executor.executor.parallel:run_until_complete
[0.376s] INFO:colcon.colcon_ros.task.ament_python.build:Building ROS package in '/home/hanjh/F1_TENTH_UNITA/src/race_stack/stack_master' with build type 'ament_python'
[0.376s] Level 1:colcon.colcon_core.shell:create_environment_hook('stack_master', 'ament_prefix_path')
[0.378s] INFO:colcon.colcon_core.plugin_system:Skipping extension 'colcon_core.shell.bat': Not used on non-Windows systems
[0.379s] INFO:colcon.colcon_core.shell:Creating environment hook '/home/hanjh/F1_TENTH_UNITA/install/stack_master/share/stack_master/hook/ament_prefix_path.ps1'
[0.379s] INFO:colcon.colcon_core.shell:Creating environment descriptor '/home/hanjh/F1_TENTH_UNITA/install/stack_master/share/stack_master/hook/ament_prefix_path.dsv'
[0.379s] INFO:colcon.colcon_core.shell:Creating environment hook '/home/hanjh/F1_TENTH_UNITA/install/stack_master/share/stack_master/hook/ament_prefix_path.sh'
[0.380s] INFO:colcon.colcon_core.shell:Skip shell extension 'powershell' for command environment: Not usable outside of PowerShell
[0.380s] DEBUG:colcon.colcon_core.shell:Skip shell extension 'dsv' for command environment
[0.645s] INFO:colcon.colcon_core.task.python.build:Building Python package in '/home/hanjh/F1_TENTH_UNITA/src/race_stack/stack_master'
[0.645s] INFO:colcon.colcon_core.shell:Skip shell extension 'powershell' for command environment: Not usable outside of PowerShell
[0.645s] DEBUG:colcon.colcon_core.shell:Skip shell extension 'dsv' for command environment
[0.985s] DEBUG:colcon.colcon_core.event_handler.log_command:Invoking command in '/home/hanjh/F1_TENTH_UNITA/build/stack_master': PYTHONPATH=/home/hanjh/F1_TENTH_UNITA/build/stack_master/prefix_override:/usr/lib/python3/dist-packages/colcon_core/task/python/colcon_distutils_commands:/home/hanjh/F1_TENTH_UNITA/install/stack_master/lib/python3.10/site-packages:${PYTHONPATH} /usr/bin/python3 -W ignore:setup.py install is deprecated -W ignore:easy_install command is deprecated setup.py develop --editable --build-directory /home/hanjh/F1_TENTH_UNITA/build/stack_master/build --no-deps symlink_data
[1.461s] Level 1:colcon.colcon_core.shell:create_environment_hook('stack_master', 'pythonpath_develop')
[1.462s] INFO:colcon.colcon_core.shell:Creating environment hook '/home/hanjh/F1_TENTH_UNITA/build/stack_master/share/stack_master/hook/pythonpath_develop.ps1'
[1.462s] DEBUG:colcon.colcon_core.event_handler.log_command:Invoked command in '/home/hanjh/F1_TENTH_UNITA/build/stack_master' returned '0': PYTHONPATH=/home/hanjh/F1_TENTH_UNITA/build/stack_master/prefix_override:/usr/lib/python3/dist-packages/colcon_core/task/python/colcon_distutils_commands:/home/hanjh/F1_TENTH_UNITA/install/stack_master/lib/python3.10/site-packages:${PYTHONPATH} /usr/bin/python3 -W ignore:setup.py install is deprecated -W ignore:easy_install command is deprecated setup.py develop --editable --build-directory /home/hanjh/F1_TENTH_UNITA/build/stack_master/build --no-deps symlink_data
[1.462s] INFO:colcon.colcon_core.shell:Creating environment descriptor '/home/hanjh/F1_TENTH_UNITA/build/stack_master/share/stack_master/hook/pythonpath_develop.dsv'
[1.462s] INFO:colcon.colcon_core.shell:Creating environment hook '/home/hanjh/F1_TENTH_UNITA/build/stack_master/share/stack_master/hook/pythonpath_develop.sh'
[1.465s] Level 1:colcon.colcon_core.environment:checking '/home/hanjh/F1_TENTH_UNITA/install/stack_master' for CMake module files
[1.465s] Level 1:colcon.colcon_core.environment:checking '/home/hanjh/F1_TENTH_UNITA/install/stack_master' for CMake config files
[1.466s] Level 1:colcon.colcon_core.environment:checking '/home/hanjh/F1_TENTH_UNITA/install/stack_master/lib'
[1.466s] Level 1:colcon.colcon_core.environment:checking '/home/hanjh/F1_TENTH_UNITA/install/stack_master/bin'
[1.466s] Level 1:colcon.colcon_core.environment:checking '/home/hanjh/F1_TENTH_UNITA/install/stack_master/lib/pkgconfig/stack_master.pc'
[1.466s] Level 1:colcon.colcon_core.environment:checking '/home/hanjh/F1_TENTH_UNITA/install/stack_master/lib/python3.10/site-packages'
[1.466s] Level 1:colcon.colcon_core.shell:create_environment_hook('stack_master', 'pythonpath')
[1.466s] INFO:colcon.colcon_core.shell:Creating environment hook '/home/hanjh/F1_TENTH_UNITA/install/stack_master/share/stack_master/hook/pythonpath.ps1'
[1.466s] INFO:colcon.colcon_core.shell:Creating environment descriptor '/home/hanjh/F1_TENTH_UNITA/install/stack_master/share/stack_master/hook/pythonpath.dsv'
[1.467s] INFO:colcon.colcon_core.shell:Creating environment hook '/home/hanjh/F1_TENTH_UNITA/install/stack_master/share/stack_master/hook/pythonpath.sh'
[1.467s] Level 1:colcon.colcon_core.environment:checking '/home/hanjh/F1_TENTH_UNITA/install/stack_master/bin'
[1.467s] Level 1:colcon.colcon_core.environment:create_environment_scripts_only(stack_master)
[1.467s] INFO:colcon.colcon_core.shell:Creating package script '/home/hanjh/F1_TENTH_UNITA/install/stack_master/share/stack_master/package.ps1'
[1.468s] INFO:colcon.colcon_core.shell:Creating package descriptor '/home/hanjh/F1_TENTH_UNITA/install/stack_master/share/stack_master/package.dsv'
[1.468s] INFO:colcon.colcon_core.shell:Creating package script '/home/hanjh/F1_TENTH_UNITA/install/stack_master/share/stack_master/package.sh'
[1.469s] INFO:colcon.colcon_core.shell:Creating package script '/home/hanjh/F1_TENTH_UNITA/install/stack_master/share/stack_master/package.bash'
[1.469s] INFO:colcon.colcon_core.shell:Creating package script '/home/hanjh/F1_TENTH_UNITA/install/stack_master/share/stack_master/package.zsh'
[1.469s] Level 1:colcon.colcon_core.environment:create_file_with_runtime_dependencies(/home/hanjh/F1_TENTH_UNITA/install/stack_master/share/colcon-core/packages/stack_master)
[1.470s] DEBUG:colcon.colcon_parallel_executor.executor.parallel:closing loop
[1.470s] DEBUG:colcon.colcon_parallel_executor.executor.parallel:loop closed
[1.470s] DEBUG:colcon.colcon_parallel_executor.executor.parallel:run_until_complete finished with '0'
[1.470s] DEBUG:colcon.colcon_core.event_reactor:joining thread
[1.474s] INFO:colcon.colcon_core.plugin_system:Skipping extension 'colcon_notification.desktop_notification.terminal_notifier': Not used on non-Darwin systems
[1.474s] INFO:colcon.colcon_core.plugin_system:Skipping extension 'colcon_notification.desktop_notification.win32': Not used on non-Windows systems
[1.474s] INFO:colcon.colcon_notification.desktop_notification:Sending desktop notification using 'notify2'
[1.485s] DEBUG:colcon.colcon_core.event_reactor:joined thread
[1.485s] INFO:colcon.colcon_core.shell:Creating prefix script '/home/hanjh/F1_TENTH_UNITA/install/local_setup.ps1'
[1.486s] INFO:colcon.colcon_core.shell:Creating prefix util module '/home/hanjh/F1_TENTH_UNITA/install/_local_setup_util_ps1.py'
[1.488s] INFO:colcon.colcon_core.shell:Creating prefix chain script '/home/hanjh/F1_TENTH_UNITA/install/setup.ps1'
[1.490s] INFO:colcon.colcon_core.shell:Creating prefix script '/home/hanjh/F1_TENTH_UNITA/install/local_setup.sh'
[1.490s] INFO:colcon.colcon_core.shell:Creating prefix util module '/home/hanjh/F1_TENTH_UNITA/install/_local_setup_util_sh.py'
[1.491s] INFO:colcon.colcon_core.shell:Creating prefix chain script '/home/hanjh/F1_TENTH_UNITA/install/setup.sh'
[1.492s] INFO:colcon.colcon_core.shell:Creating prefix script '/home/hanjh/F1_TENTH_UNITA/install/local_setup.bash'
[1.493s] INFO:colcon.colcon_core.shell:Creating prefix chain script '/home/hanjh/F1_TENTH_UNITA/install/setup.bash'
[1.494s] INFO:colcon.colcon_core.shell:Creating prefix script '/home/hanjh/F1_TENTH_UNITA/install/local_setup.zsh'
[1.494s] INFO:colcon.colcon_core.shell:Creating prefix chain script '/home/hanjh/F1_TENTH_UNITA/install/setup.zsh'
