[0.134s] DEBUG:colcon:Command line arguments: ['/usr/bin/colcon', 'build', '--symlink-install']
[0.134s] DEBUG:colcon:Parsed command line arguments: Namespace(log_base=None, log_level=None, verb_name='build', build_base='build', install_base='install', merge_install=False, symlink_install=True, test_result_base=None, continue_on_error=False, executor='parallel', parallel_workers=16, event_handlers=None, ignore_user_meta=False, metas=['./colcon.meta'], base_paths=['.'], packages_ignore=None, packages_ignore_regex=None, paths=None, packages_up_to=None, packages_up_to_regex=None, packages_above=None, packages_above_and_dependencies=None, packages_above_depth=None, packages_select_by_dep=None, packages_skip_by_dep=None, packages_skip_up_to=None, packages_select_build_failed=False, packages_skip_build_finished=False, packages_select_test_failures=False, packages_skip_test_passed=False, packages_select=None, packages_skip=None, packages_select_regex=None, packages_skip_regex=None, packages_start=None, packages_end=None, allow_overriding=[], cmake_args=None, cmake_target=None, cmake_target_skip_unavailable=False, cmake_clean_cache=False, cmake_clean_first=False, cmake_force_configure=False, ament_cmake_args=None, catkin_cmake_args=None, catkin_skip_building_tests=False, verb_parser=<colcon_defaults.argument_parser.defaults.DefaultArgumentsDecorator object at 0x70adf84f4d00>, verb_extension=<colcon_core.verb.build.BuildVerb object at 0x70adf84619f0>, main=<bound method BuildVerb.main of <colcon_core.verb.build.BuildVerb object at 0x70adf84619f0>>)
[0.327s] Level 1:colcon.colcon_core.package_discovery:discover_packages(colcon_meta) check parameters
[0.327s] Level 1:colcon.colcon_core.package_discovery:discover_packages(recursive) check parameters
[0.327s] Level 1:colcon.colcon_core.package_discovery:discover_packages(ignore) check parameters
[0.327s] Level 1:colcon.colcon_core.package_discovery:discover_packages(path) check parameters
[0.327s] Level 1:colcon.colcon_core.package_discovery:discover_packages(colcon_meta) discover
[0.327s] Level 1:colcon.colcon_core.package_discovery:discover_packages(recursive) discover
[0.327s] INFO:colcon.colcon_core.package_discovery:Crawling recursively for packages in '/home/hanjh/F1_TENTH_UNITA'
[0.327s] Level 1:colcon.colcon_core.package_identification:_identify(.) by extensions ['ignore', 'ignore_ament_install']
[0.327s] Level 1:colcon.colcon_core.package_identification:_identify(.) by extension 'ignore'
[0.328s] Level 1:colcon.colcon_core.package_identification:_identify(.) by extension 'ignore_ament_install'
[0.328s] Level 1:colcon.colcon_core.package_identification:_identify(.) by extensions ['colcon_pkg']
[0.328s] Level 1:colcon.colcon_core.package_identification:_identify(.) by extension 'colcon_pkg'
[0.328s] Level 1:colcon.colcon_core.package_identification:_identify(.) by extensions ['colcon_meta']
[0.328s] Level 1:colcon.colcon_core.package_identification:_identify(.) by extension 'colcon_meta'
[0.328s] Level 1:colcon.colcon_core.package_identification:_identify(.) by extensions ['ros']
[0.328s] Level 1:colcon.colcon_core.package_identification:_identify(.) by extension 'ros'
[0.350s] Level 1:colcon.colcon_core.package_identification:_identify(.) by extensions ['cmake', 'python']
[0.350s] Level 1:colcon.colcon_core.package_identification:_identify(.) by extension 'cmake'
[0.350s] Level 1:colcon.colcon_core.package_identification:_identify(.) by extension 'python'
[0.350s] Level 1:colcon.colcon_core.package_identification:_identify(.) by extensions ['python_setup_py']
[0.350s] Level 1:colcon.colcon_core.package_identification:_identify(.) by extension 'python_setup_py'
[0.350s] Level 1:colcon.colcon_core.package_identification:_identify(build) by extensions ['ignore', 'ignore_ament_install']
[0.350s] Level 1:colcon.colcon_core.package_identification:_identify(build) by extension 'ignore'
[0.350s] Level 1:colcon.colcon_core.package_identification:_identify(build) ignored
[0.350s] Level 1:colcon.colcon_core.package_identification:_identify(data) by extensions ['ignore', 'ignore_ament_install']
[0.350s] Level 1:colcon.colcon_core.package_identification:_identify(data) by extension 'ignore'
[0.350s] Level 1:colcon.colcon_core.package_identification:_identify(data) by extension 'ignore_ament_install'
[0.350s] Level 1:colcon.colcon_core.package_identification:_identify(data) by extensions ['colcon_pkg']
[0.350s] Level 1:colcon.colcon_core.package_identification:_identify(data) by extension 'colcon_pkg'
[0.350s] Level 1:colcon.colcon_core.package_identification:_identify(data) by extensions ['colcon_meta']
[0.350s] Level 1:colcon.colcon_core.package_identification:_identify(data) by extension 'colcon_meta'
[0.350s] Level 1:colcon.colcon_core.package_identification:_identify(data) by extensions ['ros']
[0.350s] Level 1:colcon.colcon_core.package_identification:_identify(data) by extension 'ros'
[0.351s] Level 1:colcon.colcon_core.package_identification:_identify(data) by extensions ['cmake', 'python']
[0.351s] Level 1:colcon.colcon_core.package_identification:_identify(data) by extension 'cmake'
[0.351s] Level 1:colcon.colcon_core.package_identification:_identify(data) by extension 'python'
[0.351s] Level 1:colcon.colcon_core.package_identification:_identify(data) by extensions ['python_setup_py']
[0.351s] Level 1:colcon.colcon_core.package_identification:_identify(data) by extension 'python_setup_py'
[0.351s] Level 1:colcon.colcon_core.package_identification:_identify(data/lap_analyser) by extensions ['ignore', 'ignore_ament_install']
[0.351s] Level 1:colcon.colcon_core.package_identification:_identify(data/lap_analyser) by extension 'ignore'
[0.351s] Level 1:colcon.colcon_core.package_identification:_identify(data/lap_analyser) by extension 'ignore_ament_install'
[0.351s] Level 1:colcon.colcon_core.package_identification:_identify(data/lap_analyser) by extensions ['colcon_pkg']
[0.351s] Level 1:colcon.colcon_core.package_identification:_identify(data/lap_analyser) by extension 'colcon_pkg'
[0.351s] Level 1:colcon.colcon_core.package_identification:_identify(data/lap_analyser) by extensions ['colcon_meta']
[0.351s] Level 1:colcon.colcon_core.package_identification:_identify(data/lap_analyser) by extension 'colcon_meta'
[0.351s] Level 1:colcon.colcon_core.package_identification:_identify(data/lap_analyser) by extensions ['ros']
[0.351s] Level 1:colcon.colcon_core.package_identification:_identify(data/lap_analyser) by extension 'ros'
[0.351s] Level 1:colcon.colcon_core.package_identification:_identify(data/lap_analyser) by extensions ['cmake', 'python']
[0.351s] Level 1:colcon.colcon_core.package_identification:_identify(data/lap_analyser) by extension 'cmake'
[0.351s] Level 1:colcon.colcon_core.package_identification:_identify(data/lap_analyser) by extension 'python'
[0.351s] Level 1:colcon.colcon_core.package_identification:_identify(data/lap_analyser) by extensions ['python_setup_py']
[0.351s] Level 1:colcon.colcon_core.package_identification:_identify(data/lap_analyser) by extension 'python_setup_py'
[0.351s] Level 1:colcon.colcon_core.package_identification:_identify(install) by extensions ['ignore', 'ignore_ament_install']
[0.351s] Level 1:colcon.colcon_core.package_identification:_identify(install) by extension 'ignore'
[0.351s] Level 1:colcon.colcon_core.package_identification:_identify(install) ignored
[0.351s] Level 1:colcon.colcon_core.package_identification:_identify(log) by extensions ['ignore', 'ignore_ament_install']
[0.351s] Level 1:colcon.colcon_core.package_identification:_identify(log) by extension 'ignore'
[0.351s] Level 1:colcon.colcon_core.package_identification:_identify(log) ignored
[0.351s] Level 1:colcon.colcon_core.package_identification:_identify(src) by extensions ['ignore', 'ignore_ament_install']
[0.352s] Level 1:colcon.colcon_core.package_identification:_identify(src) by extension 'ignore'
[0.352s] Level 1:colcon.colcon_core.package_identification:_identify(src) by extension 'ignore_ament_install'
[0.352s] Level 1:colcon.colcon_core.package_identification:_identify(src) by extensions ['colcon_pkg']
[0.352s] Level 1:colcon.colcon_core.package_identification:_identify(src) by extension 'colcon_pkg'
[0.352s] Level 1:colcon.colcon_core.package_identification:_identify(src) by extensions ['colcon_meta']
[0.352s] Level 1:colcon.colcon_core.package_identification:_identify(src) by extension 'colcon_meta'
[0.352s] Level 1:colcon.colcon_core.package_identification:_identify(src) by extensions ['ros']
[0.352s] Level 1:colcon.colcon_core.package_identification:_identify(src) by extension 'ros'
[0.352s] Level 1:colcon.colcon_core.package_identification:_identify(src) by extensions ['cmake', 'python']
[0.352s] Level 1:colcon.colcon_core.package_identification:_identify(src) by extension 'cmake'
[0.352s] Level 1:colcon.colcon_core.package_identification:_identify(src) by extension 'python'
[0.352s] Level 1:colcon.colcon_core.package_identification:_identify(src) by extensions ['python_setup_py']
[0.352s] Level 1:colcon.colcon_core.package_identification:_identify(src) by extension 'python_setup_py'
[0.352s] Level 1:colcon.colcon_core.package_identification:_identify(src/race_stack) by extensions ['ignore', 'ignore_ament_install']
[0.352s] Level 1:colcon.colcon_core.package_identification:_identify(src/race_stack) by extension 'ignore'
[0.352s] Level 1:colcon.colcon_core.package_identification:_identify(src/race_stack) by extension 'ignore_ament_install'
[0.352s] Level 1:colcon.colcon_core.package_identification:_identify(src/race_stack) by extensions ['colcon_pkg']
[0.352s] Level 1:colcon.colcon_core.package_identification:_identify(src/race_stack) by extension 'colcon_pkg'
[0.352s] Level 1:colcon.colcon_core.package_identification:_identify(src/race_stack) by extensions ['colcon_meta']
[0.352s] Level 1:colcon.colcon_core.package_identification:_identify(src/race_stack) by extension 'colcon_meta'
[0.352s] Level 1:colcon.colcon_core.package_identification:_identify(src/race_stack) by extensions ['ros']
[0.352s] Level 1:colcon.colcon_core.package_identification:_identify(src/race_stack) by extension 'ros'
[0.352s] Level 1:colcon.colcon_core.package_identification:_identify(src/race_stack) by extensions ['cmake', 'python']
[0.352s] Level 1:colcon.colcon_core.package_identification:_identify(src/race_stack) by extension 'cmake'
[0.352s] Level 1:colcon.colcon_core.package_identification:_identify(src/race_stack) by extension 'python'
[0.353s] Level 1:colcon.colcon_core.package_identification:_identify(src/race_stack) by extensions ['python_setup_py']
[0.353s] Level 1:colcon.colcon_core.package_identification:_identify(src/race_stack) by extension 'python_setup_py'
[0.353s] Level 1:colcon.colcon_core.package_identification:_identify(src/race_stack/base_system) by extensions ['ignore', 'ignore_ament_install']
[0.353s] Level 1:colcon.colcon_core.package_identification:_identify(src/race_stack/base_system) by extension 'ignore'
[0.353s] Level 1:colcon.colcon_core.package_identification:_identify(src/race_stack/base_system) by extension 'ignore_ament_install'
[0.353s] Level 1:colcon.colcon_core.package_identification:_identify(src/race_stack/base_system) by extensions ['colcon_pkg']
[0.353s] Level 1:colcon.colcon_core.package_identification:_identify(src/race_stack/base_system) by extension 'colcon_pkg'
[0.353s] Level 1:colcon.colcon_core.package_identification:_identify(src/race_stack/base_system) by extensions ['colcon_meta']
[0.353s] Level 1:colcon.colcon_core.package_identification:_identify(src/race_stack/base_system) by extension 'colcon_meta'
[0.353s] Level 1:colcon.colcon_core.package_identification:_identify(src/race_stack/base_system) by extensions ['ros']
[0.353s] Level 1:colcon.colcon_core.package_identification:_identify(src/race_stack/base_system) by extension 'ros'
[0.353s] Level 1:colcon.colcon_core.package_identification:_identify(src/race_stack/base_system) by extensions ['cmake', 'python']
[0.353s] Level 1:colcon.colcon_core.package_identification:_identify(src/race_stack/base_system) by extension 'cmake'
[0.353s] Level 1:colcon.colcon_core.package_identification:_identify(src/race_stack/base_system) by extension 'python'
[0.353s] Level 1:colcon.colcon_core.package_identification:_identify(src/race_stack/base_system) by extensions ['python_setup_py']
[0.353s] Level 1:colcon.colcon_core.package_identification:_identify(src/race_stack/base_system) by extension 'python_setup_py'
[0.353s] Level 1:colcon.colcon_core.package_identification:_identify(src/race_stack/base_system/f110_simulator) by extensions ['ignore', 'ignore_ament_install']
[0.354s] Level 1:colcon.colcon_core.package_identification:_identify(src/race_stack/base_system/f110_simulator) by extension 'ignore'
[0.354s] Level 1:colcon.colcon_core.package_identification:_identify(src/race_stack/base_system/f110_simulator) by extension 'ignore_ament_install'
[0.354s] Level 1:colcon.colcon_core.package_identification:_identify(src/race_stack/base_system/f110_simulator) by extensions ['colcon_pkg']
[0.354s] Level 1:colcon.colcon_core.package_identification:_identify(src/race_stack/base_system/f110_simulator) by extension 'colcon_pkg'
[0.354s] Level 1:colcon.colcon_core.package_identification:_identify(src/race_stack/base_system/f110_simulator) by extensions ['colcon_meta']
[0.354s] Level 1:colcon.colcon_core.package_identification:_identify(src/race_stack/base_system/f110_simulator) by extension 'colcon_meta'
[0.354s] Level 1:colcon.colcon_core.package_identification:_identify(src/race_stack/base_system/f110_simulator) by extensions ['ros']
[0.354s] Level 1:colcon.colcon_core.package_identification:_identify(src/race_stack/base_system/f110_simulator) by extension 'ros'
[0.354s] Level 1:colcon.colcon_core.package_identification:_identify(src/race_stack/base_system/f110_simulator) by extensions ['cmake', 'python']
[0.354s] Level 1:colcon.colcon_core.package_identification:_identify(src/race_stack/base_system/f110_simulator) by extension 'cmake'
[0.354s] Level 1:colcon.colcon_core.package_identification:_identify(src/race_stack/base_system/f110_simulator) by extension 'python'
[0.354s] Level 1:colcon.colcon_core.package_identification:_identify(src/race_stack/base_system/f110_simulator) by extensions ['python_setup_py']
[0.354s] Level 1:colcon.colcon_core.package_identification:_identify(src/race_stack/base_system/f110_simulator) by extension 'python_setup_py'
[0.354s] Level 1:colcon.colcon_core.package_identification:_identify(src/race_stack/base_system/f110_simulator/f1tenth_gym) by extensions ['ignore', 'ignore_ament_install']
[0.354s] Level 1:colcon.colcon_core.package_identification:_identify(src/race_stack/base_system/f110_simulator/f1tenth_gym) by extension 'ignore'
[0.354s] Level 1:colcon.colcon_core.package_identification:_identify(src/race_stack/base_system/f110_simulator/f1tenth_gym) ignored
[0.354s] Level 1:colcon.colcon_core.package_identification:_identify(src/race_stack/base_system/f110_simulator/f1tenth_gym_ros) by extensions ['ignore', 'ignore_ament_install']
[0.354s] Level 1:colcon.colcon_core.package_identification:_identify(src/race_stack/base_system/f110_simulator/f1tenth_gym_ros) by extension 'ignore'
[0.354s] Level 1:colcon.colcon_core.package_identification:_identify(src/race_stack/base_system/f110_simulator/f1tenth_gym_ros) by extension 'ignore_ament_install'
[0.354s] Level 1:colcon.colcon_core.package_identification:_identify(src/race_stack/base_system/f110_simulator/f1tenth_gym_ros) by extensions ['colcon_pkg']
[0.354s] Level 1:colcon.colcon_core.package_identification:_identify(src/race_stack/base_system/f110_simulator/f1tenth_gym_ros) by extension 'colcon_pkg'
[0.354s] Level 1:colcon.colcon_core.package_identification:_identify(src/race_stack/base_system/f110_simulator/f1tenth_gym_ros) by extensions ['colcon_meta']
[0.354s] Level 1:colcon.colcon_core.package_identification:_identify(src/race_stack/base_system/f110_simulator/f1tenth_gym_ros) by extension 'colcon_meta'
[0.355s] Level 1:colcon.colcon_core.package_identification:_identify(src/race_stack/base_system/f110_simulator/f1tenth_gym_ros) by extensions ['ros']
[0.355s] Level 1:colcon.colcon_core.package_identification:_identify(src/race_stack/base_system/f110_simulator/f1tenth_gym_ros) by extension 'ros'
[0.357s] DEBUG:colcon.colcon_core.package_identification:Package 'src/race_stack/base_system/f110_simulator/f1tenth_gym_ros' with type 'ros.ament_python' and name 'f1tenth_gym_ros'
[0.357s] Level 1:colcon.colcon_core.package_identification:_identify(src/race_stack/base_system/f1tenth_system) by extensions ['ignore', 'ignore_ament_install']
[0.357s] Level 1:colcon.colcon_core.package_identification:_identify(src/race_stack/base_system/f1tenth_system) by extension 'ignore'
[0.357s] Level 1:colcon.colcon_core.package_identification:_identify(src/race_stack/base_system/f1tenth_system) by extension 'ignore_ament_install'
[0.357s] Level 1:colcon.colcon_core.package_identification:_identify(src/race_stack/base_system/f1tenth_system) by extensions ['colcon_pkg']
[0.357s] Level 1:colcon.colcon_core.package_identification:_identify(src/race_stack/base_system/f1tenth_system) by extension 'colcon_pkg'
[0.357s] Level 1:colcon.colcon_core.package_identification:_identify(src/race_stack/base_system/f1tenth_system) by extensions ['colcon_meta']
[0.357s] Level 1:colcon.colcon_core.package_identification:_identify(src/race_stack/base_system/f1tenth_system) by extension 'colcon_meta'
[0.357s] Level 1:colcon.colcon_core.package_identification:_identify(src/race_stack/base_system/f1tenth_system) by extensions ['ros']
[0.357s] Level 1:colcon.colcon_core.package_identification:_identify(src/race_stack/base_system/f1tenth_system) by extension 'ros'
[0.357s] Level 1:colcon.colcon_core.package_identification:_identify(src/race_stack/base_system/f1tenth_system) by extensions ['cmake', 'python']
[0.358s] Level 1:colcon.colcon_core.package_identification:_identify(src/race_stack/base_system/f1tenth_system) by extension 'cmake'
[0.358s] Level 1:colcon.colcon_core.package_identification:_identify(src/race_stack/base_system/f1tenth_system) by extension 'python'
[0.358s] Level 1:colcon.colcon_core.package_identification:_identify(src/race_stack/base_system/f1tenth_system) by extensions ['python_setup_py']
[0.358s] Level 1:colcon.colcon_core.package_identification:_identify(src/race_stack/base_system/f1tenth_system) by extension 'python_setup_py'
[0.358s] Level 1:colcon.colcon_core.package_identification:_identify(src/race_stack/base_system/f1tenth_system/ackermann_mux) by extensions ['ignore', 'ignore_ament_install']
[0.358s] Level 1:colcon.colcon_core.package_identification:_identify(src/race_stack/base_system/f1tenth_system/ackermann_mux) by extension 'ignore'
[0.358s] Level 1:colcon.colcon_core.package_identification:_identify(src/race_stack/base_system/f1tenth_system/ackermann_mux) by extension 'ignore_ament_install'
[0.358s] Level 1:colcon.colcon_core.package_identification:_identify(src/race_stack/base_system/f1tenth_system/ackermann_mux) by extensions ['colcon_pkg']
[0.358s] Level 1:colcon.colcon_core.package_identification:_identify(src/race_stack/base_system/f1tenth_system/ackermann_mux) by extension 'colcon_pkg'
[0.358s] Level 1:colcon.colcon_core.package_identification:_identify(src/race_stack/base_system/f1tenth_system/ackermann_mux) by extensions ['colcon_meta']
[0.358s] Level 1:colcon.colcon_core.package_identification:_identify(src/race_stack/base_system/f1tenth_system/ackermann_mux) by extension 'colcon_meta'
[0.358s] Level 1:colcon.colcon_core.package_identification:_identify(src/race_stack/base_system/f1tenth_system/ackermann_mux) by extensions ['ros']
[0.358s] Level 1:colcon.colcon_core.package_identification:_identify(src/race_stack/base_system/f1tenth_system/ackermann_mux) by extension 'ros'
[0.359s] DEBUG:colcon.colcon_core.package_identification:Package 'src/race_stack/base_system/f1tenth_system/ackermann_mux' with type 'ros.ament_cmake' and name 'ackermann_mux'
[0.359s] Level 1:colcon.colcon_core.package_identification:_identify(src/race_stack/base_system/f1tenth_system/f1tenth_stack) by extensions ['ignore', 'ignore_ament_install']
[0.359s] Level 1:colcon.colcon_core.package_identification:_identify(src/race_stack/base_system/f1tenth_system/f1tenth_stack) by extension 'ignore'
[0.359s] Level 1:colcon.colcon_core.package_identification:_identify(src/race_stack/base_system/f1tenth_system/f1tenth_stack) by extension 'ignore_ament_install'
[0.359s] Level 1:colcon.colcon_core.package_identification:_identify(src/race_stack/base_system/f1tenth_system/f1tenth_stack) by extensions ['colcon_pkg']
[0.359s] Level 1:colcon.colcon_core.package_identification:_identify(src/race_stack/base_system/f1tenth_system/f1tenth_stack) by extension 'colcon_pkg'
[0.359s] Level 1:colcon.colcon_core.package_identification:_identify(src/race_stack/base_system/f1tenth_system/f1tenth_stack) by extensions ['colcon_meta']
[0.359s] Level 1:colcon.colcon_core.package_identification:_identify(src/race_stack/base_system/f1tenth_system/f1tenth_stack) by extension 'colcon_meta'
[0.359s] Level 1:colcon.colcon_core.package_identification:_identify(src/race_stack/base_system/f1tenth_system/f1tenth_stack) by extensions ['ros']
[0.359s] Level 1:colcon.colcon_core.package_identification:_identify(src/race_stack/base_system/f1tenth_system/f1tenth_stack) by extension 'ros'
[0.360s] DEBUG:colcon.colcon_core.package_identification:Package 'src/race_stack/base_system/f1tenth_system/f1tenth_stack' with type 'ros.ament_python' and name 'f1tenth_stack'
[0.361s] Level 1:colcon.colcon_core.package_identification:_identify(src/race_stack/base_system/f1tenth_system/scripts) by extensions ['ignore', 'ignore_ament_install']
[0.361s] Level 1:colcon.colcon_core.package_identification:_identify(src/race_stack/base_system/f1tenth_system/scripts) by extension 'ignore'
[0.361s] Level 1:colcon.colcon_core.package_identification:_identify(src/race_stack/base_system/f1tenth_system/scripts) by extension 'ignore_ament_install'
[0.361s] Level 1:colcon.colcon_core.package_identification:_identify(src/race_stack/base_system/f1tenth_system/scripts) by extensions ['colcon_pkg']
[0.361s] Level 1:colcon.colcon_core.package_identification:_identify(src/race_stack/base_system/f1tenth_system/scripts) by extension 'colcon_pkg'
[0.361s] Level 1:colcon.colcon_core.package_identification:_identify(src/race_stack/base_system/f1tenth_system/scripts) by extensions ['colcon_meta']
[0.361s] Level 1:colcon.colcon_core.package_identification:_identify(src/race_stack/base_system/f1tenth_system/scripts) by extension 'colcon_meta'
[0.361s] Level 1:colcon.colcon_core.package_identification:_identify(src/race_stack/base_system/f1tenth_system/scripts) by extensions ['ros']
[0.361s] Level 1:colcon.colcon_core.package_identification:_identify(src/race_stack/base_system/f1tenth_system/scripts) by extension 'ros'
[0.361s] Level 1:colcon.colcon_core.package_identification:_identify(src/race_stack/base_system/f1tenth_system/scripts) by extensions ['cmake', 'python']
[0.361s] Level 1:colcon.colcon_core.package_identification:_identify(src/race_stack/base_system/f1tenth_system/scripts) by extension 'cmake'
[0.361s] Level 1:colcon.colcon_core.package_identification:_identify(src/race_stack/base_system/f1tenth_system/scripts) by extension 'python'
[0.361s] Level 1:colcon.colcon_core.package_identification:_identify(src/race_stack/base_system/f1tenth_system/scripts) by extensions ['python_setup_py']
[0.361s] Level 1:colcon.colcon_core.package_identification:_identify(src/race_stack/base_system/f1tenth_system/scripts) by extension 'python_setup_py'
[0.361s] Level 1:colcon.colcon_core.package_identification:_identify(src/race_stack/base_system/f1tenth_system/teleop_tools) by extensions ['ignore', 'ignore_ament_install']
[0.361s] Level 1:colcon.colcon_core.package_identification:_identify(src/race_stack/base_system/f1tenth_system/teleop_tools) by extension 'ignore'
[0.361s] Level 1:colcon.colcon_core.package_identification:_identify(src/race_stack/base_system/f1tenth_system/teleop_tools) by extension 'ignore_ament_install'
[0.361s] Level 1:colcon.colcon_core.package_identification:_identify(src/race_stack/base_system/f1tenth_system/teleop_tools) by extensions ['colcon_pkg']
[0.362s] Level 1:colcon.colcon_core.package_identification:_identify(src/race_stack/base_system/f1tenth_system/teleop_tools) by extension 'colcon_pkg'
[0.362s] Level 1:colcon.colcon_core.package_identification:_identify(src/race_stack/base_system/f1tenth_system/teleop_tools) by extensions ['colcon_meta']
[0.362s] Level 1:colcon.colcon_core.package_identification:_identify(src/race_stack/base_system/f1tenth_system/teleop_tools) by extension 'colcon_meta'
[0.362s] Level 1:colcon.colcon_core.package_identification:_identify(src/race_stack/base_system/f1tenth_system/teleop_tools) by extensions ['ros']
[0.362s] Level 1:colcon.colcon_core.package_identification:_identify(src/race_stack/base_system/f1tenth_system/teleop_tools) by extension 'ros'
[0.362s] Level 1:colcon.colcon_core.package_identification:_identify(src/race_stack/base_system/f1tenth_system/teleop_tools) by extensions ['cmake', 'python']
[0.362s] Level 1:colcon.colcon_core.package_identification:_identify(src/race_stack/base_system/f1tenth_system/teleop_tools) by extension 'cmake'
[0.362s] Level 1:colcon.colcon_core.package_identification:_identify(src/race_stack/base_system/f1tenth_system/teleop_tools) by extension 'python'
[0.362s] Level 1:colcon.colcon_core.package_identification:_identify(src/race_stack/base_system/f1tenth_system/teleop_tools) by extensions ['python_setup_py']
[0.362s] Level 1:colcon.colcon_core.package_identification:_identify(src/race_stack/base_system/f1tenth_system/teleop_tools) by extension 'python_setup_py'
[0.362s] Level 1:colcon.colcon_core.package_identification:_identify(src/race_stack/base_system/f1tenth_system/teleop_tools/joy_teleop) by extensions ['ignore', 'ignore_ament_install']
[0.362s] Level 1:colcon.colcon_core.package_identification:_identify(src/race_stack/base_system/f1tenth_system/teleop_tools/joy_teleop) by extension 'ignore'
[0.362s] Level 1:colcon.colcon_core.package_identification:_identify(src/race_stack/base_system/f1tenth_system/teleop_tools/joy_teleop) by extension 'ignore_ament_install'
[0.362s] Level 1:colcon.colcon_core.package_identification:_identify(src/race_stack/base_system/f1tenth_system/teleop_tools/joy_teleop) by extensions ['colcon_pkg']
[0.362s] Level 1:colcon.colcon_core.package_identification:_identify(src/race_stack/base_system/f1tenth_system/teleop_tools/joy_teleop) by extension 'colcon_pkg'
[0.362s] Level 1:colcon.colcon_core.package_identification:_identify(src/race_stack/base_system/f1tenth_system/teleop_tools/joy_teleop) by extensions ['colcon_meta']
[0.362s] Level 1:colcon.colcon_core.package_identification:_identify(src/race_stack/base_system/f1tenth_system/teleop_tools/joy_teleop) by extension 'colcon_meta'
[0.362s] Level 1:colcon.colcon_core.package_identification:_identify(src/race_stack/base_system/f1tenth_system/teleop_tools/joy_teleop) by extensions ['ros']
[0.362s] Level 1:colcon.colcon_core.package_identification:_identify(src/race_stack/base_system/f1tenth_system/teleop_tools/joy_teleop) by extension 'ros'
[0.363s] DEBUG:colcon.colcon_core.package_identification:Package 'src/race_stack/base_system/f1tenth_system/teleop_tools/joy_teleop' with type 'ros.ament_python' and name 'joy_teleop'
[0.364s] Level 1:colcon.colcon_core.package_identification:_identify(src/race_stack/base_system/f1tenth_system/teleop_tools/key_teleop) by extensions ['ignore', 'ignore_ament_install']
[0.364s] Level 1:colcon.colcon_core.package_identification:_identify(src/race_stack/base_system/f1tenth_system/teleop_tools/key_teleop) by extension 'ignore'
[0.364s] Level 1:colcon.colcon_core.package_identification:_identify(src/race_stack/base_system/f1tenth_system/teleop_tools/key_teleop) by extension 'ignore_ament_install'
[0.364s] Level 1:colcon.colcon_core.package_identification:_identify(src/race_stack/base_system/f1tenth_system/teleop_tools/key_teleop) by extensions ['colcon_pkg']
[0.364s] Level 1:colcon.colcon_core.package_identification:_identify(src/race_stack/base_system/f1tenth_system/teleop_tools/key_teleop) by extension 'colcon_pkg'
[0.364s] Level 1:colcon.colcon_core.package_identification:_identify(src/race_stack/base_system/f1tenth_system/teleop_tools/key_teleop) by extensions ['colcon_meta']
[0.364s] Level 1:colcon.colcon_core.package_identification:_identify(src/race_stack/base_system/f1tenth_system/teleop_tools/key_teleop) by extension 'colcon_meta'
[0.364s] Level 1:colcon.colcon_core.package_identification:_identify(src/race_stack/base_system/f1tenth_system/teleop_tools/key_teleop) by extensions ['ros']
[0.364s] Level 1:colcon.colcon_core.package_identification:_identify(src/race_stack/base_system/f1tenth_system/teleop_tools/key_teleop) by extension 'ros'
[0.365s] DEBUG:colcon.colcon_core.package_identification:Package 'src/race_stack/base_system/f1tenth_system/teleop_tools/key_teleop' with type 'ros.ament_python' and name 'key_teleop'
[0.365s] Level 1:colcon.colcon_core.package_identification:_identify(src/race_stack/base_system/f1tenth_system/teleop_tools/mouse_teleop) by extensions ['ignore', 'ignore_ament_install']
[0.365s] Level 1:colcon.colcon_core.package_identification:_identify(src/race_stack/base_system/f1tenth_system/teleop_tools/mouse_teleop) by extension 'ignore'
[0.365s] Level 1:colcon.colcon_core.package_identification:_identify(src/race_stack/base_system/f1tenth_system/teleop_tools/mouse_teleop) by extension 'ignore_ament_install'
[0.365s] Level 1:colcon.colcon_core.package_identification:_identify(src/race_stack/base_system/f1tenth_system/teleop_tools/mouse_teleop) by extensions ['colcon_pkg']
[0.365s] Level 1:colcon.colcon_core.package_identification:_identify(src/race_stack/base_system/f1tenth_system/teleop_tools/mouse_teleop) by extension 'colcon_pkg'
[0.365s] Level 1:colcon.colcon_core.package_identification:_identify(src/race_stack/base_system/f1tenth_system/teleop_tools/mouse_teleop) by extensions ['colcon_meta']
[0.365s] Level 1:colcon.colcon_core.package_identification:_identify(src/race_stack/base_system/f1tenth_system/teleop_tools/mouse_teleop) by extension 'colcon_meta'
[0.365s] Level 1:colcon.colcon_core.package_identification:_identify(src/race_stack/base_system/f1tenth_system/teleop_tools/mouse_teleop) by extensions ['ros']
[0.365s] Level 1:colcon.colcon_core.package_identification:_identify(src/race_stack/base_system/f1tenth_system/teleop_tools/mouse_teleop) by extension 'ros'
[0.365s] DEBUG:colcon.colcon_core.package_identification:Package 'src/race_stack/base_system/f1tenth_system/teleop_tools/mouse_teleop' with type 'ros.ament_python' and name 'mouse_teleop'
[0.366s] Level 1:colcon.colcon_core.package_identification:_identify(src/race_stack/base_system/f1tenth_system/teleop_tools/teleop_tools) by extensions ['ignore', 'ignore_ament_install']
[0.366s] Level 1:colcon.colcon_core.package_identification:_identify(src/race_stack/base_system/f1tenth_system/teleop_tools/teleop_tools) by extension 'ignore'
[0.366s] Level 1:colcon.colcon_core.package_identification:_identify(src/race_stack/base_system/f1tenth_system/teleop_tools/teleop_tools) by extension 'ignore_ament_install'
[0.366s] Level 1:colcon.colcon_core.package_identification:_identify(src/race_stack/base_system/f1tenth_system/teleop_tools/teleop_tools) by extensions ['colcon_pkg']
[0.366s] Level 1:colcon.colcon_core.package_identification:_identify(src/race_stack/base_system/f1tenth_system/teleop_tools/teleop_tools) by extension 'colcon_pkg'
[0.366s] Level 1:colcon.colcon_core.package_identification:_identify(src/race_stack/base_system/f1tenth_system/teleop_tools/teleop_tools) by extensions ['colcon_meta']
[0.366s] Level 1:colcon.colcon_core.package_identification:_identify(src/race_stack/base_system/f1tenth_system/teleop_tools/teleop_tools) by extension 'colcon_meta'
[0.366s] Level 1:colcon.colcon_core.package_identification:_identify(src/race_stack/base_system/f1tenth_system/teleop_tools/teleop_tools) by extensions ['ros']
[0.366s] Level 1:colcon.colcon_core.package_identification:_identify(src/race_stack/base_system/f1tenth_system/teleop_tools/teleop_tools) by extension 'ros'
[0.366s] DEBUG:colcon.colcon_core.package_identification:Package 'src/race_stack/base_system/f1tenth_system/teleop_tools/teleop_tools' with type 'ros.ament_cmake' and name 'teleop_tools'
[0.366s] Level 1:colcon.colcon_core.package_identification:_identify(src/race_stack/base_system/f1tenth_system/teleop_tools/teleop_tools_msgs) by extensions ['ignore', 'ignore_ament_install']
[0.367s] Level 1:colcon.colcon_core.package_identification:_identify(src/race_stack/base_system/f1tenth_system/teleop_tools/teleop_tools_msgs) by extension 'ignore'
[0.367s] Level 1:colcon.colcon_core.package_identification:_identify(src/race_stack/base_system/f1tenth_system/teleop_tools/teleop_tools_msgs) by extension 'ignore_ament_install'
[0.367s] Level 1:colcon.colcon_core.package_identification:_identify(src/race_stack/base_system/f1tenth_system/teleop_tools/teleop_tools_msgs) by extensions ['colcon_pkg']
[0.367s] Level 1:colcon.colcon_core.package_identification:_identify(src/race_stack/base_system/f1tenth_system/teleop_tools/teleop_tools_msgs) by extension 'colcon_pkg'
[0.367s] Level 1:colcon.colcon_core.package_identification:_identify(src/race_stack/base_system/f1tenth_system/teleop_tools/teleop_tools_msgs) by extensions ['colcon_meta']
[0.367s] Level 1:colcon.colcon_core.package_identification:_identify(src/race_stack/base_system/f1tenth_system/teleop_tools/teleop_tools_msgs) by extension 'colcon_meta'
[0.367s] Level 1:colcon.colcon_core.package_identification:_identify(src/race_stack/base_system/f1tenth_system/teleop_tools/teleop_tools_msgs) by extensions ['ros']
[0.367s] Level 1:colcon.colcon_core.package_identification:_identify(src/race_stack/base_system/f1tenth_system/teleop_tools/teleop_tools_msgs) by extension 'ros'
[0.367s] DEBUG:colcon.colcon_core.package_identification:Package 'src/race_stack/base_system/f1tenth_system/teleop_tools/teleop_tools_msgs' with type 'ros.ament_cmake' and name 'teleop_tools_msgs'
[0.367s] Level 1:colcon.colcon_core.package_identification:_identify(src/race_stack/base_system/misc) by extensions ['ignore', 'ignore_ament_install']
[0.367s] Level 1:colcon.colcon_core.package_identification:_identify(src/race_stack/base_system/misc) by extension 'ignore'
[0.367s] Level 1:colcon.colcon_core.package_identification:_identify(src/race_stack/base_system/misc) by extension 'ignore_ament_install'
[0.367s] Level 1:colcon.colcon_core.package_identification:_identify(src/race_stack/base_system/misc) by extensions ['colcon_pkg']
[0.367s] Level 1:colcon.colcon_core.package_identification:_identify(src/race_stack/base_system/misc) by extension 'colcon_pkg'
[0.367s] Level 1:colcon.colcon_core.package_identification:_identify(src/race_stack/base_system/misc) by extensions ['colcon_meta']
[0.367s] Level 1:colcon.colcon_core.package_identification:_identify(src/race_stack/base_system/misc) by extension 'colcon_meta'
[0.367s] Level 1:colcon.colcon_core.package_identification:_identify(src/race_stack/base_system/misc) by extensions ['ros']
[0.367s] Level 1:colcon.colcon_core.package_identification:_identify(src/race_stack/base_system/misc) by extension 'ros'
[0.368s] Level 1:colcon.colcon_core.package_identification:_identify(src/race_stack/base_system/misc) by extensions ['cmake', 'python']
[0.368s] Level 1:colcon.colcon_core.package_identification:_identify(src/race_stack/base_system/misc) by extension 'cmake'
[0.368s] Level 1:colcon.colcon_core.package_identification:_identify(src/race_stack/base_system/misc) by extension 'python'
[0.368s] Level 1:colcon.colcon_core.package_identification:_identify(src/race_stack/base_system/misc) by extensions ['python_setup_py']
[0.368s] Level 1:colcon.colcon_core.package_identification:_identify(src/race_stack/base_system/misc) by extension 'python_setup_py'
[0.368s] Level 1:colcon.colcon_core.package_identification:_identify(src/race_stack/controller) by extensions ['ignore', 'ignore_ament_install']
[0.368s] Level 1:colcon.colcon_core.package_identification:_identify(src/race_stack/controller) by extension 'ignore'
[0.368s] Level 1:colcon.colcon_core.package_identification:_identify(src/race_stack/controller) by extension 'ignore_ament_install'
[0.368s] Level 1:colcon.colcon_core.package_identification:_identify(src/race_stack/controller) by extensions ['colcon_pkg']
[0.368s] Level 1:colcon.colcon_core.package_identification:_identify(src/race_stack/controller) by extension 'colcon_pkg'
[0.368s] Level 1:colcon.colcon_core.package_identification:_identify(src/race_stack/controller) by extensions ['colcon_meta']
[0.368s] Level 1:colcon.colcon_core.package_identification:_identify(src/race_stack/controller) by extension 'colcon_meta'
[0.368s] Level 1:colcon.colcon_core.package_identification:_identify(src/race_stack/controller) by extensions ['ros']
[0.368s] Level 1:colcon.colcon_core.package_identification:_identify(src/race_stack/controller) by extension 'ros'
[0.369s] DEBUG:colcon.colcon_core.package_identification:Package 'src/race_stack/controller' with type 'ros.ament_python' and name 'controller'
[0.369s] Level 1:colcon.colcon_core.package_identification:_identify(src/race_stack/perception) by extensions ['ignore', 'ignore_ament_install']
[0.369s] Level 1:colcon.colcon_core.package_identification:_identify(src/race_stack/perception) by extension 'ignore'
[0.369s] Level 1:colcon.colcon_core.package_identification:_identify(src/race_stack/perception) by extension 'ignore_ament_install'
[0.369s] Level 1:colcon.colcon_core.package_identification:_identify(src/race_stack/perception) by extensions ['colcon_pkg']
[0.369s] Level 1:colcon.colcon_core.package_identification:_identify(src/race_stack/perception) by extension 'colcon_pkg'
[0.369s] Level 1:colcon.colcon_core.package_identification:_identify(src/race_stack/perception) by extensions ['colcon_meta']
[0.369s] Level 1:colcon.colcon_core.package_identification:_identify(src/race_stack/perception) by extension 'colcon_meta'
[0.369s] Level 1:colcon.colcon_core.package_identification:_identify(src/race_stack/perception) by extensions ['ros']
[0.369s] Level 1:colcon.colcon_core.package_identification:_identify(src/race_stack/perception) by extension 'ros'
[0.370s] DEBUG:colcon.colcon_core.package_identification:Package 'src/race_stack/perception' with type 'ros.ament_python' and name 'perception'
[0.370s] Level 1:colcon.colcon_core.package_identification:_identify(src/race_stack/planner) by extensions ['ignore', 'ignore_ament_install']
[0.370s] Level 1:colcon.colcon_core.package_identification:_identify(src/race_stack/planner) by extension 'ignore'
[0.370s] Level 1:colcon.colcon_core.package_identification:_identify(src/race_stack/planner) by extension 'ignore_ament_install'
[0.370s] Level 1:colcon.colcon_core.package_identification:_identify(src/race_stack/planner) by extensions ['colcon_pkg']
[0.370s] Level 1:colcon.colcon_core.package_identification:_identify(src/race_stack/planner) by extension 'colcon_pkg'
[0.370s] Level 1:colcon.colcon_core.package_identification:_identify(src/race_stack/planner) by extensions ['colcon_meta']
[0.370s] Level 1:colcon.colcon_core.package_identification:_identify(src/race_stack/planner) by extension 'colcon_meta'
[0.370s] Level 1:colcon.colcon_core.package_identification:_identify(src/race_stack/planner) by extensions ['ros']
[0.370s] Level 1:colcon.colcon_core.package_identification:_identify(src/race_stack/planner) by extension 'ros'
[0.370s] Level 1:colcon.colcon_core.package_identification:_identify(src/race_stack/planner) by extensions ['cmake', 'python']
[0.370s] Level 1:colcon.colcon_core.package_identification:_identify(src/race_stack/planner) by extension 'cmake'
[0.370s] Level 1:colcon.colcon_core.package_identification:_identify(src/race_stack/planner) by extension 'python'
[0.370s] Level 1:colcon.colcon_core.package_identification:_identify(src/race_stack/planner) by extensions ['python_setup_py']
[0.370s] Level 1:colcon.colcon_core.package_identification:_identify(src/race_stack/planner) by extension 'python_setup_py'
[0.371s] Level 1:colcon.colcon_core.package_identification:_identify(src/race_stack/planner/global_planner) by extensions ['ignore', 'ignore_ament_install']
[0.371s] Level 1:colcon.colcon_core.package_identification:_identify(src/race_stack/planner/global_planner) by extension 'ignore'
[0.371s] Level 1:colcon.colcon_core.package_identification:_identify(src/race_stack/planner/global_planner) by extension 'ignore_ament_install'
[0.371s] Level 1:colcon.colcon_core.package_identification:_identify(src/race_stack/planner/global_planner) by extensions ['colcon_pkg']
[0.371s] Level 1:colcon.colcon_core.package_identification:_identify(src/race_stack/planner/global_planner) by extension 'colcon_pkg'
[0.371s] Level 1:colcon.colcon_core.package_identification:_identify(src/race_stack/planner/global_planner) by extensions ['colcon_meta']
[0.371s] Level 1:colcon.colcon_core.package_identification:_identify(src/race_stack/planner/global_planner) by extension 'colcon_meta'
[0.371s] Level 1:colcon.colcon_core.package_identification:_identify(src/race_stack/planner/global_planner) by extensions ['ros']
[0.371s] Level 1:colcon.colcon_core.package_identification:_identify(src/race_stack/planner/global_planner) by extension 'ros'
[0.372s] DEBUG:colcon.colcon_core.package_identification:Package 'src/race_stack/planner/global_planner' with type 'ros.ament_python' and name 'global_planner'
[0.372s] Level 1:colcon.colcon_core.package_identification:_identify(src/race_stack/planner/local_planners) by extensions ['ignore', 'ignore_ament_install']
[0.372s] Level 1:colcon.colcon_core.package_identification:_identify(src/race_stack/planner/local_planners) by extension 'ignore'
[0.372s] Level 1:colcon.colcon_core.package_identification:_identify(src/race_stack/planner/local_planners) by extension 'ignore_ament_install'
[0.372s] Level 1:colcon.colcon_core.package_identification:_identify(src/race_stack/planner/local_planners) by extensions ['colcon_pkg']
[0.372s] Level 1:colcon.colcon_core.package_identification:_identify(src/race_stack/planner/local_planners) by extension 'colcon_pkg'
[0.372s] Level 1:colcon.colcon_core.package_identification:_identify(src/race_stack/planner/local_planners) by extensions ['colcon_meta']
[0.372s] Level 1:colcon.colcon_core.package_identification:_identify(src/race_stack/planner/local_planners) by extension 'colcon_meta'
[0.372s] Level 1:colcon.colcon_core.package_identification:_identify(src/race_stack/planner/local_planners) by extensions ['ros']
[0.372s] Level 1:colcon.colcon_core.package_identification:_identify(src/race_stack/planner/local_planners) by extension 'ros'
[0.372s] Level 1:colcon.colcon_core.package_identification:_identify(src/race_stack/planner/local_planners) by extensions ['cmake', 'python']
[0.372s] Level 1:colcon.colcon_core.package_identification:_identify(src/race_stack/planner/local_planners) by extension 'cmake'
[0.372s] Level 1:colcon.colcon_core.package_identification:_identify(src/race_stack/planner/local_planners) by extension 'python'
[0.372s] Level 1:colcon.colcon_core.package_identification:_identify(src/race_stack/planner/local_planners) by extensions ['python_setup_py']
[0.372s] Level 1:colcon.colcon_core.package_identification:_identify(src/race_stack/planner/local_planners) by extension 'python_setup_py'
[0.372s] Level 1:colcon.colcon_core.package_identification:_identify(src/race_stack/planner/local_planners/spline_planner) by extensions ['ignore', 'ignore_ament_install']
[0.372s] Level 1:colcon.colcon_core.package_identification:_identify(src/race_stack/planner/local_planners/spline_planner) by extension 'ignore'
[0.373s] Level 1:colcon.colcon_core.package_identification:_identify(src/race_stack/planner/local_planners/spline_planner) by extension 'ignore_ament_install'
[0.373s] Level 1:colcon.colcon_core.package_identification:_identify(src/race_stack/planner/local_planners/spline_planner) by extensions ['colcon_pkg']
[0.373s] Level 1:colcon.colcon_core.package_identification:_identify(src/race_stack/planner/local_planners/spline_planner) by extension 'colcon_pkg'
[0.373s] Level 1:colcon.colcon_core.package_identification:_identify(src/race_stack/planner/local_planners/spline_planner) by extensions ['colcon_meta']
[0.373s] Level 1:colcon.colcon_core.package_identification:_identify(src/race_stack/planner/local_planners/spline_planner) by extension 'colcon_meta'
[0.373s] Level 1:colcon.colcon_core.package_identification:_identify(src/race_stack/planner/local_planners/spline_planner) by extensions ['ros']
[0.373s] Level 1:colcon.colcon_core.package_identification:_identify(src/race_stack/planner/local_planners/spline_planner) by extension 'ros'
[0.373s] DEBUG:colcon.colcon_core.package_identification:Package 'src/race_stack/planner/local_planners/spline_planner' with type 'ros.ament_python' and name 'spline_planner'
[0.374s] Level 1:colcon.colcon_core.package_identification:_identify(src/race_stack/planner/misc) by extensions ['ignore', 'ignore_ament_install']
[0.374s] Level 1:colcon.colcon_core.package_identification:_identify(src/race_stack/planner/misc) by extension 'ignore'
[0.374s] Level 1:colcon.colcon_core.package_identification:_identify(src/race_stack/planner/misc) by extension 'ignore_ament_install'
[0.374s] Level 1:colcon.colcon_core.package_identification:_identify(src/race_stack/planner/misc) by extensions ['colcon_pkg']
[0.374s] Level 1:colcon.colcon_core.package_identification:_identify(src/race_stack/planner/misc) by extension 'colcon_pkg'
[0.374s] Level 1:colcon.colcon_core.package_identification:_identify(src/race_stack/planner/misc) by extensions ['colcon_meta']
[0.374s] Level 1:colcon.colcon_core.package_identification:_identify(src/race_stack/planner/misc) by extension 'colcon_meta'
[0.374s] Level 1:colcon.colcon_core.package_identification:_identify(src/race_stack/planner/misc) by extensions ['ros']
[0.374s] Level 1:colcon.colcon_core.package_identification:_identify(src/race_stack/planner/misc) by extension 'ros'
[0.374s] Level 1:colcon.colcon_core.package_identification:_identify(src/race_stack/planner/misc) by extensions ['cmake', 'python']
[0.374s] Level 1:colcon.colcon_core.package_identification:_identify(src/race_stack/planner/misc) by extension 'cmake'
[0.374s] Level 1:colcon.colcon_core.package_identification:_identify(src/race_stack/planner/misc) by extension 'python'
[0.374s] Level 1:colcon.colcon_core.package_identification:_identify(src/race_stack/planner/misc) by extensions ['python_setup_py']
[0.374s] Level 1:colcon.colcon_core.package_identification:_identify(src/race_stack/planner/misc) by extension 'python_setup_py'
[0.374s] Level 1:colcon.colcon_core.package_identification:_identify(src/race_stack/sensors) by extensions ['ignore', 'ignore_ament_install']
[0.374s] Level 1:colcon.colcon_core.package_identification:_identify(src/race_stack/sensors) by extension 'ignore'
[0.374s] Level 1:colcon.colcon_core.package_identification:_identify(src/race_stack/sensors) by extension 'ignore_ament_install'
[0.374s] Level 1:colcon.colcon_core.package_identification:_identify(src/race_stack/sensors) by extensions ['colcon_pkg']
[0.374s] Level 1:colcon.colcon_core.package_identification:_identify(src/race_stack/sensors) by extension 'colcon_pkg'
[0.374s] Level 1:colcon.colcon_core.package_identification:_identify(src/race_stack/sensors) by extensions ['colcon_meta']
[0.374s] Level 1:colcon.colcon_core.package_identification:_identify(src/race_stack/sensors) by extension 'colcon_meta'
[0.374s] Level 1:colcon.colcon_core.package_identification:_identify(src/race_stack/sensors) by extensions ['ros']
[0.374s] Level 1:colcon.colcon_core.package_identification:_identify(src/race_stack/sensors) by extension 'ros'
[0.375s] Level 1:colcon.colcon_core.package_identification:_identify(src/race_stack/sensors) by extensions ['cmake', 'python']
[0.375s] Level 1:colcon.colcon_core.package_identification:_identify(src/race_stack/sensors) by extension 'cmake'
[0.375s] Level 1:colcon.colcon_core.package_identification:_identify(src/race_stack/sensors) by extension 'python'
[0.375s] Level 1:colcon.colcon_core.package_identification:_identify(src/race_stack/sensors) by extensions ['python_setup_py']
[0.375s] Level 1:colcon.colcon_core.package_identification:_identify(src/race_stack/sensors) by extension 'python_setup_py'
[0.375s] Level 1:colcon.colcon_core.package_identification:_identify(src/race_stack/sensors/vesc) by extensions ['ignore', 'ignore_ament_install']
[0.375s] Level 1:colcon.colcon_core.package_identification:_identify(src/race_stack/sensors/vesc) by extension 'ignore'
[0.375s] Level 1:colcon.colcon_core.package_identification:_identify(src/race_stack/sensors/vesc) by extension 'ignore_ament_install'
[0.375s] Level 1:colcon.colcon_core.package_identification:_identify(src/race_stack/sensors/vesc) by extensions ['colcon_pkg']
[0.375s] Level 1:colcon.colcon_core.package_identification:_identify(src/race_stack/sensors/vesc) by extension 'colcon_pkg'
[0.375s] Level 1:colcon.colcon_core.package_identification:_identify(src/race_stack/sensors/vesc) by extensions ['colcon_meta']
[0.375s] Level 1:colcon.colcon_core.package_identification:_identify(src/race_stack/sensors/vesc) by extension 'colcon_meta'
[0.375s] Level 1:colcon.colcon_core.package_identification:_identify(src/race_stack/sensors/vesc) by extensions ['ros']
[0.375s] Level 1:colcon.colcon_core.package_identification:_identify(src/race_stack/sensors/vesc) by extension 'ros'
[0.375s] Level 1:colcon.colcon_core.package_identification:_identify(src/race_stack/sensors/vesc) by extensions ['cmake', 'python']
[0.375s] Level 1:colcon.colcon_core.package_identification:_identify(src/race_stack/sensors/vesc) by extension 'cmake'
[0.375s] Level 1:colcon.colcon_core.package_identification:_identify(src/race_stack/sensors/vesc) by extension 'python'
[0.375s] Level 1:colcon.colcon_core.package_identification:_identify(src/race_stack/sensors/vesc) by extensions ['python_setup_py']
[0.375s] Level 1:colcon.colcon_core.package_identification:_identify(src/race_stack/sensors/vesc) by extension 'python_setup_py'
[0.376s] Level 1:colcon.colcon_core.package_identification:_identify(src/race_stack/sensors/vesc/vesc) by extensions ['ignore', 'ignore_ament_install']
[0.376s] Level 1:colcon.colcon_core.package_identification:_identify(src/race_stack/sensors/vesc/vesc) by extension 'ignore'
[0.376s] Level 1:colcon.colcon_core.package_identification:_identify(src/race_stack/sensors/vesc/vesc) by extension 'ignore_ament_install'
[0.376s] Level 1:colcon.colcon_core.package_identification:_identify(src/race_stack/sensors/vesc/vesc) by extensions ['colcon_pkg']
[0.376s] Level 1:colcon.colcon_core.package_identification:_identify(src/race_stack/sensors/vesc/vesc) by extension 'colcon_pkg'
[0.376s] Level 1:colcon.colcon_core.package_identification:_identify(src/race_stack/sensors/vesc/vesc) by extensions ['colcon_meta']
[0.376s] Level 1:colcon.colcon_core.package_identification:_identify(src/race_stack/sensors/vesc/vesc) by extension 'colcon_meta'
[0.376s] Level 1:colcon.colcon_core.package_identification:_identify(src/race_stack/sensors/vesc/vesc) by extensions ['ros']
[0.376s] Level 1:colcon.colcon_core.package_identification:_identify(src/race_stack/sensors/vesc/vesc) by extension 'ros'
[0.376s] DEBUG:colcon.colcon_core.package_identification:Package 'src/race_stack/sensors/vesc/vesc' with type 'ros.ament_cmake' and name 'vesc'
[0.377s] Level 1:colcon.colcon_core.package_identification:_identify(src/race_stack/sensors/vesc/vesc_ackermann) by extensions ['ignore', 'ignore_ament_install']
[0.377s] Level 1:colcon.colcon_core.package_identification:_identify(src/race_stack/sensors/vesc/vesc_ackermann) by extension 'ignore'
[0.377s] Level 1:colcon.colcon_core.package_identification:_identify(src/race_stack/sensors/vesc/vesc_ackermann) by extension 'ignore_ament_install'
[0.377s] Level 1:colcon.colcon_core.package_identification:_identify(src/race_stack/sensors/vesc/vesc_ackermann) by extensions ['colcon_pkg']
[0.377s] Level 1:colcon.colcon_core.package_identification:_identify(src/race_stack/sensors/vesc/vesc_ackermann) by extension 'colcon_pkg'
[0.377s] Level 1:colcon.colcon_core.package_identification:_identify(src/race_stack/sensors/vesc/vesc_ackermann) by extensions ['colcon_meta']
[0.377s] Level 1:colcon.colcon_core.package_identification:_identify(src/race_stack/sensors/vesc/vesc_ackermann) by extension 'colcon_meta'
[0.377s] Level 1:colcon.colcon_core.package_identification:_identify(src/race_stack/sensors/vesc/vesc_ackermann) by extensions ['ros']
[0.377s] Level 1:colcon.colcon_core.package_identification:_identify(src/race_stack/sensors/vesc/vesc_ackermann) by extension 'ros'
[0.378s] DEBUG:colcon.colcon_core.package_identification:Package 'src/race_stack/sensors/vesc/vesc_ackermann' with type 'ros.ament_cmake' and name 'vesc_ackermann'
[0.378s] Level 1:colcon.colcon_core.package_identification:_identify(src/race_stack/sensors/vesc/vesc_driver) by extensions ['ignore', 'ignore_ament_install']
[0.378s] Level 1:colcon.colcon_core.package_identification:_identify(src/race_stack/sensors/vesc/vesc_driver) by extension 'ignore'
[0.378s] Level 1:colcon.colcon_core.package_identification:_identify(src/race_stack/sensors/vesc/vesc_driver) by extension 'ignore_ament_install'
[0.378s] Level 1:colcon.colcon_core.package_identification:_identify(src/race_stack/sensors/vesc/vesc_driver) by extensions ['colcon_pkg']
[0.378s] Level 1:colcon.colcon_core.package_identification:_identify(src/race_stack/sensors/vesc/vesc_driver) by extension 'colcon_pkg'
[0.378s] Level 1:colcon.colcon_core.package_identification:_identify(src/race_stack/sensors/vesc/vesc_driver) by extensions ['colcon_meta']
[0.378s] Level 1:colcon.colcon_core.package_identification:_identify(src/race_stack/sensors/vesc/vesc_driver) by extension 'colcon_meta'
[0.378s] Level 1:colcon.colcon_core.package_identification:_identify(src/race_stack/sensors/vesc/vesc_driver) by extensions ['ros']
[0.379s] Level 1:colcon.colcon_core.package_identification:_identify(src/race_stack/sensors/vesc/vesc_driver) by extension 'ros'
[0.379s] DEBUG:colcon.colcon_core.package_identification:Package 'src/race_stack/sensors/vesc/vesc_driver' with type 'ros.ament_cmake' and name 'vesc_driver'
[0.380s] Level 1:colcon.colcon_core.package_identification:_identify(src/race_stack/sensors/vesc/vesc_msgs) by extensions ['ignore', 'ignore_ament_install']
[0.380s] Level 1:colcon.colcon_core.package_identification:_identify(src/race_stack/sensors/vesc/vesc_msgs) by extension 'ignore'
[0.380s] Level 1:colcon.colcon_core.package_identification:_identify(src/race_stack/sensors/vesc/vesc_msgs) by extension 'ignore_ament_install'
[0.380s] Level 1:colcon.colcon_core.package_identification:_identify(src/race_stack/sensors/vesc/vesc_msgs) by extensions ['colcon_pkg']
[0.380s] Level 1:colcon.colcon_core.package_identification:_identify(src/race_stack/sensors/vesc/vesc_msgs) by extension 'colcon_pkg'
[0.380s] Level 1:colcon.colcon_core.package_identification:_identify(src/race_stack/sensors/vesc/vesc_msgs) by extensions ['colcon_meta']
[0.380s] Level 1:colcon.colcon_core.package_identification:_identify(src/race_stack/sensors/vesc/vesc_msgs) by extension 'colcon_meta'
[0.380s] Level 1:colcon.colcon_core.package_identification:_identify(src/race_stack/sensors/vesc/vesc_msgs) by extensions ['ros']
[0.380s] Level 1:colcon.colcon_core.package_identification:_identify(src/race_stack/sensors/vesc/vesc_msgs) by extension 'ros'
[0.381s] DEBUG:colcon.colcon_core.package_identification:Package 'src/race_stack/sensors/vesc/vesc_msgs' with type 'ros.ament_cmake' and name 'vesc_msgs'
[0.381s] Level 1:colcon.colcon_core.package_identification:_identify(src/race_stack/stack_master) by extensions ['ignore', 'ignore_ament_install']
[0.381s] Level 1:colcon.colcon_core.package_identification:_identify(src/race_stack/stack_master) by extension 'ignore'
[0.381s] Level 1:colcon.colcon_core.package_identification:_identify(src/race_stack/stack_master) by extension 'ignore_ament_install'
[0.381s] Level 1:colcon.colcon_core.package_identification:_identify(src/race_stack/stack_master) by extensions ['colcon_pkg']
[0.381s] Level 1:colcon.colcon_core.package_identification:_identify(src/race_stack/stack_master) by extension 'colcon_pkg'
[0.381s] Level 1:colcon.colcon_core.package_identification:_identify(src/race_stack/stack_master) by extensions ['colcon_meta']
[0.381s] Level 1:colcon.colcon_core.package_identification:_identify(src/race_stack/stack_master) by extension 'colcon_meta'
[0.381s] Level 1:colcon.colcon_core.package_identification:_identify(src/race_stack/stack_master) by extensions ['ros']
[0.381s] Level 1:colcon.colcon_core.package_identification:_identify(src/race_stack/stack_master) by extension 'ros'
[0.382s] DEBUG:colcon.colcon_core.package_identification:Package 'src/race_stack/stack_master' with type 'ros.ament_python' and name 'stack_master'
[0.382s] Level 1:colcon.colcon_core.package_identification:_identify(src/race_stack/state_estimation) by extensions ['ignore', 'ignore_ament_install']
[0.382s] Level 1:colcon.colcon_core.package_identification:_identify(src/race_stack/state_estimation) by extension 'ignore'
[0.382s] Level 1:colcon.colcon_core.package_identification:_identify(src/race_stack/state_estimation) by extension 'ignore_ament_install'
[0.382s] Level 1:colcon.colcon_core.package_identification:_identify(src/race_stack/state_estimation) by extensions ['colcon_pkg']
[0.382s] Level 1:colcon.colcon_core.package_identification:_identify(src/race_stack/state_estimation) by extension 'colcon_pkg'
[0.382s] Level 1:colcon.colcon_core.package_identification:_identify(src/race_stack/state_estimation) by extensions ['colcon_meta']
[0.382s] Level 1:colcon.colcon_core.package_identification:_identify(src/race_stack/state_estimation) by extension 'colcon_meta'
[0.382s] Level 1:colcon.colcon_core.package_identification:_identify(src/race_stack/state_estimation) by extensions ['ros']
[0.382s] Level 1:colcon.colcon_core.package_identification:_identify(src/race_stack/state_estimation) by extension 'ros'
[0.383s] DEBUG:colcon.colcon_core.package_identification:Package 'src/race_stack/state_estimation' with type 'ros.ament_python' and name 'state_estimation'
[0.383s] Level 1:colcon.colcon_core.package_identification:_identify(src/race_stack/state_machine) by extensions ['ignore', 'ignore_ament_install']
[0.383s] Level 1:colcon.colcon_core.package_identification:_identify(src/race_stack/state_machine) by extension 'ignore'
[0.383s] Level 1:colcon.colcon_core.package_identification:_identify(src/race_stack/state_machine) by extension 'ignore_ament_install'
[0.383s] Level 1:colcon.colcon_core.package_identification:_identify(src/race_stack/state_machine) by extensions ['colcon_pkg']
[0.383s] Level 1:colcon.colcon_core.package_identification:_identify(src/race_stack/state_machine) by extension 'colcon_pkg'
[0.383s] Level 1:colcon.colcon_core.package_identification:_identify(src/race_stack/state_machine) by extensions ['colcon_meta']
[0.383s] Level 1:colcon.colcon_core.package_identification:_identify(src/race_stack/state_machine) by extension 'colcon_meta'
[0.383s] Level 1:colcon.colcon_core.package_identification:_identify(src/race_stack/state_machine) by extensions ['ros']
[0.383s] Level 1:colcon.colcon_core.package_identification:_identify(src/race_stack/state_machine) by extension 'ros'
[0.384s] DEBUG:colcon.colcon_core.package_identification:Package 'src/race_stack/state_machine' with type 'ros.ament_python' and name 'state_machine'
[0.384s] Level 1:colcon.colcon_core.package_identification:_identify(src/race_stack/system_identification) by extensions ['ignore', 'ignore_ament_install']
[0.384s] Level 1:colcon.colcon_core.package_identification:_identify(src/race_stack/system_identification) by extension 'ignore'
[0.384s] Level 1:colcon.colcon_core.package_identification:_identify(src/race_stack/system_identification) by extension 'ignore_ament_install'
[0.384s] Level 1:colcon.colcon_core.package_identification:_identify(src/race_stack/system_identification) by extensions ['colcon_pkg']
[0.384s] Level 1:colcon.colcon_core.package_identification:_identify(src/race_stack/system_identification) by extension 'colcon_pkg'
[0.385s] Level 1:colcon.colcon_core.package_identification:_identify(src/race_stack/system_identification) by extensions ['colcon_meta']
[0.385s] Level 1:colcon.colcon_core.package_identification:_identify(src/race_stack/system_identification) by extension 'colcon_meta'
[0.385s] Level 1:colcon.colcon_core.package_identification:_identify(src/race_stack/system_identification) by extensions ['ros']
[0.385s] Level 1:colcon.colcon_core.package_identification:_identify(src/race_stack/system_identification) by extension 'ros'
[0.385s] Level 1:colcon.colcon_core.package_identification:_identify(src/race_stack/system_identification) by extensions ['cmake', 'python']
[0.385s] Level 1:colcon.colcon_core.package_identification:_identify(src/race_stack/system_identification) by extension 'cmake'
[0.385s] Level 1:colcon.colcon_core.package_identification:_identify(src/race_stack/system_identification) by extension 'python'
[0.385s] Level 1:colcon.colcon_core.package_identification:_identify(src/race_stack/system_identification) by extensions ['python_setup_py']
[0.385s] Level 1:colcon.colcon_core.package_identification:_identify(src/race_stack/system_identification) by extension 'python_setup_py'
[0.385s] Level 1:colcon.colcon_core.package_identification:_identify(src/race_stack/system_identification/nodes) by extensions ['ignore', 'ignore_ament_install']
[0.385s] Level 1:colcon.colcon_core.package_identification:_identify(src/race_stack/system_identification/nodes) by extension 'ignore'
[0.385s] Level 1:colcon.colcon_core.package_identification:_identify(src/race_stack/system_identification/nodes) by extension 'ignore_ament_install'
[0.385s] Level 1:colcon.colcon_core.package_identification:_identify(src/race_stack/system_identification/nodes) by extensions ['colcon_pkg']
[0.385s] Level 1:colcon.colcon_core.package_identification:_identify(src/race_stack/system_identification/nodes) by extension 'colcon_pkg'
[0.385s] Level 1:colcon.colcon_core.package_identification:_identify(src/race_stack/system_identification/nodes) by extensions ['colcon_meta']
[0.385s] Level 1:colcon.colcon_core.package_identification:_identify(src/race_stack/system_identification/nodes) by extension 'colcon_meta'
[0.385s] Level 1:colcon.colcon_core.package_identification:_identify(src/race_stack/system_identification/nodes) by extensions ['ros']
[0.385s] Level 1:colcon.colcon_core.package_identification:_identify(src/race_stack/system_identification/nodes) by extension 'ros'
[0.385s] Level 1:colcon.colcon_core.package_identification:_identify(src/race_stack/system_identification/nodes) by extensions ['cmake', 'python']
[0.385s] Level 1:colcon.colcon_core.package_identification:_identify(src/race_stack/system_identification/nodes) by extension 'cmake'
[0.385s] Level 1:colcon.colcon_core.package_identification:_identify(src/race_stack/system_identification/nodes) by extension 'python'
[0.385s] Level 1:colcon.colcon_core.package_identification:_identify(src/race_stack/system_identification/nodes) by extensions ['python_setup_py']
[0.385s] Level 1:colcon.colcon_core.package_identification:_identify(src/race_stack/system_identification/nodes) by extension 'python_setup_py'
[0.386s] Level 1:colcon.colcon_core.package_identification:_identify(src/race_stack/system_identification/nodes/id_controller) by extensions ['ignore', 'ignore_ament_install']
[0.386s] Level 1:colcon.colcon_core.package_identification:_identify(src/race_stack/system_identification/nodes/id_controller) by extension 'ignore'
[0.386s] Level 1:colcon.colcon_core.package_identification:_identify(src/race_stack/system_identification/nodes/id_controller) by extension 'ignore_ament_install'
[0.386s] Level 1:colcon.colcon_core.package_identification:_identify(src/race_stack/system_identification/nodes/id_controller) by extensions ['colcon_pkg']
[0.386s] Level 1:colcon.colcon_core.package_identification:_identify(src/race_stack/system_identification/nodes/id_controller) by extension 'colcon_pkg'
[0.386s] Level 1:colcon.colcon_core.package_identification:_identify(src/race_stack/system_identification/nodes/id_controller) by extensions ['colcon_meta']
[0.386s] Level 1:colcon.colcon_core.package_identification:_identify(src/race_stack/system_identification/nodes/id_controller) by extension 'colcon_meta'
[0.386s] Level 1:colcon.colcon_core.package_identification:_identify(src/race_stack/system_identification/nodes/id_controller) by extensions ['ros']
[0.386s] Level 1:colcon.colcon_core.package_identification:_identify(src/race_stack/system_identification/nodes/id_controller) by extension 'ros'
[0.386s] DEBUG:colcon.colcon_core.package_identification:Package 'src/race_stack/system_identification/nodes/id_controller' with type 'ros.ament_python' and name 'id_controller'
[0.387s] Level 1:colcon.colcon_core.package_identification:_identify(src/race_stack/system_identification/scripts) by extensions ['ignore', 'ignore_ament_install']
[0.387s] Level 1:colcon.colcon_core.package_identification:_identify(src/race_stack/system_identification/scripts) by extension 'ignore'
[0.387s] Level 1:colcon.colcon_core.package_identification:_identify(src/race_stack/system_identification/scripts) by extension 'ignore_ament_install'
[0.387s] Level 1:colcon.colcon_core.package_identification:_identify(src/race_stack/system_identification/scripts) by extensions ['colcon_pkg']
[0.387s] Level 1:colcon.colcon_core.package_identification:_identify(src/race_stack/system_identification/scripts) by extension 'colcon_pkg'
[0.387s] Level 1:colcon.colcon_core.package_identification:_identify(src/race_stack/system_identification/scripts) by extensions ['colcon_meta']
[0.387s] Level 1:colcon.colcon_core.package_identification:_identify(src/race_stack/system_identification/scripts) by extension 'colcon_meta'
[0.387s] Level 1:colcon.colcon_core.package_identification:_identify(src/race_stack/system_identification/scripts) by extensions ['ros']
[0.387s] Level 1:colcon.colcon_core.package_identification:_identify(src/race_stack/system_identification/scripts) by extension 'ros'
[0.387s] Level 1:colcon.colcon_core.package_identification:_identify(src/race_stack/system_identification/scripts) by extensions ['cmake', 'python']
[0.387s] Level 1:colcon.colcon_core.package_identification:_identify(src/race_stack/system_identification/scripts) by extension 'cmake'
[0.387s] Level 1:colcon.colcon_core.package_identification:_identify(src/race_stack/system_identification/scripts) by extension 'python'
[0.387s] Level 1:colcon.colcon_core.package_identification:_identify(src/race_stack/system_identification/scripts) by extensions ['python_setup_py']
[0.387s] Level 1:colcon.colcon_core.package_identification:_identify(src/race_stack/system_identification/scripts) by extension 'python_setup_py'
[0.387s] Level 1:colcon.colcon_core.package_identification:_identify(src/race_stack/system_identification/steering_lookup) by extensions ['ignore', 'ignore_ament_install']
[0.387s] Level 1:colcon.colcon_core.package_identification:_identify(src/race_stack/system_identification/steering_lookup) by extension 'ignore'
[0.387s] Level 1:colcon.colcon_core.package_identification:_identify(src/race_stack/system_identification/steering_lookup) by extension 'ignore_ament_install'
[0.387s] Level 1:colcon.colcon_core.package_identification:_identify(src/race_stack/system_identification/steering_lookup) by extensions ['colcon_pkg']
[0.388s] Level 1:colcon.colcon_core.package_identification:_identify(src/race_stack/system_identification/steering_lookup) by extension 'colcon_pkg'
[0.388s] Level 1:colcon.colcon_core.package_identification:_identify(src/race_stack/system_identification/steering_lookup) by extensions ['colcon_meta']
[0.388s] Level 1:colcon.colcon_core.package_identification:_identify(src/race_stack/system_identification/steering_lookup) by extension 'colcon_meta'
[0.388s] Level 1:colcon.colcon_core.package_identification:_identify(src/race_stack/system_identification/steering_lookup) by extensions ['ros']
[0.388s] Level 1:colcon.colcon_core.package_identification:_identify(src/race_stack/system_identification/steering_lookup) by extension 'ros'
[0.388s] DEBUG:colcon.colcon_core.package_identification:Package 'src/race_stack/system_identification/steering_lookup' with type 'ros.ament_python' and name 'steering_lookup'
[0.388s] Level 1:colcon.colcon_core.package_identification:_identify(src/race_stack/utilities) by extensions ['ignore', 'ignore_ament_install']
[0.388s] Level 1:colcon.colcon_core.package_identification:_identify(src/race_stack/utilities) by extension 'ignore'
[0.388s] Level 1:colcon.colcon_core.package_identification:_identify(src/race_stack/utilities) by extension 'ignore_ament_install'
[0.388s] Level 1:colcon.colcon_core.package_identification:_identify(src/race_stack/utilities) by extensions ['colcon_pkg']
[0.389s] Level 1:colcon.colcon_core.package_identification:_identify(src/race_stack/utilities) by extension 'colcon_pkg'
[0.389s] Level 1:colcon.colcon_core.package_identification:_identify(src/race_stack/utilities) by extensions ['colcon_meta']
[0.389s] Level 1:colcon.colcon_core.package_identification:_identify(src/race_stack/utilities) by extension 'colcon_meta'
[0.389s] Level 1:colcon.colcon_core.package_identification:_identify(src/race_stack/utilities) by extensions ['ros']
[0.389s] Level 1:colcon.colcon_core.package_identification:_identify(src/race_stack/utilities) by extension 'ros'
[0.389s] Level 1:colcon.colcon_core.package_identification:_identify(src/race_stack/utilities) by extensions ['cmake', 'python']
[0.389s] Level 1:colcon.colcon_core.package_identification:_identify(src/race_stack/utilities) by extension 'cmake'
[0.389s] Level 1:colcon.colcon_core.package_identification:_identify(src/race_stack/utilities) by extension 'python'
[0.389s] Level 1:colcon.colcon_core.package_identification:_identify(src/race_stack/utilities) by extensions ['python_setup_py']
[0.389s] Level 1:colcon.colcon_core.package_identification:_identify(src/race_stack/utilities) by extension 'python_setup_py'
[0.389s] Level 1:colcon.colcon_core.package_identification:_identify(src/race_stack/utilities/libraries) by extensions ['ignore', 'ignore_ament_install']
[0.389s] Level 1:colcon.colcon_core.package_identification:_identify(src/race_stack/utilities/libraries) by extension 'ignore'
[0.389s] Level 1:colcon.colcon_core.package_identification:_identify(src/race_stack/utilities/libraries) by extension 'ignore_ament_install'
[0.389s] Level 1:colcon.colcon_core.package_identification:_identify(src/race_stack/utilities/libraries) by extensions ['colcon_pkg']
[0.389s] Level 1:colcon.colcon_core.package_identification:_identify(src/race_stack/utilities/libraries) by extension 'colcon_pkg'
[0.389s] Level 1:colcon.colcon_core.package_identification:_identify(src/race_stack/utilities/libraries) by extensions ['colcon_meta']
[0.389s] Level 1:colcon.colcon_core.package_identification:_identify(src/race_stack/utilities/libraries) by extension 'colcon_meta'
[0.389s] Level 1:colcon.colcon_core.package_identification:_identify(src/race_stack/utilities/libraries) by extensions ['ros']
[0.389s] Level 1:colcon.colcon_core.package_identification:_identify(src/race_stack/utilities/libraries) by extension 'ros'
[0.389s] Level 1:colcon.colcon_core.package_identification:_identify(src/race_stack/utilities/libraries) by extensions ['cmake', 'python']
[0.389s] Level 1:colcon.colcon_core.package_identification:_identify(src/race_stack/utilities/libraries) by extension 'cmake'
[0.389s] Level 1:colcon.colcon_core.package_identification:_identify(src/race_stack/utilities/libraries) by extension 'python'
[0.389s] Level 1:colcon.colcon_core.package_identification:_identify(src/race_stack/utilities/libraries) by extensions ['python_setup_py']
[0.389s] Level 1:colcon.colcon_core.package_identification:_identify(src/race_stack/utilities/libraries) by extension 'python_setup_py'
[0.389s] Level 1:colcon.colcon_core.package_identification:_identify(src/race_stack/utilities/libraries/f110_msgs) by extensions ['ignore', 'ignore_ament_install']
[0.390s] Level 1:colcon.colcon_core.package_identification:_identify(src/race_stack/utilities/libraries/f110_msgs) by extension 'ignore'
[0.390s] Level 1:colcon.colcon_core.package_identification:_identify(src/race_stack/utilities/libraries/f110_msgs) by extension 'ignore_ament_install'
[0.390s] Level 1:colcon.colcon_core.package_identification:_identify(src/race_stack/utilities/libraries/f110_msgs) by extensions ['colcon_pkg']
[0.390s] Level 1:colcon.colcon_core.package_identification:_identify(src/race_stack/utilities/libraries/f110_msgs) by extension 'colcon_pkg'
[0.390s] Level 1:colcon.colcon_core.package_identification:_identify(src/race_stack/utilities/libraries/f110_msgs) by extensions ['colcon_meta']
[0.390s] Level 1:colcon.colcon_core.package_identification:_identify(src/race_stack/utilities/libraries/f110_msgs) by extension 'colcon_meta'
[0.390s] Level 1:colcon.colcon_core.package_identification:_identify(src/race_stack/utilities/libraries/f110_msgs) by extensions ['ros']
[0.390s] Level 1:colcon.colcon_core.package_identification:_identify(src/race_stack/utilities/libraries/f110_msgs) by extension 'ros'
[0.390s] DEBUG:colcon.colcon_core.package_identification:Package 'src/race_stack/utilities/libraries/f110_msgs' with type 'ros.ament_cmake' and name 'f110_msgs'
[0.391s] Level 1:colcon.colcon_core.package_identification:_identify(src/race_stack/utilities/libraries/frenet_conversion) by extensions ['ignore', 'ignore_ament_install']
[0.391s] Level 1:colcon.colcon_core.package_identification:_identify(src/race_stack/utilities/libraries/frenet_conversion) by extension 'ignore'
[0.391s] Level 1:colcon.colcon_core.package_identification:_identify(src/race_stack/utilities/libraries/frenet_conversion) by extension 'ignore_ament_install'
[0.391s] Level 1:colcon.colcon_core.package_identification:_identify(src/race_stack/utilities/libraries/frenet_conversion) by extensions ['colcon_pkg']
[0.391s] Level 1:colcon.colcon_core.package_identification:_identify(src/race_stack/utilities/libraries/frenet_conversion) by extension 'colcon_pkg'
[0.391s] Level 1:colcon.colcon_core.package_identification:_identify(src/race_stack/utilities/libraries/frenet_conversion) by extensions ['colcon_meta']
[0.391s] Level 1:colcon.colcon_core.package_identification:_identify(src/race_stack/utilities/libraries/frenet_conversion) by extension 'colcon_meta'
[0.391s] Level 1:colcon.colcon_core.package_identification:_identify(src/race_stack/utilities/libraries/frenet_conversion) by extensions ['ros']
[0.391s] Level 1:colcon.colcon_core.package_identification:_identify(src/race_stack/utilities/libraries/frenet_conversion) by extension 'ros'
[0.391s] DEBUG:colcon.colcon_core.package_identification:Package 'src/race_stack/utilities/libraries/frenet_conversion' with type 'ros.ament_python' and name 'frenet_conversion'
[0.391s] Level 1:colcon.colcon_core.package_identification:_identify(src/race_stack/utilities/nodes) by extensions ['ignore', 'ignore_ament_install']
[0.392s] Level 1:colcon.colcon_core.package_identification:_identify(src/race_stack/utilities/nodes) by extension 'ignore'
[0.392s] Level 1:colcon.colcon_core.package_identification:_identify(src/race_stack/utilities/nodes) by extension 'ignore_ament_install'
[0.392s] Level 1:colcon.colcon_core.package_identification:_identify(src/race_stack/utilities/nodes) by extensions ['colcon_pkg']
[0.392s] Level 1:colcon.colcon_core.package_identification:_identify(src/race_stack/utilities/nodes) by extension 'colcon_pkg'
[0.392s] Level 1:colcon.colcon_core.package_identification:_identify(src/race_stack/utilities/nodes) by extensions ['colcon_meta']
[0.392s] Level 1:colcon.colcon_core.package_identification:_identify(src/race_stack/utilities/nodes) by extension 'colcon_meta'
[0.392s] Level 1:colcon.colcon_core.package_identification:_identify(src/race_stack/utilities/nodes) by extensions ['ros']
[0.392s] Level 1:colcon.colcon_core.package_identification:_identify(src/race_stack/utilities/nodes) by extension 'ros'
[0.392s] Level 1:colcon.colcon_core.package_identification:_identify(src/race_stack/utilities/nodes) by extensions ['cmake', 'python']
[0.392s] Level 1:colcon.colcon_core.package_identification:_identify(src/race_stack/utilities/nodes) by extension 'cmake'
[0.392s] Level 1:colcon.colcon_core.package_identification:_identify(src/race_stack/utilities/nodes) by extension 'python'
[0.392s] Level 1:colcon.colcon_core.package_identification:_identify(src/race_stack/utilities/nodes) by extensions ['python_setup_py']
[0.392s] Level 1:colcon.colcon_core.package_identification:_identify(src/race_stack/utilities/nodes) by extension 'python_setup_py'
[0.392s] Level 1:colcon.colcon_core.package_identification:_identify(src/race_stack/utilities/nodes/frenet_odom_republisher) by extensions ['ignore', 'ignore_ament_install']
[0.392s] Level 1:colcon.colcon_core.package_identification:_identify(src/race_stack/utilities/nodes/frenet_odom_republisher) by extension 'ignore'
[0.392s] Level 1:colcon.colcon_core.package_identification:_identify(src/race_stack/utilities/nodes/frenet_odom_republisher) by extension 'ignore_ament_install'
[0.392s] Level 1:colcon.colcon_core.package_identification:_identify(src/race_stack/utilities/nodes/frenet_odom_republisher) by extensions ['colcon_pkg']
[0.392s] Level 1:colcon.colcon_core.package_identification:_identify(src/race_stack/utilities/nodes/frenet_odom_republisher) by extension 'colcon_pkg'
[0.392s] Level 1:colcon.colcon_core.package_identification:_identify(src/race_stack/utilities/nodes/frenet_odom_republisher) by extensions ['colcon_meta']
[0.392s] Level 1:colcon.colcon_core.package_identification:_identify(src/race_stack/utilities/nodes/frenet_odom_republisher) by extension 'colcon_meta'
[0.392s] Level 1:colcon.colcon_core.package_identification:_identify(src/race_stack/utilities/nodes/frenet_odom_republisher) by extensions ['ros']
[0.392s] Level 1:colcon.colcon_core.package_identification:_identify(src/race_stack/utilities/nodes/frenet_odom_republisher) by extension 'ros'
[0.393s] DEBUG:colcon.colcon_core.package_identification:Package 'src/race_stack/utilities/nodes/frenet_odom_republisher' with type 'ros.ament_python' and name 'frenet_odom_republisher'
[0.393s] Level 1:colcon.colcon_core.package_identification:_identify(src/race_stack/utilities/nodes/lap_analyser) by extensions ['ignore', 'ignore_ament_install']
[0.393s] Level 1:colcon.colcon_core.package_identification:_identify(src/race_stack/utilities/nodes/lap_analyser) by extension 'ignore'
[0.393s] Level 1:colcon.colcon_core.package_identification:_identify(src/race_stack/utilities/nodes/lap_analyser) by extension 'ignore_ament_install'
[0.393s] Level 1:colcon.colcon_core.package_identification:_identify(src/race_stack/utilities/nodes/lap_analyser) by extensions ['colcon_pkg']
[0.393s] Level 1:colcon.colcon_core.package_identification:_identify(src/race_stack/utilities/nodes/lap_analyser) by extension 'colcon_pkg'
[0.393s] Level 1:colcon.colcon_core.package_identification:_identify(src/race_stack/utilities/nodes/lap_analyser) by extensions ['colcon_meta']
[0.393s] Level 1:colcon.colcon_core.package_identification:_identify(src/race_stack/utilities/nodes/lap_analyser) by extension 'colcon_meta'
[0.393s] Level 1:colcon.colcon_core.package_identification:_identify(src/race_stack/utilities/nodes/lap_analyser) by extensions ['ros']
[0.393s] Level 1:colcon.colcon_core.package_identification:_identify(src/race_stack/utilities/nodes/lap_analyser) by extension 'ros'
[0.394s] DEBUG:colcon.colcon_core.package_identification:Package 'src/race_stack/utilities/nodes/lap_analyser' with type 'ros.ament_python' and name 'lap_analyser'
[0.394s] Level 1:colcon.colcon_core.package_identification:_identify(src/race_stack/utilities/nodes/map_editor) by extensions ['ignore', 'ignore_ament_install']
[0.394s] Level 1:colcon.colcon_core.package_identification:_identify(src/race_stack/utilities/nodes/map_editor) by extension 'ignore'
[0.394s] Level 1:colcon.colcon_core.package_identification:_identify(src/race_stack/utilities/nodes/map_editor) by extension 'ignore_ament_install'
[0.394s] Level 1:colcon.colcon_core.package_identification:_identify(src/race_stack/utilities/nodes/map_editor) by extensions ['colcon_pkg']
[0.394s] Level 1:colcon.colcon_core.package_identification:_identify(src/race_stack/utilities/nodes/map_editor) by extension 'colcon_pkg'
[0.394s] Level 1:colcon.colcon_core.package_identification:_identify(src/race_stack/utilities/nodes/map_editor) by extensions ['colcon_meta']
[0.394s] Level 1:colcon.colcon_core.package_identification:_identify(src/race_stack/utilities/nodes/map_editor) by extension 'colcon_meta'
[0.394s] Level 1:colcon.colcon_core.package_identification:_identify(src/race_stack/utilities/nodes/map_editor) by extensions ['ros']
[0.394s] Level 1:colcon.colcon_core.package_identification:_identify(src/race_stack/utilities/nodes/map_editor) by extension 'ros'
[0.395s] DEBUG:colcon.colcon_core.package_identification:Package 'src/race_stack/utilities/nodes/map_editor' with type 'ros.ament_python' and name 'map_editor'
[0.395s] Level 1:colcon.colcon_core.package_identification:_identify(src/race_stack/utilities/nodes/opponent_publisher) by extensions ['ignore', 'ignore_ament_install']
[0.395s] Level 1:colcon.colcon_core.package_identification:_identify(src/race_stack/utilities/nodes/opponent_publisher) by extension 'ignore'
[0.395s] Level 1:colcon.colcon_core.package_identification:_identify(src/race_stack/utilities/nodes/opponent_publisher) by extension 'ignore_ament_install'
[0.395s] Level 1:colcon.colcon_core.package_identification:_identify(src/race_stack/utilities/nodes/opponent_publisher) by extensions ['colcon_pkg']
[0.395s] Level 1:colcon.colcon_core.package_identification:_identify(src/race_stack/utilities/nodes/opponent_publisher) by extension 'colcon_pkg'
[0.395s] Level 1:colcon.colcon_core.package_identification:_identify(src/race_stack/utilities/nodes/opponent_publisher) by extensions ['colcon_meta']
[0.395s] Level 1:colcon.colcon_core.package_identification:_identify(src/race_stack/utilities/nodes/opponent_publisher) by extension 'colcon_meta'
[0.395s] Level 1:colcon.colcon_core.package_identification:_identify(src/race_stack/utilities/nodes/opponent_publisher) by extensions ['ros']
[0.395s] Level 1:colcon.colcon_core.package_identification:_identify(src/race_stack/utilities/nodes/opponent_publisher) by extension 'ros'
[0.396s] DEBUG:colcon.colcon_core.package_identification:Package 'src/race_stack/utilities/nodes/opponent_publisher' with type 'ros.ament_python' and name 'opponent_publisher'
[0.396s] Level 1:colcon.colcon_core.package_identification:_identify(src/race_stack/utilities/nodes/sector_tuner) by extensions ['ignore', 'ignore_ament_install']
[0.396s] Level 1:colcon.colcon_core.package_identification:_identify(src/race_stack/utilities/nodes/sector_tuner) by extension 'ignore'
[0.396s] Level 1:colcon.colcon_core.package_identification:_identify(src/race_stack/utilities/nodes/sector_tuner) by extension 'ignore_ament_install'
[0.396s] Level 1:colcon.colcon_core.package_identification:_identify(src/race_stack/utilities/nodes/sector_tuner) by extensions ['colcon_pkg']
[0.396s] Level 1:colcon.colcon_core.package_identification:_identify(src/race_stack/utilities/nodes/sector_tuner) by extension 'colcon_pkg'
[0.396s] Level 1:colcon.colcon_core.package_identification:_identify(src/race_stack/utilities/nodes/sector_tuner) by extensions ['colcon_meta']
[0.396s] Level 1:colcon.colcon_core.package_identification:_identify(src/race_stack/utilities/nodes/sector_tuner) by extension 'colcon_meta'
[0.396s] Level 1:colcon.colcon_core.package_identification:_identify(src/race_stack/utilities/nodes/sector_tuner) by extensions ['ros']
[0.396s] Level 1:colcon.colcon_core.package_identification:_identify(src/race_stack/utilities/nodes/sector_tuner) by extension 'ros'
[0.397s] DEBUG:colcon.colcon_core.package_identification:Package 'src/race_stack/utilities/nodes/sector_tuner' with type 'ros.ament_python' and name 'sector_tuner'
[0.397s] Level 1:colcon.colcon_core.package_identification:_identify(src/race_stack/utilities/nodes/slam_tuner) by extensions ['ignore', 'ignore_ament_install']
[0.397s] Level 1:colcon.colcon_core.package_identification:_identify(src/race_stack/utilities/nodes/slam_tuner) by extension 'ignore'
[0.397s] Level 1:colcon.colcon_core.package_identification:_identify(src/race_stack/utilities/nodes/slam_tuner) by extension 'ignore_ament_install'
[0.397s] Level 1:colcon.colcon_core.package_identification:_identify(src/race_stack/utilities/nodes/slam_tuner) by extensions ['colcon_pkg']
[0.397s] Level 1:colcon.colcon_core.package_identification:_identify(src/race_stack/utilities/nodes/slam_tuner) by extension 'colcon_pkg'
[0.397s] Level 1:colcon.colcon_core.package_identification:_identify(src/race_stack/utilities/nodes/slam_tuner) by extensions ['colcon_meta']
[0.397s] Level 1:colcon.colcon_core.package_identification:_identify(src/race_stack/utilities/nodes/slam_tuner) by extension 'colcon_meta'
[0.397s] Level 1:colcon.colcon_core.package_identification:_identify(src/race_stack/utilities/nodes/slam_tuner) by extensions ['ros']
[0.397s] Level 1:colcon.colcon_core.package_identification:_identify(src/race_stack/utilities/nodes/slam_tuner) by extension 'ros'
[0.397s] DEBUG:colcon.colcon_core.package_identification:Package 'src/race_stack/utilities/nodes/slam_tuner' with type 'ros.ament_python' and name 'slam_tuner'
[0.398s] Level 1:colcon.colcon_core.package_identification:_identify(src/race_stack/utilities/nodes/sombrero_visualization) by extensions ['ignore', 'ignore_ament_install']
[0.398s] Level 1:colcon.colcon_core.package_identification:_identify(src/race_stack/utilities/nodes/sombrero_visualization) by extension 'ignore'
[0.398s] Level 1:colcon.colcon_core.package_identification:_identify(src/race_stack/utilities/nodes/sombrero_visualization) by extension 'ignore_ament_install'
[0.398s] Level 1:colcon.colcon_core.package_identification:_identify(src/race_stack/utilities/nodes/sombrero_visualization) by extensions ['colcon_pkg']
[0.398s] Level 1:colcon.colcon_core.package_identification:_identify(src/race_stack/utilities/nodes/sombrero_visualization) by extension 'colcon_pkg'
[0.398s] Level 1:colcon.colcon_core.package_identification:_identify(src/race_stack/utilities/nodes/sombrero_visualization) by extensions ['colcon_meta']
[0.398s] Level 1:colcon.colcon_core.package_identification:_identify(src/race_stack/utilities/nodes/sombrero_visualization) by extension 'colcon_meta'
[0.398s] Level 1:colcon.colcon_core.package_identification:_identify(src/race_stack/utilities/nodes/sombrero_visualization) by extensions ['ros']
[0.398s] Level 1:colcon.colcon_core.package_identification:_identify(src/race_stack/utilities/nodes/sombrero_visualization) by extension 'ros'
[0.398s] Level 1:colcon.colcon_core.package_identification:_identify(src/race_stack/utilities/nodes/sombrero_visualization) by extensions ['cmake', 'python']
[0.398s] Level 1:colcon.colcon_core.package_identification:_identify(src/race_stack/utilities/nodes/sombrero_visualization) by extension 'cmake'
[0.398s] Level 1:colcon.colcon_core.package_identification:_identify(src/race_stack/utilities/nodes/sombrero_visualization) by extension 'python'
[0.398s] Level 1:colcon.colcon_core.package_identification:_identify(src/race_stack/utilities/nodes/sombrero_visualization) by extensions ['python_setup_py']
[0.398s] Level 1:colcon.colcon_core.package_identification:_identify(src/race_stack/utilities/nodes/sombrero_visualization) by extension 'python_setup_py'
[0.398s] Level 1:colcon.colcon_core.package_discovery:discover_packages(recursive) using defaults
[0.398s] Level 1:colcon.colcon_core.package_discovery:discover_packages(ignore) discover
[0.398s] Level 1:colcon.colcon_core.package_discovery:discover_packages(ignore) using defaults
[0.398s] Level 1:colcon.colcon_core.package_discovery:discover_packages(path) discover
[0.398s] Level 1:colcon.colcon_core.package_discovery:discover_packages(path) using defaults
[0.423s] Level 1:colcon.colcon_core.package_discovery:discover_packages(prefix_path) check parameters
[0.423s] Level 1:colcon.colcon_core.package_discovery:discover_packages(prefix_path) discover
[0.424s] WARNING:colcon.colcon_ros.prefix_path.ament:The path '/home/hanjh/F1_TENTH_UNITA/install/f1tenth_stack' in the environment variable AMENT_PREFIX_PATH doesn't exist
[0.425s] WARNING:colcon.colcon_ros.prefix_path.ament:The path '/home/hanjh/F1_TENTH_UNITA/install/vesc' in the environment variable AMENT_PREFIX_PATH doesn't exist
[0.425s] WARNING:colcon.colcon_ros.prefix_path.ament:The path '/home/hanjh/F1_TENTH_UNITA/install/vesc_driver' in the environment variable AMENT_PREFIX_PATH doesn't exist
[0.425s] WARNING:colcon.colcon_ros.prefix_path.ament:The path '/home/hanjh/F1_TENTH_UNITA/install/vesc_ackermann' in the environment variable AMENT_PREFIX_PATH doesn't exist
[0.425s] WARNING:colcon.colcon_ros.prefix_path.ament:The path '/home/hanjh/F1_TENTH_UNITA/install/vesc_msgs' in the environment variable AMENT_PREFIX_PATH doesn't exist
[0.425s] WARNING:colcon.colcon_ros.prefix_path.ament:The path '/home/hanjh/F1_TENTH_UNITA/install/teleop_tools' in the environment variable AMENT_PREFIX_PATH doesn't exist
[0.425s] WARNING:colcon.colcon_ros.prefix_path.ament:The path '/home/hanjh/F1_TENTH_UNITA/install/joy_teleop' in the environment variable AMENT_PREFIX_PATH doesn't exist
[0.425s] WARNING:colcon.colcon_ros.prefix_path.ament:The path '/home/hanjh/F1_TENTH_UNITA/install/teleop_tools_msgs' in the environment variable AMENT_PREFIX_PATH doesn't exist
[0.425s] WARNING:colcon.colcon_ros.prefix_path.ament:The path '/home/hanjh/F1_TENTH_UNITA/install/steering_lookup' in the environment variable AMENT_PREFIX_PATH doesn't exist
[0.425s] WARNING:colcon.colcon_ros.prefix_path.ament:The path '/home/hanjh/F1_TENTH_UNITA/install/state_machine' in the environment variable AMENT_PREFIX_PATH doesn't exist
[0.425s] WARNING:colcon.colcon_ros.prefix_path.ament:The path '/home/hanjh/F1_TENTH_UNITA/install/slam_tuner' in the environment variable AMENT_PREFIX_PATH doesn't exist
[0.425s] WARNING:colcon.colcon_ros.prefix_path.ament:The path '/home/hanjh/F1_TENTH_UNITA/install/state_estimation' in the environment variable AMENT_PREFIX_PATH doesn't exist
[0.425s] WARNING:colcon.colcon_ros.prefix_path.ament:The path '/home/hanjh/F1_TENTH_UNITA/install/map_editor' in the environment variable AMENT_PREFIX_PATH doesn't exist
[0.425s] WARNING:colcon.colcon_ros.prefix_path.ament:The path '/home/hanjh/F1_TENTH_UNITA/install/stack_master' in the environment variable AMENT_PREFIX_PATH doesn't exist
[0.425s] WARNING:colcon.colcon_ros.prefix_path.ament:The path '/home/hanjh/F1_TENTH_UNITA/install/spline_planner' in the environment variable AMENT_PREFIX_PATH doesn't exist
[0.425s] WARNING:colcon.colcon_ros.prefix_path.ament:The path '/home/hanjh/F1_TENTH_UNITA/install/sector_tuner' in the environment variable AMENT_PREFIX_PATH doesn't exist
[0.425s] WARNING:colcon.colcon_ros.prefix_path.ament:The path '/home/hanjh/F1_TENTH_UNITA/install/perception' in the environment variable AMENT_PREFIX_PATH doesn't exist
[0.425s] WARNING:colcon.colcon_ros.prefix_path.ament:The path '/home/hanjh/F1_TENTH_UNITA/install/opponent_publisher' in the environment variable AMENT_PREFIX_PATH doesn't exist
[0.425s] WARNING:colcon.colcon_ros.prefix_path.ament:The path '/home/hanjh/F1_TENTH_UNITA/install/mouse_teleop' in the environment variable AMENT_PREFIX_PATH doesn't exist
[0.425s] WARNING:colcon.colcon_ros.prefix_path.ament:The path '/home/hanjh/F1_TENTH_UNITA/install/lap_analyser' in the environment variable AMENT_PREFIX_PATH doesn't exist
[0.425s] WARNING:colcon.colcon_ros.prefix_path.ament:The path '/home/hanjh/F1_TENTH_UNITA/install/key_teleop' in the environment variable AMENT_PREFIX_PATH doesn't exist
[0.425s] WARNING:colcon.colcon_ros.prefix_path.ament:The path '/home/hanjh/F1_TENTH_UNITA/install/id_controller' in the environment variable AMENT_PREFIX_PATH doesn't exist
[0.425s] WARNING:colcon.colcon_ros.prefix_path.ament:The path '/home/hanjh/F1_TENTH_UNITA/install/global_planner' in the environment variable AMENT_PREFIX_PATH doesn't exist
[0.425s] WARNING:colcon.colcon_ros.prefix_path.ament:The path '/home/hanjh/F1_TENTH_UNITA/install/frenet_odom_republisher' in the environment variable AMENT_PREFIX_PATH doesn't exist
[0.425s] WARNING:colcon.colcon_ros.prefix_path.ament:The path '/home/hanjh/F1_TENTH_UNITA/install/frenet_conversion' in the environment variable AMENT_PREFIX_PATH doesn't exist
[0.425s] WARNING:colcon.colcon_ros.prefix_path.ament:The path '/home/hanjh/F1_TENTH_UNITA/install/f1tenth_gym_ros' in the environment variable AMENT_PREFIX_PATH doesn't exist
[0.425s] WARNING:colcon.colcon_ros.prefix_path.ament:The path '/home/hanjh/F1_TENTH_UNITA/install/f110_msgs' in the environment variable AMENT_PREFIX_PATH doesn't exist
[0.425s] WARNING:colcon.colcon_ros.prefix_path.ament:The path '/home/hanjh/F1_TENTH_UNITA/install/controller' in the environment variable AMENT_PREFIX_PATH doesn't exist
[0.425s] WARNING:colcon.colcon_ros.prefix_path.ament:The path '/home/hanjh/F1_TENTH_UNITA/install/ackermann_mux' in the environment variable AMENT_PREFIX_PATH doesn't exist
[0.427s] WARNING:colcon.colcon_ros.prefix_path.catkin:The path '/home/hanjh/F1_TENTH_UNITA/install/vesc' in the environment variable CMAKE_PREFIX_PATH doesn't exist
[0.427s] WARNING:colcon.colcon_ros.prefix_path.catkin:The path '/home/hanjh/F1_TENTH_UNITA/install/vesc_driver' in the environment variable CMAKE_PREFIX_PATH doesn't exist
[0.427s] WARNING:colcon.colcon_ros.prefix_path.catkin:The path '/home/hanjh/F1_TENTH_UNITA/install/vesc_ackermann' in the environment variable CMAKE_PREFIX_PATH doesn't exist
[0.427s] WARNING:colcon.colcon_ros.prefix_path.catkin:The path '/home/hanjh/F1_TENTH_UNITA/install/vesc_msgs' in the environment variable CMAKE_PREFIX_PATH doesn't exist
[0.427s] WARNING:colcon.colcon_ros.prefix_path.catkin:The path '/home/hanjh/F1_TENTH_UNITA/install/teleop_tools' in the environment variable CMAKE_PREFIX_PATH doesn't exist
[0.427s] WARNING:colcon.colcon_ros.prefix_path.catkin:The path '/home/hanjh/F1_TENTH_UNITA/install/teleop_tools_msgs' in the environment variable CMAKE_PREFIX_PATH doesn't exist
[0.427s] WARNING:colcon.colcon_ros.prefix_path.catkin:The path '/home/hanjh/F1_TENTH_UNITA/install/f110_msgs' in the environment variable CMAKE_PREFIX_PATH doesn't exist
[0.427s] WARNING:colcon.colcon_ros.prefix_path.catkin:The path '/home/hanjh/F1_TENTH_UNITA/install/ackermann_mux' in the environment variable CMAKE_PREFIX_PATH doesn't exist
[0.428s] DEBUG:colcon.colcon_installed_package_information.package_discovery:Found 0 installed packages in /home/hanjh/F1_TENTH_UNITA/install
[0.428s] DEBUG:colcon.colcon_installed_package_information.package_discovery:Found 13 installed packages in /home/hanjh/ros2_ws/install
[0.430s] DEBUG:colcon.colcon_installed_package_information.package_discovery:Found 542 installed packages in /opt/ros/humble
[0.431s] Level 1:colcon.colcon_core.package_discovery:discover_packages(prefix_path) using defaults
[0.470s] WARNING:colcon.colcon_core.package_selection:Some selected packages are already built in one or more underlay workspaces:
	'joy_teleop' is in: /opt/ros/humble
	'teleop_tools_msgs' is in: /opt/ros/humble
If a package in a merged underlay workspace is overridden and it installs headers, then all packages in the overlay must sort their include directories by workspace order. Failure to do so may result in build failures or undefined behavior at run time.
If the overridden package is used by another package in any underlay, then the overriding package in the overlay must be API and ABI compatible or undefined behavior at run time may occur.

If you understand the risks and want to override a package anyways, add the following to the command line:
	--allow-overriding joy_teleop teleop_tools_msgs

This may be promoted to an error in a future release of colcon-override-check.
[0.471s] Level 5:colcon.colcon_core.verb:set package 'ackermann_mux' build argument 'cmake_args' from command line to 'None'
[0.471s] Level 5:colcon.colcon_core.verb:set package 'ackermann_mux' build argument 'cmake_target' from command line to 'None'
[0.471s] Level 5:colcon.colcon_core.verb:set package 'ackermann_mux' build argument 'cmake_target_skip_unavailable' from command line to 'False'
[0.471s] Level 5:colcon.colcon_core.verb:set package 'ackermann_mux' build argument 'cmake_clean_cache' from command line to 'False'
[0.471s] Level 5:colcon.colcon_core.verb:set package 'ackermann_mux' build argument 'cmake_clean_first' from command line to 'False'
[0.471s] Level 5:colcon.colcon_core.verb:set package 'ackermann_mux' build argument 'cmake_force_configure' from command line to 'False'
[0.471s] Level 5:colcon.colcon_core.verb:set package 'ackermann_mux' build argument 'ament_cmake_args' from command line to 'None'
[0.471s] Level 5:colcon.colcon_core.verb:set package 'ackermann_mux' build argument 'catkin_cmake_args' from command line to 'None'
[0.471s] Level 5:colcon.colcon_core.verb:set package 'ackermann_mux' build argument 'catkin_skip_building_tests' from command line to 'False'
[0.471s] DEBUG:colcon.colcon_core.verb:Building package 'ackermann_mux' with the following arguments: {'ament_cmake_args': None, 'build_base': '/home/hanjh/F1_TENTH_UNITA/build/ackermann_mux', 'catkin_cmake_args': None, 'catkin_skip_building_tests': False, 'cmake_args': None, 'cmake_clean_cache': False, 'cmake_clean_first': False, 'cmake_force_configure': False, 'cmake_target': None, 'cmake_target_skip_unavailable': False, 'install_base': '/home/hanjh/F1_TENTH_UNITA/install/ackermann_mux', 'merge_install': False, 'path': '/home/hanjh/F1_TENTH_UNITA/src/race_stack/base_system/f1tenth_system/ackermann_mux', 'symlink_install': True, 'test_result_base': None}
[0.471s] Level 5:colcon.colcon_core.verb:set package 'controller' build argument 'cmake_args' from command line to 'None'
[0.471s] Level 5:colcon.colcon_core.verb:set package 'controller' build argument 'cmake_target' from command line to 'None'
[0.471s] Level 5:colcon.colcon_core.verb:set package 'controller' build argument 'cmake_target_skip_unavailable' from command line to 'False'
[0.471s] Level 5:colcon.colcon_core.verb:set package 'controller' build argument 'cmake_clean_cache' from command line to 'False'
[0.471s] Level 5:colcon.colcon_core.verb:set package 'controller' build argument 'cmake_clean_first' from command line to 'False'
[0.471s] Level 5:colcon.colcon_core.verb:set package 'controller' build argument 'cmake_force_configure' from command line to 'False'
[0.471s] Level 5:colcon.colcon_core.verb:set package 'controller' build argument 'ament_cmake_args' from command line to 'None'
[0.471s] Level 5:colcon.colcon_core.verb:set package 'controller' build argument 'catkin_cmake_args' from command line to 'None'
[0.471s] Level 5:colcon.colcon_core.verb:set package 'controller' build argument 'catkin_skip_building_tests' from command line to 'False'
[0.471s] DEBUG:colcon.colcon_core.verb:Building package 'controller' with the following arguments: {'ament_cmake_args': None, 'build_base': '/home/hanjh/F1_TENTH_UNITA/build/controller', 'catkin_cmake_args': None, 'catkin_skip_building_tests': False, 'cmake_args': None, 'cmake_clean_cache': False, 'cmake_clean_first': False, 'cmake_force_configure': False, 'cmake_target': None, 'cmake_target_skip_unavailable': False, 'install_base': '/home/hanjh/F1_TENTH_UNITA/install/controller', 'merge_install': False, 'path': '/home/hanjh/F1_TENTH_UNITA/src/race_stack/controller', 'symlink_install': True, 'test_result_base': None}
[0.472s] Level 5:colcon.colcon_core.verb:set package 'f110_msgs' build argument 'cmake_args' from command line to 'None'
[0.472s] Level 5:colcon.colcon_core.verb:set package 'f110_msgs' build argument 'cmake_target' from command line to 'None'
[0.472s] Level 5:colcon.colcon_core.verb:set package 'f110_msgs' build argument 'cmake_target_skip_unavailable' from command line to 'False'
[0.472s] Level 5:colcon.colcon_core.verb:set package 'f110_msgs' build argument 'cmake_clean_cache' from command line to 'False'
[0.472s] Level 5:colcon.colcon_core.verb:set package 'f110_msgs' build argument 'cmake_clean_first' from command line to 'False'
[0.472s] Level 5:colcon.colcon_core.verb:set package 'f110_msgs' build argument 'cmake_force_configure' from command line to 'False'
[0.472s] Level 5:colcon.colcon_core.verb:set package 'f110_msgs' build argument 'ament_cmake_args' from command line to 'None'
[0.472s] Level 5:colcon.colcon_core.verb:set package 'f110_msgs' build argument 'catkin_cmake_args' from command line to 'None'
[0.472s] Level 5:colcon.colcon_core.verb:set package 'f110_msgs' build argument 'catkin_skip_building_tests' from command line to 'False'
[0.472s] DEBUG:colcon.colcon_core.verb:Building package 'f110_msgs' with the following arguments: {'ament_cmake_args': None, 'build_base': '/home/hanjh/F1_TENTH_UNITA/build/f110_msgs', 'catkin_cmake_args': None, 'catkin_skip_building_tests': False, 'cmake_args': None, 'cmake_clean_cache': False, 'cmake_clean_first': False, 'cmake_force_configure': False, 'cmake_target': None, 'cmake_target_skip_unavailable': False, 'install_base': '/home/hanjh/F1_TENTH_UNITA/install/f110_msgs', 'merge_install': False, 'path': '/home/hanjh/F1_TENTH_UNITA/src/race_stack/utilities/libraries/f110_msgs', 'symlink_install': True, 'test_result_base': None}
[0.472s] Level 5:colcon.colcon_core.verb:set package 'f1tenth_gym_ros' build argument 'cmake_args' from command line to 'None'
[0.472s] Level 5:colcon.colcon_core.verb:set package 'f1tenth_gym_ros' build argument 'cmake_target' from command line to 'None'
[0.472s] Level 5:colcon.colcon_core.verb:set package 'f1tenth_gym_ros' build argument 'cmake_target_skip_unavailable' from command line to 'False'
[0.472s] Level 5:colcon.colcon_core.verb:set package 'f1tenth_gym_ros' build argument 'cmake_clean_cache' from command line to 'False'
[0.472s] Level 5:colcon.colcon_core.verb:set package 'f1tenth_gym_ros' build argument 'cmake_clean_first' from command line to 'False'
[0.472s] Level 5:colcon.colcon_core.verb:set package 'f1tenth_gym_ros' build argument 'cmake_force_configure' from command line to 'False'
[0.472s] Level 5:colcon.colcon_core.verb:set package 'f1tenth_gym_ros' build argument 'ament_cmake_args' from command line to 'None'
[0.472s] Level 5:colcon.colcon_core.verb:set package 'f1tenth_gym_ros' build argument 'catkin_cmake_args' from command line to 'None'
[0.472s] Level 5:colcon.colcon_core.verb:set package 'f1tenth_gym_ros' build argument 'catkin_skip_building_tests' from command line to 'False'
[0.472s] DEBUG:colcon.colcon_core.verb:Building package 'f1tenth_gym_ros' with the following arguments: {'ament_cmake_args': None, 'build_base': '/home/hanjh/F1_TENTH_UNITA/build/f1tenth_gym_ros', 'catkin_cmake_args': None, 'catkin_skip_building_tests': False, 'cmake_args': None, 'cmake_clean_cache': False, 'cmake_clean_first': False, 'cmake_force_configure': False, 'cmake_target': None, 'cmake_target_skip_unavailable': False, 'install_base': '/home/hanjh/F1_TENTH_UNITA/install/f1tenth_gym_ros', 'merge_install': False, 'path': '/home/hanjh/F1_TENTH_UNITA/src/race_stack/base_system/f110_simulator/f1tenth_gym_ros', 'symlink_install': True, 'test_result_base': None}
[0.472s] Level 5:colcon.colcon_core.verb:set package 'frenet_conversion' build argument 'cmake_args' from command line to 'None'
[0.472s] Level 5:colcon.colcon_core.verb:set package 'frenet_conversion' build argument 'cmake_target' from command line to 'None'
[0.472s] Level 5:colcon.colcon_core.verb:set package 'frenet_conversion' build argument 'cmake_target_skip_unavailable' from command line to 'False'
[0.472s] Level 5:colcon.colcon_core.verb:set package 'frenet_conversion' build argument 'cmake_clean_cache' from command line to 'False'
[0.472s] Level 5:colcon.colcon_core.verb:set package 'frenet_conversion' build argument 'cmake_clean_first' from command line to 'False'
[0.472s] Level 5:colcon.colcon_core.verb:set package 'frenet_conversion' build argument 'cmake_force_configure' from command line to 'False'
[0.472s] Level 5:colcon.colcon_core.verb:set package 'frenet_conversion' build argument 'ament_cmake_args' from command line to 'None'
[0.472s] Level 5:colcon.colcon_core.verb:set package 'frenet_conversion' build argument 'catkin_cmake_args' from command line to 'None'
[0.472s] Level 5:colcon.colcon_core.verb:set package 'frenet_conversion' build argument 'catkin_skip_building_tests' from command line to 'False'
[0.472s] DEBUG:colcon.colcon_core.verb:Building package 'frenet_conversion' with the following arguments: {'ament_cmake_args': None, 'build_base': '/home/hanjh/F1_TENTH_UNITA/build/frenet_conversion', 'catkin_cmake_args': None, 'catkin_skip_building_tests': False, 'cmake_args': None, 'cmake_clean_cache': False, 'cmake_clean_first': False, 'cmake_force_configure': False, 'cmake_target': None, 'cmake_target_skip_unavailable': False, 'install_base': '/home/hanjh/F1_TENTH_UNITA/install/frenet_conversion', 'merge_install': False, 'path': '/home/hanjh/F1_TENTH_UNITA/src/race_stack/utilities/libraries/frenet_conversion', 'symlink_install': True, 'test_result_base': None}
[0.473s] Level 5:colcon.colcon_core.verb:set package 'frenet_odom_republisher' build argument 'cmake_args' from command line to 'None'
[0.473s] Level 5:colcon.colcon_core.verb:set package 'frenet_odom_republisher' build argument 'cmake_target' from command line to 'None'
[0.473s] Level 5:colcon.colcon_core.verb:set package 'frenet_odom_republisher' build argument 'cmake_target_skip_unavailable' from command line to 'False'
[0.473s] Level 5:colcon.colcon_core.verb:set package 'frenet_odom_republisher' build argument 'cmake_clean_cache' from command line to 'False'
[0.473s] Level 5:colcon.colcon_core.verb:set package 'frenet_odom_republisher' build argument 'cmake_clean_first' from command line to 'False'
[0.473s] Level 5:colcon.colcon_core.verb:set package 'frenet_odom_republisher' build argument 'cmake_force_configure' from command line to 'False'
[0.473s] Level 5:colcon.colcon_core.verb:set package 'frenet_odom_republisher' build argument 'ament_cmake_args' from command line to 'None'
[0.473s] Level 5:colcon.colcon_core.verb:set package 'frenet_odom_republisher' build argument 'catkin_cmake_args' from command line to 'None'
[0.473s] Level 5:colcon.colcon_core.verb:set package 'frenet_odom_republisher' build argument 'catkin_skip_building_tests' from command line to 'False'
[0.473s] DEBUG:colcon.colcon_core.verb:Building package 'frenet_odom_republisher' with the following arguments: {'ament_cmake_args': None, 'build_base': '/home/hanjh/F1_TENTH_UNITA/build/frenet_odom_republisher', 'catkin_cmake_args': None, 'catkin_skip_building_tests': False, 'cmake_args': None, 'cmake_clean_cache': False, 'cmake_clean_first': False, 'cmake_force_configure': False, 'cmake_target': None, 'cmake_target_skip_unavailable': False, 'install_base': '/home/hanjh/F1_TENTH_UNITA/install/frenet_odom_republisher', 'merge_install': False, 'path': '/home/hanjh/F1_TENTH_UNITA/src/race_stack/utilities/nodes/frenet_odom_republisher', 'symlink_install': True, 'test_result_base': None}
[0.473s] Level 5:colcon.colcon_core.verb:set package 'global_planner' build argument 'cmake_args' from command line to 'None'
[0.473s] Level 5:colcon.colcon_core.verb:set package 'global_planner' build argument 'cmake_target' from command line to 'None'
[0.473s] Level 5:colcon.colcon_core.verb:set package 'global_planner' build argument 'cmake_target_skip_unavailable' from command line to 'False'
[0.473s] Level 5:colcon.colcon_core.verb:set package 'global_planner' build argument 'cmake_clean_cache' from command line to 'False'
[0.473s] Level 5:colcon.colcon_core.verb:set package 'global_planner' build argument 'cmake_clean_first' from command line to 'False'
[0.473s] Level 5:colcon.colcon_core.verb:set package 'global_planner' build argument 'cmake_force_configure' from command line to 'False'
[0.473s] Level 5:colcon.colcon_core.verb:set package 'global_planner' build argument 'ament_cmake_args' from command line to 'None'
[0.473s] Level 5:colcon.colcon_core.verb:set package 'global_planner' build argument 'catkin_cmake_args' from command line to 'None'
[0.473s] Level 5:colcon.colcon_core.verb:set package 'global_planner' build argument 'catkin_skip_building_tests' from command line to 'False'
[0.473s] DEBUG:colcon.colcon_core.verb:Building package 'global_planner' with the following arguments: {'ament_cmake_args': None, 'build_base': '/home/hanjh/F1_TENTH_UNITA/build/global_planner', 'catkin_cmake_args': None, 'catkin_skip_building_tests': False, 'cmake_args': None, 'cmake_clean_cache': False, 'cmake_clean_first': False, 'cmake_force_configure': False, 'cmake_target': None, 'cmake_target_skip_unavailable': False, 'install_base': '/home/hanjh/F1_TENTH_UNITA/install/global_planner', 'merge_install': False, 'path': '/home/hanjh/F1_TENTH_UNITA/src/race_stack/planner/global_planner', 'symlink_install': True, 'test_result_base': None}
[0.473s] Level 5:colcon.colcon_core.verb:set package 'id_controller' build argument 'cmake_args' from command line to 'None'
[0.473s] Level 5:colcon.colcon_core.verb:set package 'id_controller' build argument 'cmake_target' from command line to 'None'
[0.473s] Level 5:colcon.colcon_core.verb:set package 'id_controller' build argument 'cmake_target_skip_unavailable' from command line to 'False'
[0.473s] Level 5:colcon.colcon_core.verb:set package 'id_controller' build argument 'cmake_clean_cache' from command line to 'False'
[0.473s] Level 5:colcon.colcon_core.verb:set package 'id_controller' build argument 'cmake_clean_first' from command line to 'False'
[0.473s] Level 5:colcon.colcon_core.verb:set package 'id_controller' build argument 'cmake_force_configure' from command line to 'False'
[0.473s] Level 5:colcon.colcon_core.verb:set package 'id_controller' build argument 'ament_cmake_args' from command line to 'None'
[0.473s] Level 5:colcon.colcon_core.verb:set package 'id_controller' build argument 'catkin_cmake_args' from command line to 'None'
[0.473s] Level 5:colcon.colcon_core.verb:set package 'id_controller' build argument 'catkin_skip_building_tests' from command line to 'False'
[0.473s] DEBUG:colcon.colcon_core.verb:Building package 'id_controller' with the following arguments: {'ament_cmake_args': None, 'build_base': '/home/hanjh/F1_TENTH_UNITA/build/id_controller', 'catkin_cmake_args': None, 'catkin_skip_building_tests': False, 'cmake_args': None, 'cmake_clean_cache': False, 'cmake_clean_first': False, 'cmake_force_configure': False, 'cmake_target': None, 'cmake_target_skip_unavailable': False, 'install_base': '/home/hanjh/F1_TENTH_UNITA/install/id_controller', 'merge_install': False, 'path': '/home/hanjh/F1_TENTH_UNITA/src/race_stack/system_identification/nodes/id_controller', 'symlink_install': True, 'test_result_base': None}
[0.473s] Level 5:colcon.colcon_core.verb:set package 'key_teleop' build argument 'cmake_args' from command line to 'None'
[0.474s] Level 5:colcon.colcon_core.verb:set package 'key_teleop' build argument 'cmake_target' from command line to 'None'
[0.474s] Level 5:colcon.colcon_core.verb:set package 'key_teleop' build argument 'cmake_target_skip_unavailable' from command line to 'False'
[0.474s] Level 5:colcon.colcon_core.verb:set package 'key_teleop' build argument 'cmake_clean_cache' from command line to 'False'
[0.474s] Level 5:colcon.colcon_core.verb:set package 'key_teleop' build argument 'cmake_clean_first' from command line to 'False'
[0.474s] Level 5:colcon.colcon_core.verb:set package 'key_teleop' build argument 'cmake_force_configure' from command line to 'False'
[0.474s] Level 5:colcon.colcon_core.verb:set package 'key_teleop' build argument 'ament_cmake_args' from command line to 'None'
[0.474s] Level 5:colcon.colcon_core.verb:set package 'key_teleop' build argument 'catkin_cmake_args' from command line to 'None'
[0.474s] Level 5:colcon.colcon_core.verb:set package 'key_teleop' build argument 'catkin_skip_building_tests' from command line to 'False'
[0.474s] DEBUG:colcon.colcon_core.verb:Building package 'key_teleop' with the following arguments: {'ament_cmake_args': None, 'build_base': '/home/hanjh/F1_TENTH_UNITA/build/key_teleop', 'catkin_cmake_args': None, 'catkin_skip_building_tests': False, 'cmake_args': None, 'cmake_clean_cache': False, 'cmake_clean_first': False, 'cmake_force_configure': False, 'cmake_target': None, 'cmake_target_skip_unavailable': False, 'install_base': '/home/hanjh/F1_TENTH_UNITA/install/key_teleop', 'merge_install': False, 'path': '/home/hanjh/F1_TENTH_UNITA/src/race_stack/base_system/f1tenth_system/teleop_tools/key_teleop', 'symlink_install': True, 'test_result_base': None}
[0.474s] Level 5:colcon.colcon_core.verb:set package 'lap_analyser' build argument 'cmake_args' from command line to 'None'
[0.474s] Level 5:colcon.colcon_core.verb:set package 'lap_analyser' build argument 'cmake_target' from command line to 'None'
[0.474s] Level 5:colcon.colcon_core.verb:set package 'lap_analyser' build argument 'cmake_target_skip_unavailable' from command line to 'False'
[0.474s] Level 5:colcon.colcon_core.verb:set package 'lap_analyser' build argument 'cmake_clean_cache' from command line to 'False'
[0.474s] Level 5:colcon.colcon_core.verb:set package 'lap_analyser' build argument 'cmake_clean_first' from command line to 'False'
[0.474s] Level 5:colcon.colcon_core.verb:set package 'lap_analyser' build argument 'cmake_force_configure' from command line to 'False'
[0.474s] Level 5:colcon.colcon_core.verb:set package 'lap_analyser' build argument 'ament_cmake_args' from command line to 'None'
[0.474s] Level 5:colcon.colcon_core.verb:set package 'lap_analyser' build argument 'catkin_cmake_args' from command line to 'None'
[0.474s] Level 5:colcon.colcon_core.verb:set package 'lap_analyser' build argument 'catkin_skip_building_tests' from command line to 'False'
[0.474s] DEBUG:colcon.colcon_core.verb:Building package 'lap_analyser' with the following arguments: {'ament_cmake_args': None, 'build_base': '/home/hanjh/F1_TENTH_UNITA/build/lap_analyser', 'catkin_cmake_args': None, 'catkin_skip_building_tests': False, 'cmake_args': None, 'cmake_clean_cache': False, 'cmake_clean_first': False, 'cmake_force_configure': False, 'cmake_target': None, 'cmake_target_skip_unavailable': False, 'install_base': '/home/hanjh/F1_TENTH_UNITA/install/lap_analyser', 'merge_install': False, 'path': '/home/hanjh/F1_TENTH_UNITA/src/race_stack/utilities/nodes/lap_analyser', 'symlink_install': True, 'test_result_base': None}
[0.474s] Level 5:colcon.colcon_core.verb:set package 'mouse_teleop' build argument 'cmake_args' from command line to 'None'
[0.474s] Level 5:colcon.colcon_core.verb:set package 'mouse_teleop' build argument 'cmake_target' from command line to 'None'
[0.474s] Level 5:colcon.colcon_core.verb:set package 'mouse_teleop' build argument 'cmake_target_skip_unavailable' from command line to 'False'
[0.474s] Level 5:colcon.colcon_core.verb:set package 'mouse_teleop' build argument 'cmake_clean_cache' from command line to 'False'
[0.474s] Level 5:colcon.colcon_core.verb:set package 'mouse_teleop' build argument 'cmake_clean_first' from command line to 'False'
[0.474s] Level 5:colcon.colcon_core.verb:set package 'mouse_teleop' build argument 'cmake_force_configure' from command line to 'False'
[0.474s] Level 5:colcon.colcon_core.verb:set package 'mouse_teleop' build argument 'ament_cmake_args' from command line to 'None'
[0.474s] Level 5:colcon.colcon_core.verb:set package 'mouse_teleop' build argument 'catkin_cmake_args' from command line to 'None'
[0.474s] Level 5:colcon.colcon_core.verb:set package 'mouse_teleop' build argument 'catkin_skip_building_tests' from command line to 'False'
[0.474s] DEBUG:colcon.colcon_core.verb:Building package 'mouse_teleop' with the following arguments: {'ament_cmake_args': None, 'build_base': '/home/hanjh/F1_TENTH_UNITA/build/mouse_teleop', 'catkin_cmake_args': None, 'catkin_skip_building_tests': False, 'cmake_args': None, 'cmake_clean_cache': False, 'cmake_clean_first': False, 'cmake_force_configure': False, 'cmake_target': None, 'cmake_target_skip_unavailable': False, 'install_base': '/home/hanjh/F1_TENTH_UNITA/install/mouse_teleop', 'merge_install': False, 'path': '/home/hanjh/F1_TENTH_UNITA/src/race_stack/base_system/f1tenth_system/teleop_tools/mouse_teleop', 'symlink_install': True, 'test_result_base': None}
[0.474s] Level 5:colcon.colcon_core.verb:set package 'opponent_publisher' build argument 'cmake_args' from command line to 'None'
[0.474s] Level 5:colcon.colcon_core.verb:set package 'opponent_publisher' build argument 'cmake_target' from command line to 'None'
[0.474s] Level 5:colcon.colcon_core.verb:set package 'opponent_publisher' build argument 'cmake_target_skip_unavailable' from command line to 'False'
[0.474s] Level 5:colcon.colcon_core.verb:set package 'opponent_publisher' build argument 'cmake_clean_cache' from command line to 'False'
[0.474s] Level 5:colcon.colcon_core.verb:set package 'opponent_publisher' build argument 'cmake_clean_first' from command line to 'False'
[0.474s] Level 5:colcon.colcon_core.verb:set package 'opponent_publisher' build argument 'cmake_force_configure' from command line to 'False'
[0.474s] Level 5:colcon.colcon_core.verb:set package 'opponent_publisher' build argument 'ament_cmake_args' from command line to 'None'
[0.474s] Level 5:colcon.colcon_core.verb:set package 'opponent_publisher' build argument 'catkin_cmake_args' from command line to 'None'
[0.475s] Level 5:colcon.colcon_core.verb:set package 'opponent_publisher' build argument 'catkin_skip_building_tests' from command line to 'False'
[0.475s] DEBUG:colcon.colcon_core.verb:Building package 'opponent_publisher' with the following arguments: {'ament_cmake_args': None, 'build_base': '/home/hanjh/F1_TENTH_UNITA/build/opponent_publisher', 'catkin_cmake_args': None, 'catkin_skip_building_tests': False, 'cmake_args': None, 'cmake_clean_cache': False, 'cmake_clean_first': False, 'cmake_force_configure': False, 'cmake_target': None, 'cmake_target_skip_unavailable': False, 'install_base': '/home/hanjh/F1_TENTH_UNITA/install/opponent_publisher', 'merge_install': False, 'path': '/home/hanjh/F1_TENTH_UNITA/src/race_stack/utilities/nodes/opponent_publisher', 'symlink_install': True, 'test_result_base': None}
[0.475s] Level 5:colcon.colcon_core.verb:set package 'perception' build argument 'cmake_args' from command line to 'None'
[0.475s] Level 5:colcon.colcon_core.verb:set package 'perception' build argument 'cmake_target' from command line to 'None'
[0.475s] Level 5:colcon.colcon_core.verb:set package 'perception' build argument 'cmake_target_skip_unavailable' from command line to 'False'
[0.475s] Level 5:colcon.colcon_core.verb:set package 'perception' build argument 'cmake_clean_cache' from command line to 'False'
[0.475s] Level 5:colcon.colcon_core.verb:set package 'perception' build argument 'cmake_clean_first' from command line to 'False'
[0.475s] Level 5:colcon.colcon_core.verb:set package 'perception' build argument 'cmake_force_configure' from command line to 'False'
[0.475s] Level 5:colcon.colcon_core.verb:set package 'perception' build argument 'ament_cmake_args' from command line to 'None'
[0.475s] Level 5:colcon.colcon_core.verb:set package 'perception' build argument 'catkin_cmake_args' from command line to 'None'
[0.475s] Level 5:colcon.colcon_core.verb:set package 'perception' build argument 'catkin_skip_building_tests' from command line to 'False'
[0.475s] DEBUG:colcon.colcon_core.verb:Building package 'perception' with the following arguments: {'ament_cmake_args': None, 'build_base': '/home/hanjh/F1_TENTH_UNITA/build/perception', 'catkin_cmake_args': None, 'catkin_skip_building_tests': False, 'cmake_args': None, 'cmake_clean_cache': False, 'cmake_clean_first': False, 'cmake_force_configure': False, 'cmake_target': None, 'cmake_target_skip_unavailable': False, 'install_base': '/home/hanjh/F1_TENTH_UNITA/install/perception', 'merge_install': False, 'path': '/home/hanjh/F1_TENTH_UNITA/src/race_stack/perception', 'symlink_install': True, 'test_result_base': None}
[0.475s] Level 5:colcon.colcon_core.verb:set package 'sector_tuner' build argument 'cmake_args' from command line to 'None'
[0.475s] Level 5:colcon.colcon_core.verb:set package 'sector_tuner' build argument 'cmake_target' from command line to 'None'
[0.475s] Level 5:colcon.colcon_core.verb:set package 'sector_tuner' build argument 'cmake_target_skip_unavailable' from command line to 'False'
[0.475s] Level 5:colcon.colcon_core.verb:set package 'sector_tuner' build argument 'cmake_clean_cache' from command line to 'False'
[0.475s] Level 5:colcon.colcon_core.verb:set package 'sector_tuner' build argument 'cmake_clean_first' from command line to 'False'
[0.475s] Level 5:colcon.colcon_core.verb:set package 'sector_tuner' build argument 'cmake_force_configure' from command line to 'False'
[0.475s] Level 5:colcon.colcon_core.verb:set package 'sector_tuner' build argument 'ament_cmake_args' from command line to 'None'
[0.475s] Level 5:colcon.colcon_core.verb:set package 'sector_tuner' build argument 'catkin_cmake_args' from command line to 'None'
[0.475s] Level 5:colcon.colcon_core.verb:set package 'sector_tuner' build argument 'catkin_skip_building_tests' from command line to 'False'
[0.475s] DEBUG:colcon.colcon_core.verb:Building package 'sector_tuner' with the following arguments: {'ament_cmake_args': None, 'build_base': '/home/hanjh/F1_TENTH_UNITA/build/sector_tuner', 'catkin_cmake_args': None, 'catkin_skip_building_tests': False, 'cmake_args': None, 'cmake_clean_cache': False, 'cmake_clean_first': False, 'cmake_force_configure': False, 'cmake_target': None, 'cmake_target_skip_unavailable': False, 'install_base': '/home/hanjh/F1_TENTH_UNITA/install/sector_tuner', 'merge_install': False, 'path': '/home/hanjh/F1_TENTH_UNITA/src/race_stack/utilities/nodes/sector_tuner', 'symlink_install': True, 'test_result_base': None}
[0.475s] Level 5:colcon.colcon_core.verb:set package 'stack_master' build argument 'cmake_args' from command line to 'None'
[0.475s] Level 5:colcon.colcon_core.verb:set package 'stack_master' build argument 'cmake_target' from command line to 'None'
[0.475s] Level 5:colcon.colcon_core.verb:set package 'stack_master' build argument 'cmake_target_skip_unavailable' from command line to 'False'
[0.475s] Level 5:colcon.colcon_core.verb:set package 'stack_master' build argument 'cmake_clean_cache' from command line to 'False'
[0.475s] Level 5:colcon.colcon_core.verb:set package 'stack_master' build argument 'cmake_clean_first' from command line to 'False'
[0.475s] Level 5:colcon.colcon_core.verb:set package 'stack_master' build argument 'cmake_force_configure' from command line to 'False'
[0.475s] Level 5:colcon.colcon_core.verb:set package 'stack_master' build argument 'ament_cmake_args' from command line to 'None'
[0.475s] Level 5:colcon.colcon_core.verb:set package 'stack_master' build argument 'catkin_cmake_args' from command line to 'None'
[0.475s] Level 5:colcon.colcon_core.verb:set package 'stack_master' build argument 'catkin_skip_building_tests' from command line to 'False'
[0.475s] DEBUG:colcon.colcon_core.verb:Building package 'stack_master' with the following arguments: {'ament_cmake_args': None, 'build_base': '/home/hanjh/F1_TENTH_UNITA/build/stack_master', 'catkin_cmake_args': None, 'catkin_skip_building_tests': False, 'cmake_args': None, 'cmake_clean_cache': False, 'cmake_clean_first': False, 'cmake_force_configure': False, 'cmake_target': None, 'cmake_target_skip_unavailable': False, 'install_base': '/home/hanjh/F1_TENTH_UNITA/install/stack_master', 'merge_install': False, 'path': '/home/hanjh/F1_TENTH_UNITA/src/race_stack/stack_master', 'symlink_install': True, 'test_result_base': None}
[0.476s] Level 5:colcon.colcon_core.verb:set package 'state_estimation' build argument 'cmake_args' from command line to 'None'
[0.476s] Level 5:colcon.colcon_core.verb:set package 'state_estimation' build argument 'cmake_target' from command line to 'None'
[0.476s] Level 5:colcon.colcon_core.verb:set package 'state_estimation' build argument 'cmake_target_skip_unavailable' from command line to 'False'
[0.476s] Level 5:colcon.colcon_core.verb:set package 'state_estimation' build argument 'cmake_clean_cache' from command line to 'False'
[0.476s] Level 5:colcon.colcon_core.verb:set package 'state_estimation' build argument 'cmake_clean_first' from command line to 'False'
[0.476s] Level 5:colcon.colcon_core.verb:set package 'state_estimation' build argument 'cmake_force_configure' from command line to 'False'
[0.476s] Level 5:colcon.colcon_core.verb:set package 'state_estimation' build argument 'ament_cmake_args' from command line to 'None'
[0.476s] Level 5:colcon.colcon_core.verb:set package 'state_estimation' build argument 'catkin_cmake_args' from command line to 'None'
[0.476s] Level 5:colcon.colcon_core.verb:set package 'state_estimation' build argument 'catkin_skip_building_tests' from command line to 'False'
[0.476s] DEBUG:colcon.colcon_core.verb:Building package 'state_estimation' with the following arguments: {'ament_cmake_args': None, 'build_base': '/home/hanjh/F1_TENTH_UNITA/build/state_estimation', 'catkin_cmake_args': None, 'catkin_skip_building_tests': False, 'cmake_args': None, 'cmake_clean_cache': False, 'cmake_clean_first': False, 'cmake_force_configure': False, 'cmake_target': None, 'cmake_target_skip_unavailable': False, 'install_base': '/home/hanjh/F1_TENTH_UNITA/install/state_estimation', 'merge_install': False, 'path': '/home/hanjh/F1_TENTH_UNITA/src/race_stack/state_estimation', 'symlink_install': True, 'test_result_base': None}
[0.476s] Level 5:colcon.colcon_core.verb:set package 'state_machine' build argument 'cmake_args' from command line to 'None'
[0.476s] Level 5:colcon.colcon_core.verb:set package 'state_machine' build argument 'cmake_target' from command line to 'None'
[0.476s] Level 5:colcon.colcon_core.verb:set package 'state_machine' build argument 'cmake_target_skip_unavailable' from command line to 'False'
[0.476s] Level 5:colcon.colcon_core.verb:set package 'state_machine' build argument 'cmake_clean_cache' from command line to 'False'
[0.476s] Level 5:colcon.colcon_core.verb:set package 'state_machine' build argument 'cmake_clean_first' from command line to 'False'
[0.476s] Level 5:colcon.colcon_core.verb:set package 'state_machine' build argument 'cmake_force_configure' from command line to 'False'
[0.476s] Level 5:colcon.colcon_core.verb:set package 'state_machine' build argument 'ament_cmake_args' from command line to 'None'
[0.476s] Level 5:colcon.colcon_core.verb:set package 'state_machine' build argument 'catkin_cmake_args' from command line to 'None'
[0.476s] Level 5:colcon.colcon_core.verb:set package 'state_machine' build argument 'catkin_skip_building_tests' from command line to 'False'
[0.476s] DEBUG:colcon.colcon_core.verb:Building package 'state_machine' with the following arguments: {'ament_cmake_args': None, 'build_base': '/home/hanjh/F1_TENTH_UNITA/build/state_machine', 'catkin_cmake_args': None, 'catkin_skip_building_tests': False, 'cmake_args': None, 'cmake_clean_cache': False, 'cmake_clean_first': False, 'cmake_force_configure': False, 'cmake_target': None, 'cmake_target_skip_unavailable': False, 'install_base': '/home/hanjh/F1_TENTH_UNITA/install/state_machine', 'merge_install': False, 'path': '/home/hanjh/F1_TENTH_UNITA/src/race_stack/state_machine', 'symlink_install': True, 'test_result_base': None}
[0.476s] Level 5:colcon.colcon_core.verb:set package 'steering_lookup' build argument 'cmake_args' from command line to 'None'
[0.476s] Level 5:colcon.colcon_core.verb:set package 'steering_lookup' build argument 'cmake_target' from command line to 'None'
[0.476s] Level 5:colcon.colcon_core.verb:set package 'steering_lookup' build argument 'cmake_target_skip_unavailable' from command line to 'False'
[0.476s] Level 5:colcon.colcon_core.verb:set package 'steering_lookup' build argument 'cmake_clean_cache' from command line to 'False'
[0.476s] Level 5:colcon.colcon_core.verb:set package 'steering_lookup' build argument 'cmake_clean_first' from command line to 'False'
[0.476s] Level 5:colcon.colcon_core.verb:set package 'steering_lookup' build argument 'cmake_force_configure' from command line to 'False'
[0.476s] Level 5:colcon.colcon_core.verb:set package 'steering_lookup' build argument 'ament_cmake_args' from command line to 'None'
[0.476s] Level 5:colcon.colcon_core.verb:set package 'steering_lookup' build argument 'catkin_cmake_args' from command line to 'None'
[0.476s] Level 5:colcon.colcon_core.verb:set package 'steering_lookup' build argument 'catkin_skip_building_tests' from command line to 'False'
[0.476s] DEBUG:colcon.colcon_core.verb:Building package 'steering_lookup' with the following arguments: {'ament_cmake_args': None, 'build_base': '/home/hanjh/F1_TENTH_UNITA/build/steering_lookup', 'catkin_cmake_args': None, 'catkin_skip_building_tests': False, 'cmake_args': None, 'cmake_clean_cache': False, 'cmake_clean_first': False, 'cmake_force_configure': False, 'cmake_target': None, 'cmake_target_skip_unavailable': False, 'install_base': '/home/hanjh/F1_TENTH_UNITA/install/steering_lookup', 'merge_install': False, 'path': '/home/hanjh/F1_TENTH_UNITA/src/race_stack/system_identification/steering_lookup', 'symlink_install': True, 'test_result_base': None}
[0.477s] Level 5:colcon.colcon_core.verb:set package 'teleop_tools_msgs' build argument 'cmake_args' from command line to 'None'
[0.477s] Level 5:colcon.colcon_core.verb:set package 'teleop_tools_msgs' build argument 'cmake_target' from command line to 'None'
[0.477s] Level 5:colcon.colcon_core.verb:set package 'teleop_tools_msgs' build argument 'cmake_target_skip_unavailable' from command line to 'False'
[0.477s] Level 5:colcon.colcon_core.verb:set package 'teleop_tools_msgs' build argument 'cmake_clean_cache' from command line to 'False'
[0.477s] Level 5:colcon.colcon_core.verb:set package 'teleop_tools_msgs' build argument 'cmake_clean_first' from command line to 'False'
[0.477s] Level 5:colcon.colcon_core.verb:set package 'teleop_tools_msgs' build argument 'cmake_force_configure' from command line to 'False'
[0.477s] Level 5:colcon.colcon_core.verb:set package 'teleop_tools_msgs' build argument 'ament_cmake_args' from command line to 'None'
[0.477s] Level 5:colcon.colcon_core.verb:set package 'teleop_tools_msgs' build argument 'catkin_cmake_args' from command line to 'None'
[0.477s] Level 5:colcon.colcon_core.verb:set package 'teleop_tools_msgs' build argument 'catkin_skip_building_tests' from command line to 'False'
[0.477s] DEBUG:colcon.colcon_core.verb:Building package 'teleop_tools_msgs' with the following arguments: {'ament_cmake_args': None, 'build_base': '/home/hanjh/F1_TENTH_UNITA/build/teleop_tools_msgs', 'catkin_cmake_args': None, 'catkin_skip_building_tests': False, 'cmake_args': None, 'cmake_clean_cache': False, 'cmake_clean_first': False, 'cmake_force_configure': False, 'cmake_target': None, 'cmake_target_skip_unavailable': False, 'install_base': '/home/hanjh/F1_TENTH_UNITA/install/teleop_tools_msgs', 'merge_install': False, 'path': '/home/hanjh/F1_TENTH_UNITA/src/race_stack/base_system/f1tenth_system/teleop_tools/teleop_tools_msgs', 'symlink_install': True, 'test_result_base': None}
[0.477s] Level 5:colcon.colcon_core.verb:set package 'vesc_msgs' build argument 'cmake_args' from command line to 'None'
[0.477s] Level 5:colcon.colcon_core.verb:set package 'vesc_msgs' build argument 'cmake_target' from command line to 'None'
[0.477s] Level 5:colcon.colcon_core.verb:set package 'vesc_msgs' build argument 'cmake_target_skip_unavailable' from command line to 'False'
[0.477s] Level 5:colcon.colcon_core.verb:set package 'vesc_msgs' build argument 'cmake_clean_cache' from command line to 'False'
[0.477s] Level 5:colcon.colcon_core.verb:set package 'vesc_msgs' build argument 'cmake_clean_first' from command line to 'False'
[0.477s] Level 5:colcon.colcon_core.verb:set package 'vesc_msgs' build argument 'cmake_force_configure' from command line to 'False'
[0.477s] Level 5:colcon.colcon_core.verb:set package 'vesc_msgs' build argument 'ament_cmake_args' from command line to 'None'
[0.477s] Level 5:colcon.colcon_core.verb:set package 'vesc_msgs' build argument 'catkin_cmake_args' from command line to 'None'
[0.477s] Level 5:colcon.colcon_core.verb:set package 'vesc_msgs' build argument 'catkin_skip_building_tests' from command line to 'False'
[0.477s] DEBUG:colcon.colcon_core.verb:Building package 'vesc_msgs' with the following arguments: {'ament_cmake_args': None, 'build_base': '/home/hanjh/F1_TENTH_UNITA/build/vesc_msgs', 'catkin_cmake_args': None, 'catkin_skip_building_tests': False, 'cmake_args': None, 'cmake_clean_cache': False, 'cmake_clean_first': False, 'cmake_force_configure': False, 'cmake_target': None, 'cmake_target_skip_unavailable': False, 'install_base': '/home/hanjh/F1_TENTH_UNITA/install/vesc_msgs', 'merge_install': False, 'path': '/home/hanjh/F1_TENTH_UNITA/src/race_stack/sensors/vesc/vesc_msgs', 'symlink_install': True, 'test_result_base': None}
[0.477s] Level 5:colcon.colcon_core.verb:set package 'joy_teleop' build argument 'cmake_args' from command line to 'None'
[0.477s] Level 5:colcon.colcon_core.verb:set package 'joy_teleop' build argument 'cmake_target' from command line to 'None'
[0.477s] Level 5:colcon.colcon_core.verb:set package 'joy_teleop' build argument 'cmake_target_skip_unavailable' from command line to 'False'
[0.477s] Level 5:colcon.colcon_core.verb:set package 'joy_teleop' build argument 'cmake_clean_cache' from command line to 'False'
[0.477s] Level 5:colcon.colcon_core.verb:set package 'joy_teleop' build argument 'cmake_clean_first' from command line to 'False'
[0.477s] Level 5:colcon.colcon_core.verb:set package 'joy_teleop' build argument 'cmake_force_configure' from command line to 'False'
[0.477s] Level 5:colcon.colcon_core.verb:set package 'joy_teleop' build argument 'ament_cmake_args' from command line to 'None'
[0.477s] Level 5:colcon.colcon_core.verb:set package 'joy_teleop' build argument 'catkin_cmake_args' from command line to 'None'
[0.477s] Level 5:colcon.colcon_core.verb:set package 'joy_teleop' build argument 'catkin_skip_building_tests' from command line to 'False'
[0.477s] DEBUG:colcon.colcon_core.verb:Building package 'joy_teleop' with the following arguments: {'ament_cmake_args': None, 'build_base': '/home/hanjh/F1_TENTH_UNITA/build/joy_teleop', 'catkin_cmake_args': None, 'catkin_skip_building_tests': False, 'cmake_args': None, 'cmake_clean_cache': False, 'cmake_clean_first': False, 'cmake_force_configure': False, 'cmake_target': None, 'cmake_target_skip_unavailable': False, 'install_base': '/home/hanjh/F1_TENTH_UNITA/install/joy_teleop', 'merge_install': False, 'path': '/home/hanjh/F1_TENTH_UNITA/src/race_stack/base_system/f1tenth_system/teleop_tools/joy_teleop', 'symlink_install': True, 'test_result_base': None}
[0.477s] Level 5:colcon.colcon_core.verb:set package 'map_editor' build argument 'cmake_args' from command line to 'None'
[0.477s] Level 5:colcon.colcon_core.verb:set package 'map_editor' build argument 'cmake_target' from command line to 'None'
[0.478s] Level 5:colcon.colcon_core.verb:set package 'map_editor' build argument 'cmake_target_skip_unavailable' from command line to 'False'
[0.478s] Level 5:colcon.colcon_core.verb:set package 'map_editor' build argument 'cmake_clean_cache' from command line to 'False'
[0.478s] Level 5:colcon.colcon_core.verb:set package 'map_editor' build argument 'cmake_clean_first' from command line to 'False'
[0.478s] Level 5:colcon.colcon_core.verb:set package 'map_editor' build argument 'cmake_force_configure' from command line to 'False'
[0.478s] Level 5:colcon.colcon_core.verb:set package 'map_editor' build argument 'ament_cmake_args' from command line to 'None'
[0.478s] Level 5:colcon.colcon_core.verb:set package 'map_editor' build argument 'catkin_cmake_args' from command line to 'None'
[0.478s] Level 5:colcon.colcon_core.verb:set package 'map_editor' build argument 'catkin_skip_building_tests' from command line to 'False'
[0.478s] DEBUG:colcon.colcon_core.verb:Building package 'map_editor' with the following arguments: {'ament_cmake_args': None, 'build_base': '/home/hanjh/F1_TENTH_UNITA/build/map_editor', 'catkin_cmake_args': None, 'catkin_skip_building_tests': False, 'cmake_args': None, 'cmake_clean_cache': False, 'cmake_clean_first': False, 'cmake_force_configure': False, 'cmake_target': None, 'cmake_target_skip_unavailable': False, 'install_base': '/home/hanjh/F1_TENTH_UNITA/install/map_editor', 'merge_install': False, 'path': '/home/hanjh/F1_TENTH_UNITA/src/race_stack/utilities/nodes/map_editor', 'symlink_install': True, 'test_result_base': None}
[0.478s] Level 5:colcon.colcon_core.verb:set package 'slam_tuner' build argument 'cmake_args' from command line to 'None'
[0.478s] Level 5:colcon.colcon_core.verb:set package 'slam_tuner' build argument 'cmake_target' from command line to 'None'
[0.478s] Level 5:colcon.colcon_core.verb:set package 'slam_tuner' build argument 'cmake_target_skip_unavailable' from command line to 'False'
[0.478s] Level 5:colcon.colcon_core.verb:set package 'slam_tuner' build argument 'cmake_clean_cache' from command line to 'False'
[0.478s] Level 5:colcon.colcon_core.verb:set package 'slam_tuner' build argument 'cmake_clean_first' from command line to 'False'
[0.478s] Level 5:colcon.colcon_core.verb:set package 'slam_tuner' build argument 'cmake_force_configure' from command line to 'False'
[0.478s] Level 5:colcon.colcon_core.verb:set package 'slam_tuner' build argument 'ament_cmake_args' from command line to 'None'
[0.478s] Level 5:colcon.colcon_core.verb:set package 'slam_tuner' build argument 'catkin_cmake_args' from command line to 'None'
[0.478s] Level 5:colcon.colcon_core.verb:set package 'slam_tuner' build argument 'catkin_skip_building_tests' from command line to 'False'
[0.478s] DEBUG:colcon.colcon_core.verb:Building package 'slam_tuner' with the following arguments: {'ament_cmake_args': None, 'build_base': '/home/hanjh/F1_TENTH_UNITA/build/slam_tuner', 'catkin_cmake_args': None, 'catkin_skip_building_tests': False, 'cmake_args': None, 'cmake_clean_cache': False, 'cmake_clean_first': False, 'cmake_force_configure': False, 'cmake_target': None, 'cmake_target_skip_unavailable': False, 'install_base': '/home/hanjh/F1_TENTH_UNITA/install/slam_tuner', 'merge_install': False, 'path': '/home/hanjh/F1_TENTH_UNITA/src/race_stack/utilities/nodes/slam_tuner', 'symlink_install': True, 'test_result_base': None}
[0.478s] Level 5:colcon.colcon_core.verb:set package 'spline_planner' build argument 'cmake_args' from command line to 'None'
[0.478s] Level 5:colcon.colcon_core.verb:set package 'spline_planner' build argument 'cmake_target' from command line to 'None'
[0.478s] Level 5:colcon.colcon_core.verb:set package 'spline_planner' build argument 'cmake_target_skip_unavailable' from command line to 'False'
[0.478s] Level 5:colcon.colcon_core.verb:set package 'spline_planner' build argument 'cmake_clean_cache' from command line to 'False'
[0.478s] Level 5:colcon.colcon_core.verb:set package 'spline_planner' build argument 'cmake_clean_first' from command line to 'False'
[0.478s] Level 5:colcon.colcon_core.verb:set package 'spline_planner' build argument 'cmake_force_configure' from command line to 'False'
[0.478s] Level 5:colcon.colcon_core.verb:set package 'spline_planner' build argument 'ament_cmake_args' from command line to 'None'
[0.478s] Level 5:colcon.colcon_core.verb:set package 'spline_planner' build argument 'catkin_cmake_args' from command line to 'None'
[0.478s] Level 5:colcon.colcon_core.verb:set package 'spline_planner' build argument 'catkin_skip_building_tests' from command line to 'False'
[0.478s] DEBUG:colcon.colcon_core.verb:Building package 'spline_planner' with the following arguments: {'ament_cmake_args': None, 'build_base': '/home/hanjh/F1_TENTH_UNITA/build/spline_planner', 'catkin_cmake_args': None, 'catkin_skip_building_tests': False, 'cmake_args': None, 'cmake_clean_cache': False, 'cmake_clean_first': False, 'cmake_force_configure': False, 'cmake_target': None, 'cmake_target_skip_unavailable': False, 'install_base': '/home/hanjh/F1_TENTH_UNITA/install/spline_planner', 'merge_install': False, 'path': '/home/hanjh/F1_TENTH_UNITA/src/race_stack/planner/local_planners/spline_planner', 'symlink_install': True, 'test_result_base': None}
[0.478s] Level 5:colcon.colcon_core.verb:set package 'vesc_ackermann' build argument 'cmake_args' from command line to 'None'
[0.478s] Level 5:colcon.colcon_core.verb:set package 'vesc_ackermann' build argument 'cmake_target' from command line to 'None'
[0.478s] Level 5:colcon.colcon_core.verb:set package 'vesc_ackermann' build argument 'cmake_target_skip_unavailable' from command line to 'False'
[0.478s] Level 5:colcon.colcon_core.verb:set package 'vesc_ackermann' build argument 'cmake_clean_cache' from command line to 'False'
[0.478s] Level 5:colcon.colcon_core.verb:set package 'vesc_ackermann' build argument 'cmake_clean_first' from command line to 'False'
[0.478s] Level 5:colcon.colcon_core.verb:set package 'vesc_ackermann' build argument 'cmake_force_configure' from command line to 'False'
[0.478s] Level 5:colcon.colcon_core.verb:set package 'vesc_ackermann' build argument 'ament_cmake_args' from command line to 'None'
[0.478s] Level 5:colcon.colcon_core.verb:set package 'vesc_ackermann' build argument 'catkin_cmake_args' from command line to 'None'
[0.479s] Level 5:colcon.colcon_core.verb:set package 'vesc_ackermann' build argument 'catkin_skip_building_tests' from command line to 'False'
[0.479s] DEBUG:colcon.colcon_core.verb:Building package 'vesc_ackermann' with the following arguments: {'ament_cmake_args': None, 'build_base': '/home/hanjh/F1_TENTH_UNITA/build/vesc_ackermann', 'catkin_cmake_args': None, 'catkin_skip_building_tests': False, 'cmake_args': None, 'cmake_clean_cache': False, 'cmake_clean_first': False, 'cmake_force_configure': False, 'cmake_target': None, 'cmake_target_skip_unavailable': False, 'install_base': '/home/hanjh/F1_TENTH_UNITA/install/vesc_ackermann', 'merge_install': False, 'path': '/home/hanjh/F1_TENTH_UNITA/src/race_stack/sensors/vesc/vesc_ackermann', 'symlink_install': True, 'test_result_base': None}
[0.479s] Level 5:colcon.colcon_core.verb:set package 'vesc_driver' build argument 'cmake_args' from command line to 'None'
[0.479s] Level 5:colcon.colcon_core.verb:set package 'vesc_driver' build argument 'cmake_target' from command line to 'None'
[0.479s] Level 5:colcon.colcon_core.verb:set package 'vesc_driver' build argument 'cmake_target_skip_unavailable' from command line to 'False'
[0.479s] Level 5:colcon.colcon_core.verb:set package 'vesc_driver' build argument 'cmake_clean_cache' from command line to 'False'
[0.479s] Level 5:colcon.colcon_core.verb:set package 'vesc_driver' build argument 'cmake_clean_first' from command line to 'False'
[0.479s] Level 5:colcon.colcon_core.verb:set package 'vesc_driver' build argument 'cmake_force_configure' from command line to 'False'
[0.479s] Level 5:colcon.colcon_core.verb:set package 'vesc_driver' build argument 'ament_cmake_args' from command line to 'None'
[0.479s] Level 5:colcon.colcon_core.verb:set package 'vesc_driver' build argument 'catkin_cmake_args' from command line to 'None'
[0.479s] Level 5:colcon.colcon_core.verb:set package 'vesc_driver' build argument 'catkin_skip_building_tests' from command line to 'False'
[0.479s] DEBUG:colcon.colcon_core.verb:Building package 'vesc_driver' with the following arguments: {'ament_cmake_args': None, 'build_base': '/home/hanjh/F1_TENTH_UNITA/build/vesc_driver', 'catkin_cmake_args': None, 'catkin_skip_building_tests': False, 'cmake_args': None, 'cmake_clean_cache': False, 'cmake_clean_first': False, 'cmake_force_configure': False, 'cmake_target': None, 'cmake_target_skip_unavailable': False, 'install_base': '/home/hanjh/F1_TENTH_UNITA/install/vesc_driver', 'merge_install': False, 'path': '/home/hanjh/F1_TENTH_UNITA/src/race_stack/sensors/vesc/vesc_driver', 'symlink_install': True, 'test_result_base': None}
[0.479s] Level 5:colcon.colcon_core.verb:set package 'teleop_tools' build argument 'cmake_args' from command line to 'None'
[0.479s] Level 5:colcon.colcon_core.verb:set package 'teleop_tools' build argument 'cmake_target' from command line to 'None'
[0.479s] Level 5:colcon.colcon_core.verb:set package 'teleop_tools' build argument 'cmake_target_skip_unavailable' from command line to 'False'
[0.479s] Level 5:colcon.colcon_core.verb:set package 'teleop_tools' build argument 'cmake_clean_cache' from command line to 'False'
[0.479s] Level 5:colcon.colcon_core.verb:set package 'teleop_tools' build argument 'cmake_clean_first' from command line to 'False'
[0.479s] Level 5:colcon.colcon_core.verb:set package 'teleop_tools' build argument 'cmake_force_configure' from command line to 'False'
[0.479s] Level 5:colcon.colcon_core.verb:set package 'teleop_tools' build argument 'ament_cmake_args' from command line to 'None'
[0.479s] Level 5:colcon.colcon_core.verb:set package 'teleop_tools' build argument 'catkin_cmake_args' from command line to 'None'
[0.479s] Level 5:colcon.colcon_core.verb:set package 'teleop_tools' build argument 'catkin_skip_building_tests' from command line to 'False'
[0.479s] DEBUG:colcon.colcon_core.verb:Building package 'teleop_tools' with the following arguments: {'ament_cmake_args': None, 'build_base': '/home/hanjh/F1_TENTH_UNITA/build/teleop_tools', 'catkin_cmake_args': None, 'catkin_skip_building_tests': False, 'cmake_args': None, 'cmake_clean_cache': False, 'cmake_clean_first': False, 'cmake_force_configure': False, 'cmake_target': None, 'cmake_target_skip_unavailable': False, 'install_base': '/home/hanjh/F1_TENTH_UNITA/install/teleop_tools', 'merge_install': False, 'path': '/home/hanjh/F1_TENTH_UNITA/src/race_stack/base_system/f1tenth_system/teleop_tools/teleop_tools', 'symlink_install': True, 'test_result_base': None}
[0.479s] Level 5:colcon.colcon_core.verb:set package 'vesc' build argument 'cmake_args' from command line to 'None'
[0.479s] Level 5:colcon.colcon_core.verb:set package 'vesc' build argument 'cmake_target' from command line to 'None'
[0.479s] Level 5:colcon.colcon_core.verb:set package 'vesc' build argument 'cmake_target_skip_unavailable' from command line to 'False'
[0.479s] Level 5:colcon.colcon_core.verb:set package 'vesc' build argument 'cmake_clean_cache' from command line to 'False'
[0.479s] Level 5:colcon.colcon_core.verb:set package 'vesc' build argument 'cmake_clean_first' from command line to 'False'
[0.479s] Level 5:colcon.colcon_core.verb:set package 'vesc' build argument 'cmake_force_configure' from command line to 'False'
[0.479s] Level 5:colcon.colcon_core.verb:set package 'vesc' build argument 'ament_cmake_args' from command line to 'None'
[0.479s] Level 5:colcon.colcon_core.verb:set package 'vesc' build argument 'catkin_cmake_args' from command line to 'None'
[0.479s] Level 5:colcon.colcon_core.verb:set package 'vesc' build argument 'catkin_skip_building_tests' from command line to 'False'
[0.479s] DEBUG:colcon.colcon_core.verb:Building package 'vesc' with the following arguments: {'ament_cmake_args': None, 'build_base': '/home/hanjh/F1_TENTH_UNITA/build/vesc', 'catkin_cmake_args': None, 'catkin_skip_building_tests': False, 'cmake_args': None, 'cmake_clean_cache': False, 'cmake_clean_first': False, 'cmake_force_configure': False, 'cmake_target': None, 'cmake_target_skip_unavailable': False, 'install_base': '/home/hanjh/F1_TENTH_UNITA/install/vesc', 'merge_install': False, 'path': '/home/hanjh/F1_TENTH_UNITA/src/race_stack/sensors/vesc/vesc', 'symlink_install': True, 'test_result_base': None}
[0.480s] Level 5:colcon.colcon_core.verb:set package 'f1tenth_stack' build argument 'cmake_args' from command line to 'None'
[0.480s] Level 5:colcon.colcon_core.verb:set package 'f1tenth_stack' build argument 'cmake_target' from command line to 'None'
[0.480s] Level 5:colcon.colcon_core.verb:set package 'f1tenth_stack' build argument 'cmake_target_skip_unavailable' from command line to 'False'
[0.480s] Level 5:colcon.colcon_core.verb:set package 'f1tenth_stack' build argument 'cmake_clean_cache' from command line to 'False'
[0.480s] Level 5:colcon.colcon_core.verb:set package 'f1tenth_stack' build argument 'cmake_clean_first' from command line to 'False'
[0.480s] Level 5:colcon.colcon_core.verb:set package 'f1tenth_stack' build argument 'cmake_force_configure' from command line to 'False'
[0.480s] Level 5:colcon.colcon_core.verb:set package 'f1tenth_stack' build argument 'ament_cmake_args' from command line to 'None'
[0.480s] Level 5:colcon.colcon_core.verb:set package 'f1tenth_stack' build argument 'catkin_cmake_args' from command line to 'None'
[0.480s] Level 5:colcon.colcon_core.verb:set package 'f1tenth_stack' build argument 'catkin_skip_building_tests' from command line to 'False'
[0.480s] DEBUG:colcon.colcon_core.verb:Building package 'f1tenth_stack' with the following arguments: {'ament_cmake_args': None, 'build_base': '/home/hanjh/F1_TENTH_UNITA/build/f1tenth_stack', 'catkin_cmake_args': None, 'catkin_skip_building_tests': False, 'cmake_args': None, 'cmake_clean_cache': False, 'cmake_clean_first': False, 'cmake_force_configure': False, 'cmake_target': None, 'cmake_target_skip_unavailable': False, 'install_base': '/home/hanjh/F1_TENTH_UNITA/install/f1tenth_stack', 'merge_install': False, 'path': '/home/hanjh/F1_TENTH_UNITA/src/race_stack/base_system/f1tenth_system/f1tenth_stack', 'symlink_install': True, 'test_result_base': None}
[0.480s] INFO:colcon.colcon_core.executor:Executing jobs using 'parallel' executor
[0.481s] DEBUG:colcon.colcon_parallel_executor.executor.parallel:run_until_complete
[0.481s] INFO:colcon.colcon_ros.task.ament_cmake.build:Building ROS package in '/home/hanjh/F1_TENTH_UNITA/src/race_stack/sensors/vesc/vesc_msgs' with build type 'ament_cmake'
[0.481s] INFO:colcon.colcon_cmake.task.cmake.build:Building CMake package in '/home/hanjh/F1_TENTH_UNITA/src/race_stack/sensors/vesc/vesc_msgs'
[0.486s] INFO:colcon.colcon_core.plugin_system:Skipping extension 'colcon_core.shell.bat': Not used on non-Windows systems
[0.486s] INFO:colcon.colcon_core.shell:Skip shell extension 'powershell' for command environment: Not usable outside of PowerShell
[0.486s] DEBUG:colcon.colcon_core.shell:Skip shell extension 'dsv' for command environment
[0.490s] INFO:colcon.colcon_ros.task.ament_cmake.build:Building ROS package in '/home/hanjh/F1_TENTH_UNITA/src/race_stack/base_system/f1tenth_system/teleop_tools/teleop_tools_msgs' with build type 'ament_cmake'
[0.490s] INFO:colcon.colcon_cmake.task.cmake.build:Building CMake package in '/home/hanjh/F1_TENTH_UNITA/src/race_stack/base_system/f1tenth_system/teleop_tools/teleop_tools_msgs'
[0.490s] INFO:colcon.colcon_core.shell:Skip shell extension 'powershell' for command environment: Not usable outside of PowerShell
[0.490s] DEBUG:colcon.colcon_core.shell:Skip shell extension 'dsv' for command environment
[0.493s] INFO:colcon.colcon_ros.task.ament_cmake.build:Building ROS package in '/home/hanjh/F1_TENTH_UNITA/src/race_stack/base_system/f1tenth_system/ackermann_mux' with build type 'ament_cmake'
[0.493s] INFO:colcon.colcon_cmake.task.cmake.build:Building CMake package in '/home/hanjh/F1_TENTH_UNITA/src/race_stack/base_system/f1tenth_system/ackermann_mux'
[0.493s] INFO:colcon.colcon_core.shell:Skip shell extension 'powershell' for command environment: Not usable outside of PowerShell
[0.493s] DEBUG:colcon.colcon_core.shell:Skip shell extension 'dsv' for command environment
[0.496s] INFO:colcon.colcon_ros.task.ament_cmake.build:Building ROS package in '/home/hanjh/F1_TENTH_UNITA/src/race_stack/utilities/libraries/f110_msgs' with build type 'ament_cmake'
[0.496s] INFO:colcon.colcon_cmake.task.cmake.build:Building CMake package in '/home/hanjh/F1_TENTH_UNITA/src/race_stack/utilities/libraries/f110_msgs'
[0.496s] INFO:colcon.colcon_core.shell:Skip shell extension 'powershell' for command environment: Not usable outside of PowerShell
[0.496s] DEBUG:colcon.colcon_core.shell:Skip shell extension 'dsv' for command environment
[0.499s] INFO:colcon.colcon_ros.task.ament_python.build:Building ROS package in '/home/hanjh/F1_TENTH_UNITA/src/race_stack/utilities/libraries/frenet_conversion' with build type 'ament_python'
[0.499s] Level 1:colcon.colcon_core.shell:create_environment_hook('frenet_conversion', 'ament_prefix_path')
[0.499s] INFO:colcon.colcon_core.shell:Creating environment hook '/home/hanjh/F1_TENTH_UNITA/install/frenet_conversion/share/frenet_conversion/hook/ament_prefix_path.ps1'
[0.500s] INFO:colcon.colcon_core.shell:Creating environment descriptor '/home/hanjh/F1_TENTH_UNITA/install/frenet_conversion/share/frenet_conversion/hook/ament_prefix_path.dsv'
[0.500s] INFO:colcon.colcon_core.shell:Creating environment hook '/home/hanjh/F1_TENTH_UNITA/install/frenet_conversion/share/frenet_conversion/hook/ament_prefix_path.sh'
[0.501s] INFO:colcon.colcon_core.shell:Skip shell extension 'powershell' for command environment: Not usable outside of PowerShell
[0.501s] DEBUG:colcon.colcon_core.shell:Skip shell extension 'dsv' for command environment
[0.504s] INFO:colcon.colcon_ros.task.ament_python.build:Building ROS package in '/home/hanjh/F1_TENTH_UNITA/src/race_stack/planner/global_planner' with build type 'ament_python'
[0.504s] Level 1:colcon.colcon_core.shell:create_environment_hook('global_planner', 'ament_prefix_path')
[0.504s] INFO:colcon.colcon_core.shell:Creating environment hook '/home/hanjh/F1_TENTH_UNITA/install/global_planner/share/global_planner/hook/ament_prefix_path.ps1'
[0.504s] INFO:colcon.colcon_core.shell:Creating environment descriptor '/home/hanjh/F1_TENTH_UNITA/install/global_planner/share/global_planner/hook/ament_prefix_path.dsv'
[0.504s] INFO:colcon.colcon_core.shell:Creating environment hook '/home/hanjh/F1_TENTH_UNITA/install/global_planner/share/global_planner/hook/ament_prefix_path.sh'
[0.505s] INFO:colcon.colcon_core.shell:Skip shell extension 'powershell' for command environment: Not usable outside of PowerShell
[0.505s] DEBUG:colcon.colcon_core.shell:Skip shell extension 'dsv' for command environment
[0.507s] INFO:colcon.colcon_ros.task.ament_python.build:Building ROS package in '/home/hanjh/F1_TENTH_UNITA/src/race_stack/base_system/f1tenth_system/teleop_tools/key_teleop' with build type 'ament_python'
[0.507s] Level 1:colcon.colcon_core.shell:create_environment_hook('key_teleop', 'ament_prefix_path')
[0.508s] INFO:colcon.colcon_core.shell:Creating environment hook '/home/hanjh/F1_TENTH_UNITA/install/key_teleop/share/key_teleop/hook/ament_prefix_path.ps1'
[0.508s] INFO:colcon.colcon_core.shell:Creating environment descriptor '/home/hanjh/F1_TENTH_UNITA/install/key_teleop/share/key_teleop/hook/ament_prefix_path.dsv'
[0.508s] INFO:colcon.colcon_core.shell:Creating environment hook '/home/hanjh/F1_TENTH_UNITA/install/key_teleop/share/key_teleop/hook/ament_prefix_path.sh'
[0.508s] INFO:colcon.colcon_core.shell:Skip shell extension 'powershell' for command environment: Not usable outside of PowerShell
[0.508s] DEBUG:colcon.colcon_core.shell:Skip shell extension 'dsv' for command environment
[0.511s] INFO:colcon.colcon_ros.task.ament_python.build:Building ROS package in '/home/hanjh/F1_TENTH_UNITA/src/race_stack/stack_master' with build type 'ament_python'
[0.511s] Level 1:colcon.colcon_core.shell:create_environment_hook('stack_master', 'ament_prefix_path')
[0.511s] INFO:colcon.colcon_core.shell:Creating environment hook '/home/hanjh/F1_TENTH_UNITA/install/stack_master/share/stack_master/hook/ament_prefix_path.ps1'
[0.512s] INFO:colcon.colcon_core.shell:Creating environment descriptor '/home/hanjh/F1_TENTH_UNITA/install/stack_master/share/stack_master/hook/ament_prefix_path.dsv'
[0.512s] INFO:colcon.colcon_core.shell:Creating environment hook '/home/hanjh/F1_TENTH_UNITA/install/stack_master/share/stack_master/hook/ament_prefix_path.sh'
[0.512s] INFO:colcon.colcon_core.shell:Skip shell extension 'powershell' for command environment: Not usable outside of PowerShell
[0.512s] DEBUG:colcon.colcon_core.shell:Skip shell extension 'dsv' for command environment
[0.515s] INFO:colcon.colcon_ros.task.ament_python.build:Building ROS package in '/home/hanjh/F1_TENTH_UNITA/src/race_stack/state_estimation' with build type 'ament_python'
[0.515s] Level 1:colcon.colcon_core.shell:create_environment_hook('state_estimation', 'ament_prefix_path')
[0.515s] INFO:colcon.colcon_core.shell:Creating environment hook '/home/hanjh/F1_TENTH_UNITA/install/state_estimation/share/state_estimation/hook/ament_prefix_path.ps1'
[0.515s] INFO:colcon.colcon_core.shell:Creating environment descriptor '/home/hanjh/F1_TENTH_UNITA/install/state_estimation/share/state_estimation/hook/ament_prefix_path.dsv'
[0.516s] INFO:colcon.colcon_core.shell:Creating environment hook '/home/hanjh/F1_TENTH_UNITA/install/state_estimation/share/state_estimation/hook/ament_prefix_path.sh'
[0.516s] INFO:colcon.colcon_core.shell:Skip shell extension 'powershell' for command environment: Not usable outside of PowerShell
[0.516s] DEBUG:colcon.colcon_core.shell:Skip shell extension 'dsv' for command environment
[0.519s] INFO:colcon.colcon_ros.task.ament_python.build:Building ROS package in '/home/hanjh/F1_TENTH_UNITA/src/race_stack/controller' with build type 'ament_python'
[0.519s] Level 1:colcon.colcon_core.shell:create_environment_hook('controller', 'ament_prefix_path')
[0.519s] INFO:colcon.colcon_core.shell:Creating environment hook '/home/hanjh/F1_TENTH_UNITA/install/controller/share/controller/hook/ament_prefix_path.ps1'
[0.520s] INFO:colcon.colcon_core.shell:Creating environment descriptor '/home/hanjh/F1_TENTH_UNITA/install/controller/share/controller/hook/ament_prefix_path.dsv'
[0.520s] INFO:colcon.colcon_core.shell:Creating environment hook '/home/hanjh/F1_TENTH_UNITA/install/controller/share/controller/hook/ament_prefix_path.sh'
[0.520s] INFO:colcon.colcon_core.shell:Skip shell extension 'powershell' for command environment: Not usable outside of PowerShell
[0.520s] DEBUG:colcon.colcon_core.shell:Skip shell extension 'dsv' for command environment
[0.523s] INFO:colcon.colcon_ros.task.ament_python.build:Building ROS package in '/home/hanjh/F1_TENTH_UNITA/src/race_stack/base_system/f110_simulator/f1tenth_gym_ros' with build type 'ament_python'
[0.523s] Level 1:colcon.colcon_core.shell:create_environment_hook('f1tenth_gym_ros', 'ament_prefix_path')
[0.523s] INFO:colcon.colcon_core.shell:Creating environment hook '/home/hanjh/F1_TENTH_UNITA/install/f1tenth_gym_ros/share/f1tenth_gym_ros/hook/ament_prefix_path.ps1'
[0.524s] INFO:colcon.colcon_core.shell:Creating environment descriptor '/home/hanjh/F1_TENTH_UNITA/install/f1tenth_gym_ros/share/f1tenth_gym_ros/hook/ament_prefix_path.dsv'
[0.524s] INFO:colcon.colcon_core.shell:Creating environment hook '/home/hanjh/F1_TENTH_UNITA/install/f1tenth_gym_ros/share/f1tenth_gym_ros/hook/ament_prefix_path.sh'
[0.524s] INFO:colcon.colcon_core.shell:Skip shell extension 'powershell' for command environment: Not usable outside of PowerShell
[0.524s] DEBUG:colcon.colcon_core.shell:Skip shell extension 'dsv' for command environment
[0.527s] INFO:colcon.colcon_ros.task.ament_python.build:Building ROS package in '/home/hanjh/F1_TENTH_UNITA/src/race_stack/utilities/nodes/frenet_odom_republisher' with build type 'ament_python'
[0.527s] Level 1:colcon.colcon_core.shell:create_environment_hook('frenet_odom_republisher', 'ament_prefix_path')
[0.527s] INFO:colcon.colcon_core.shell:Creating environment hook '/home/hanjh/F1_TENTH_UNITA/install/frenet_odom_republisher/share/frenet_odom_republisher/hook/ament_prefix_path.ps1'
[0.528s] INFO:colcon.colcon_core.shell:Creating environment descriptor '/home/hanjh/F1_TENTH_UNITA/install/frenet_odom_republisher/share/frenet_odom_republisher/hook/ament_prefix_path.dsv'
[0.528s] INFO:colcon.colcon_core.shell:Creating environment hook '/home/hanjh/F1_TENTH_UNITA/install/frenet_odom_republisher/share/frenet_odom_republisher/hook/ament_prefix_path.sh'
[0.528s] INFO:colcon.colcon_core.shell:Skip shell extension 'powershell' for command environment: Not usable outside of PowerShell
[0.528s] DEBUG:colcon.colcon_core.shell:Skip shell extension 'dsv' for command environment
[0.531s] INFO:colcon.colcon_ros.task.ament_python.build:Building ROS package in '/home/hanjh/F1_TENTH_UNITA/src/race_stack/system_identification/nodes/id_controller' with build type 'ament_python'
[0.531s] Level 1:colcon.colcon_core.shell:create_environment_hook('id_controller', 'ament_prefix_path')
[0.532s] INFO:colcon.colcon_core.shell:Creating environment hook '/home/hanjh/F1_TENTH_UNITA/install/id_controller/share/id_controller/hook/ament_prefix_path.ps1'
[0.532s] INFO:colcon.colcon_core.shell:Creating environment descriptor '/home/hanjh/F1_TENTH_UNITA/install/id_controller/share/id_controller/hook/ament_prefix_path.dsv'
[0.532s] INFO:colcon.colcon_core.shell:Creating environment hook '/home/hanjh/F1_TENTH_UNITA/install/id_controller/share/id_controller/hook/ament_prefix_path.sh'
[0.532s] INFO:colcon.colcon_core.shell:Skip shell extension 'powershell' for command environment: Not usable outside of PowerShell
[0.532s] DEBUG:colcon.colcon_core.shell:Skip shell extension 'dsv' for command environment
[0.535s] INFO:colcon.colcon_ros.task.ament_python.build:Building ROS package in '/home/hanjh/F1_TENTH_UNITA/src/race_stack/utilities/nodes/lap_analyser' with build type 'ament_python'
[0.535s] Level 1:colcon.colcon_core.shell:create_environment_hook('lap_analyser', 'ament_prefix_path')
[0.536s] INFO:colcon.colcon_core.shell:Creating environment hook '/home/hanjh/F1_TENTH_UNITA/install/lap_analyser/share/lap_analyser/hook/ament_prefix_path.ps1'
[0.536s] INFO:colcon.colcon_core.shell:Creating environment descriptor '/home/hanjh/F1_TENTH_UNITA/install/lap_analyser/share/lap_analyser/hook/ament_prefix_path.dsv'
[0.536s] INFO:colcon.colcon_core.shell:Creating environment hook '/home/hanjh/F1_TENTH_UNITA/install/lap_analyser/share/lap_analyser/hook/ament_prefix_path.sh'
[0.536s] INFO:colcon.colcon_core.shell:Skip shell extension 'powershell' for command environment: Not usable outside of PowerShell
[0.536s] DEBUG:colcon.colcon_core.shell:Skip shell extension 'dsv' for command environment
[0.539s] INFO:colcon.colcon_ros.task.ament_python.build:Building ROS package in '/home/hanjh/F1_TENTH_UNITA/src/race_stack/base_system/f1tenth_system/teleop_tools/mouse_teleop' with build type 'ament_python'
[0.539s] Level 1:colcon.colcon_core.shell:create_environment_hook('mouse_teleop', 'ament_prefix_path')
[0.540s] INFO:colcon.colcon_core.shell:Creating environment hook '/home/hanjh/F1_TENTH_UNITA/install/mouse_teleop/share/mouse_teleop/hook/ament_prefix_path.ps1'
[0.540s] INFO:colcon.colcon_core.shell:Creating environment descriptor '/home/hanjh/F1_TENTH_UNITA/install/mouse_teleop/share/mouse_teleop/hook/ament_prefix_path.dsv'
[0.540s] INFO:colcon.colcon_core.shell:Creating environment hook '/home/hanjh/F1_TENTH_UNITA/install/mouse_teleop/share/mouse_teleop/hook/ament_prefix_path.sh'
[0.540s] INFO:colcon.colcon_core.shell:Skip shell extension 'powershell' for command environment: Not usable outside of PowerShell
[0.540s] DEBUG:colcon.colcon_core.shell:Skip shell extension 'dsv' for command environment
[0.543s] INFO:colcon.colcon_ros.task.ament_python.build:Building ROS package in '/home/hanjh/F1_TENTH_UNITA/src/race_stack/utilities/nodes/opponent_publisher' with build type 'ament_python'
[0.544s] Level 1:colcon.colcon_core.shell:create_environment_hook('opponent_publisher', 'ament_prefix_path')
[0.544s] INFO:colcon.colcon_core.shell:Creating environment hook '/home/hanjh/F1_TENTH_UNITA/install/opponent_publisher/share/opponent_publisher/hook/ament_prefix_path.ps1'
[0.544s] INFO:colcon.colcon_core.shell:Creating environment descriptor '/home/hanjh/F1_TENTH_UNITA/install/opponent_publisher/share/opponent_publisher/hook/ament_prefix_path.dsv'
[0.544s] INFO:colcon.colcon_core.shell:Creating environment hook '/home/hanjh/F1_TENTH_UNITA/install/opponent_publisher/share/opponent_publisher/hook/ament_prefix_path.sh'
[0.544s] INFO:colcon.colcon_core.shell:Skip shell extension 'powershell' for command environment: Not usable outside of PowerShell
[0.544s] DEBUG:colcon.colcon_core.shell:Skip shell extension 'dsv' for command environment
[0.553s] DEBUG:colcon.colcon_core.event_handler.log_command:Invoking command in '/home/hanjh/F1_TENTH_UNITA/build/vesc_msgs': CMAKE_PREFIX_PATH=${CMAKE_PREFIX_PATH}:/home/hanjh/F1_TENTH_UNITA/install/f1tenth_stack:/home/hanjh/F1_TENTH_UNITA/install/joy_teleop:/home/hanjh/F1_TENTH_UNITA/install/steering_lookup:/home/hanjh/F1_TENTH_UNITA/install/state_machine:/home/hanjh/F1_TENTH_UNITA/install/slam_tuner:/home/hanjh/F1_TENTH_UNITA/install/state_estimation:/home/hanjh/F1_TENTH_UNITA/install/map_editor:/home/hanjh/F1_TENTH_UNITA/install/stack_master:/home/hanjh/F1_TENTH_UNITA/install/spline_planner:/home/hanjh/F1_TENTH_UNITA/install/sector_tuner:/home/hanjh/F1_TENTH_UNITA/install/perception:/home/hanjh/F1_TENTH_UNITA/install/opponent_publisher:/home/hanjh/F1_TENTH_UNITA/install/mouse_teleop:/home/hanjh/F1_TENTH_UNITA/install/lap_analyser:/home/hanjh/F1_TENTH_UNITA/install/key_teleop:/home/hanjh/F1_TENTH_UNITA/install/id_controller:/home/hanjh/F1_TENTH_UNITA/install/global_planner:/home/hanjh/F1_TENTH_UNITA/install/frenet_odom_republisher:/home/hanjh/F1_TENTH_UNITA/install/frenet_conversion:/home/hanjh/F1_TENTH_UNITA/install/f1tenth_gym_ros:/home/hanjh/F1_TENTH_UNITA/install/controller:/home/hanjh/ros2_ws/install/tutorial_topic:/home/hanjh/ros2_ws/install/tutorial_service:/home/hanjh/ros2_ws/install/tutorial_action:/home/hanjh/ros2_ws/install/node_exercise:/home/hanjh/ros2_ws/install/my_package:/home/hanjh/ros2_ws/install/moving_services:/home/hanjh/ros2_ws/install/logger_test:/home/hanjh/ros2_ws/install/elevator_vision:/home/hanjh/ros2_ws/install/ebimu_pkg:/home/hanjh/ros2_ws/install/debug_pkg:/home/hanjh/ros2_ws/install/custom_interface_example:/home/hanjh/ros2_ws/install/camera_perception_pkg:/opt/ros/humble /usr/bin/cmake /home/hanjh/F1_TENTH_UNITA/src/race_stack/sensors/vesc/vesc_msgs -DAMENT_CMAKE_SYMLINK_INSTALL=1 -DCMAKE_INSTALL_PREFIX=/home/hanjh/F1_TENTH_UNITA/install/vesc_msgs
[0.554s] DEBUG:colcon.colcon_core.event_handler.log_command:Invoking command in '/home/hanjh/F1_TENTH_UNITA/build/teleop_tools_msgs': CMAKE_PREFIX_PATH=${CMAKE_PREFIX_PATH}:/home/hanjh/F1_TENTH_UNITA/install/f1tenth_stack:/home/hanjh/F1_TENTH_UNITA/install/joy_teleop:/home/hanjh/F1_TENTH_UNITA/install/steering_lookup:/home/hanjh/F1_TENTH_UNITA/install/state_machine:/home/hanjh/F1_TENTH_UNITA/install/slam_tuner:/home/hanjh/F1_TENTH_UNITA/install/state_estimation:/home/hanjh/F1_TENTH_UNITA/install/map_editor:/home/hanjh/F1_TENTH_UNITA/install/stack_master:/home/hanjh/F1_TENTH_UNITA/install/spline_planner:/home/hanjh/F1_TENTH_UNITA/install/sector_tuner:/home/hanjh/F1_TENTH_UNITA/install/perception:/home/hanjh/F1_TENTH_UNITA/install/opponent_publisher:/home/hanjh/F1_TENTH_UNITA/install/mouse_teleop:/home/hanjh/F1_TENTH_UNITA/install/lap_analyser:/home/hanjh/F1_TENTH_UNITA/install/key_teleop:/home/hanjh/F1_TENTH_UNITA/install/id_controller:/home/hanjh/F1_TENTH_UNITA/install/global_planner:/home/hanjh/F1_TENTH_UNITA/install/frenet_odom_republisher:/home/hanjh/F1_TENTH_UNITA/install/frenet_conversion:/home/hanjh/F1_TENTH_UNITA/install/f1tenth_gym_ros:/home/hanjh/F1_TENTH_UNITA/install/controller:/home/hanjh/ros2_ws/install/tutorial_topic:/home/hanjh/ros2_ws/install/tutorial_service:/home/hanjh/ros2_ws/install/tutorial_action:/home/hanjh/ros2_ws/install/node_exercise:/home/hanjh/ros2_ws/install/my_package:/home/hanjh/ros2_ws/install/moving_services:/home/hanjh/ros2_ws/install/logger_test:/home/hanjh/ros2_ws/install/elevator_vision:/home/hanjh/ros2_ws/install/ebimu_pkg:/home/hanjh/ros2_ws/install/debug_pkg:/home/hanjh/ros2_ws/install/custom_interface_example:/home/hanjh/ros2_ws/install/camera_perception_pkg:/opt/ros/humble /usr/bin/cmake /home/hanjh/F1_TENTH_UNITA/src/race_stack/base_system/f1tenth_system/teleop_tools/teleop_tools_msgs -DAMENT_CMAKE_SYMLINK_INSTALL=1 -DCMAKE_INSTALL_PREFIX=/home/hanjh/F1_TENTH_UNITA/install/teleop_tools_msgs
[0.555s] DEBUG:colcon.colcon_core.event_handler.log_command:Invoking command in '/home/hanjh/F1_TENTH_UNITA/build/ackermann_mux': CMAKE_PREFIX_PATH=${CMAKE_PREFIX_PATH}:/home/hanjh/F1_TENTH_UNITA/install/f1tenth_stack:/home/hanjh/F1_TENTH_UNITA/install/joy_teleop:/home/hanjh/F1_TENTH_UNITA/install/steering_lookup:/home/hanjh/F1_TENTH_UNITA/install/state_machine:/home/hanjh/F1_TENTH_UNITA/install/slam_tuner:/home/hanjh/F1_TENTH_UNITA/install/state_estimation:/home/hanjh/F1_TENTH_UNITA/install/map_editor:/home/hanjh/F1_TENTH_UNITA/install/stack_master:/home/hanjh/F1_TENTH_UNITA/install/spline_planner:/home/hanjh/F1_TENTH_UNITA/install/sector_tuner:/home/hanjh/F1_TENTH_UNITA/install/perception:/home/hanjh/F1_TENTH_UNITA/install/opponent_publisher:/home/hanjh/F1_TENTH_UNITA/install/mouse_teleop:/home/hanjh/F1_TENTH_UNITA/install/lap_analyser:/home/hanjh/F1_TENTH_UNITA/install/key_teleop:/home/hanjh/F1_TENTH_UNITA/install/id_controller:/home/hanjh/F1_TENTH_UNITA/install/global_planner:/home/hanjh/F1_TENTH_UNITA/install/frenet_odom_republisher:/home/hanjh/F1_TENTH_UNITA/install/frenet_conversion:/home/hanjh/F1_TENTH_UNITA/install/f1tenth_gym_ros:/home/hanjh/F1_TENTH_UNITA/install/controller:/home/hanjh/ros2_ws/install/tutorial_topic:/home/hanjh/ros2_ws/install/tutorial_service:/home/hanjh/ros2_ws/install/tutorial_action:/home/hanjh/ros2_ws/install/node_exercise:/home/hanjh/ros2_ws/install/my_package:/home/hanjh/ros2_ws/install/moving_services:/home/hanjh/ros2_ws/install/logger_test:/home/hanjh/ros2_ws/install/elevator_vision:/home/hanjh/ros2_ws/install/ebimu_pkg:/home/hanjh/ros2_ws/install/debug_pkg:/home/hanjh/ros2_ws/install/custom_interface_example:/home/hanjh/ros2_ws/install/camera_perception_pkg:/opt/ros/humble /usr/bin/cmake /home/hanjh/F1_TENTH_UNITA/src/race_stack/base_system/f1tenth_system/ackermann_mux -DAMENT_CMAKE_SYMLINK_INSTALL=1 -DCMAKE_INSTALL_PREFIX=/home/hanjh/F1_TENTH_UNITA/install/ackermann_mux
[0.557s] DEBUG:colcon.colcon_core.event_handler.log_command:Invoking command in '/home/hanjh/F1_TENTH_UNITA/build/f110_msgs': CMAKE_PREFIX_PATH=${CMAKE_PREFIX_PATH}:/home/hanjh/F1_TENTH_UNITA/install/f1tenth_stack:/home/hanjh/F1_TENTH_UNITA/install/joy_teleop:/home/hanjh/F1_TENTH_UNITA/install/steering_lookup:/home/hanjh/F1_TENTH_UNITA/install/state_machine:/home/hanjh/F1_TENTH_UNITA/install/slam_tuner:/home/hanjh/F1_TENTH_UNITA/install/state_estimation:/home/hanjh/F1_TENTH_UNITA/install/map_editor:/home/hanjh/F1_TENTH_UNITA/install/stack_master:/home/hanjh/F1_TENTH_UNITA/install/spline_planner:/home/hanjh/F1_TENTH_UNITA/install/sector_tuner:/home/hanjh/F1_TENTH_UNITA/install/perception:/home/hanjh/F1_TENTH_UNITA/install/opponent_publisher:/home/hanjh/F1_TENTH_UNITA/install/mouse_teleop:/home/hanjh/F1_TENTH_UNITA/install/lap_analyser:/home/hanjh/F1_TENTH_UNITA/install/key_teleop:/home/hanjh/F1_TENTH_UNITA/install/id_controller:/home/hanjh/F1_TENTH_UNITA/install/global_planner:/home/hanjh/F1_TENTH_UNITA/install/frenet_odom_republisher:/home/hanjh/F1_TENTH_UNITA/install/frenet_conversion:/home/hanjh/F1_TENTH_UNITA/install/f1tenth_gym_ros:/home/hanjh/F1_TENTH_UNITA/install/controller:/home/hanjh/ros2_ws/install/tutorial_topic:/home/hanjh/ros2_ws/install/tutorial_service:/home/hanjh/ros2_ws/install/tutorial_action:/home/hanjh/ros2_ws/install/node_exercise:/home/hanjh/ros2_ws/install/my_package:/home/hanjh/ros2_ws/install/moving_services:/home/hanjh/ros2_ws/install/logger_test:/home/hanjh/ros2_ws/install/elevator_vision:/home/hanjh/ros2_ws/install/ebimu_pkg:/home/hanjh/ros2_ws/install/debug_pkg:/home/hanjh/ros2_ws/install/custom_interface_example:/home/hanjh/ros2_ws/install/camera_perception_pkg:/opt/ros/humble /usr/bin/cmake /home/hanjh/F1_TENTH_UNITA/src/race_stack/utilities/libraries/f110_msgs -DAMENT_CMAKE_SYMLINK_INSTALL=1 -DCMAKE_INSTALL_PREFIX=/home/hanjh/F1_TENTH_UNITA/install/f110_msgs
[0.813s] INFO:colcon.colcon_core.task.python.build:Building Python package in '/home/hanjh/F1_TENTH_UNITA/src/race_stack/utilities/libraries/frenet_conversion'
[0.814s] INFO:colcon.colcon_core.shell:Skip shell extension 'powershell' for command environment: Not usable outside of PowerShell
[0.814s] DEBUG:colcon.colcon_core.shell:Skip shell extension 'dsv' for command environment
[1.090s] INFO:colcon.colcon_core.task.python.build:Building Python package in '/home/hanjh/F1_TENTH_UNITA/src/race_stack/planner/global_planner'
[1.090s] INFO:colcon.colcon_core.shell:Skip shell extension 'powershell' for command environment: Not usable outside of PowerShell
[1.091s] DEBUG:colcon.colcon_core.shell:Skip shell extension 'dsv' for command environment
[1.370s] INFO:colcon.colcon_core.task.python.build:Building Python package in '/home/hanjh/F1_TENTH_UNITA/src/race_stack/base_system/f1tenth_system/teleop_tools/key_teleop'
[1.370s] INFO:colcon.colcon_core.shell:Skip shell extension 'powershell' for command environment: Not usable outside of PowerShell
[1.371s] DEBUG:colcon.colcon_core.shell:Skip shell extension 'dsv' for command environment
[2.250s] INFO:colcon.colcon_core.task.python.build:Building Python package in '/home/hanjh/F1_TENTH_UNITA/src/race_stack/stack_master'
[2.251s] INFO:colcon.colcon_core.shell:Skip shell extension 'powershell' for command environment: Not usable outside of PowerShell
[2.251s] DEBUG:colcon.colcon_core.shell:Skip shell extension 'dsv' for command environment
[2.907s] INFO:colcon.colcon_core.task.python.build:Building Python package in '/home/hanjh/F1_TENTH_UNITA/src/race_stack/state_estimation'
[2.908s] INFO:colcon.colcon_core.shell:Skip shell extension 'powershell' for command environment: Not usable outside of PowerShell
[2.908s] DEBUG:colcon.colcon_core.shell:Skip shell extension 'dsv' for command environment
[3.510s] INFO:colcon.colcon_core.task.python.build:Building Python package in '/home/hanjh/F1_TENTH_UNITA/src/race_stack/controller'
[3.511s] INFO:colcon.colcon_core.shell:Skip shell extension 'powershell' for command environment: Not usable outside of PowerShell
[3.511s] DEBUG:colcon.colcon_core.shell:Skip shell extension 'dsv' for command environment
[4.084s] INFO:colcon.colcon_core.task.python.build:Building Python package in '/home/hanjh/F1_TENTH_UNITA/src/race_stack/base_system/f110_simulator/f1tenth_gym_ros'
[4.085s] INFO:colcon.colcon_core.shell:Skip shell extension 'powershell' for command environment: Not usable outside of PowerShell
[4.085s] DEBUG:colcon.colcon_core.shell:Skip shell extension 'dsv' for command environment
[4.606s] INFO:colcon.colcon_core.task.python.build:Building Python package in '/home/hanjh/F1_TENTH_UNITA/src/race_stack/utilities/nodes/frenet_odom_republisher'
[4.606s] INFO:colcon.colcon_core.shell:Skip shell extension 'powershell' for command environment: Not usable outside of PowerShell
[4.606s] DEBUG:colcon.colcon_core.shell:Skip shell extension 'dsv' for command environment
[5.017s] INFO:colcon.colcon_core.task.python.build:Building Python package in '/home/hanjh/F1_TENTH_UNITA/src/race_stack/system_identification/nodes/id_controller'
[5.017s] INFO:colcon.colcon_core.shell:Skip shell extension 'powershell' for command environment: Not usable outside of PowerShell
[5.017s] DEBUG:colcon.colcon_core.shell:Skip shell extension 'dsv' for command environment
[5.407s] INFO:colcon.colcon_core.task.python.build:Building Python package in '/home/hanjh/F1_TENTH_UNITA/src/race_stack/utilities/nodes/lap_analyser'
[5.407s] INFO:colcon.colcon_core.shell:Skip shell extension 'powershell' for command environment: Not usable outside of PowerShell
[5.408s] DEBUG:colcon.colcon_core.shell:Skip shell extension 'dsv' for command environment
[5.795s] INFO:colcon.colcon_core.task.python.build:Building Python package in '/home/hanjh/F1_TENTH_UNITA/src/race_stack/base_system/f1tenth_system/teleop_tools/mouse_teleop'
[5.795s] INFO:colcon.colcon_core.shell:Skip shell extension 'powershell' for command environment: Not usable outside of PowerShell
[5.795s] DEBUG:colcon.colcon_core.shell:Skip shell extension 'dsv' for command environment
[6.212s] INFO:colcon.colcon_core.task.python.build:Building Python package in '/home/hanjh/F1_TENTH_UNITA/src/race_stack/utilities/nodes/opponent_publisher'
[6.213s] INFO:colcon.colcon_core.shell:Skip shell extension 'powershell' for command environment: Not usable outside of PowerShell
[6.213s] DEBUG:colcon.colcon_core.shell:Skip shell extension 'dsv' for command environment
[6.224s] DEBUG:colcon.colcon_core.event_handler.log_command:Invoked command in '/home/hanjh/F1_TENTH_UNITA/build/teleop_tools_msgs' returned '0': CMAKE_PREFIX_PATH=${CMAKE_PREFIX_PATH}:/home/hanjh/F1_TENTH_UNITA/install/f1tenth_stack:/home/hanjh/F1_TENTH_UNITA/install/joy_teleop:/home/hanjh/F1_TENTH_UNITA/install/steering_lookup:/home/hanjh/F1_TENTH_UNITA/install/state_machine:/home/hanjh/F1_TENTH_UNITA/install/slam_tuner:/home/hanjh/F1_TENTH_UNITA/install/state_estimation:/home/hanjh/F1_TENTH_UNITA/install/map_editor:/home/hanjh/F1_TENTH_UNITA/install/stack_master:/home/hanjh/F1_TENTH_UNITA/install/spline_planner:/home/hanjh/F1_TENTH_UNITA/install/sector_tuner:/home/hanjh/F1_TENTH_UNITA/install/perception:/home/hanjh/F1_TENTH_UNITA/install/opponent_publisher:/home/hanjh/F1_TENTH_UNITA/install/mouse_teleop:/home/hanjh/F1_TENTH_UNITA/install/lap_analyser:/home/hanjh/F1_TENTH_UNITA/install/key_teleop:/home/hanjh/F1_TENTH_UNITA/install/id_controller:/home/hanjh/F1_TENTH_UNITA/install/global_planner:/home/hanjh/F1_TENTH_UNITA/install/frenet_odom_republisher:/home/hanjh/F1_TENTH_UNITA/install/frenet_conversion:/home/hanjh/F1_TENTH_UNITA/install/f1tenth_gym_ros:/home/hanjh/F1_TENTH_UNITA/install/controller:/home/hanjh/ros2_ws/install/tutorial_topic:/home/hanjh/ros2_ws/install/tutorial_service:/home/hanjh/ros2_ws/install/tutorial_action:/home/hanjh/ros2_ws/install/node_exercise:/home/hanjh/ros2_ws/install/my_package:/home/hanjh/ros2_ws/install/moving_services:/home/hanjh/ros2_ws/install/logger_test:/home/hanjh/ros2_ws/install/elevator_vision:/home/hanjh/ros2_ws/install/ebimu_pkg:/home/hanjh/ros2_ws/install/debug_pkg:/home/hanjh/ros2_ws/install/custom_interface_example:/home/hanjh/ros2_ws/install/camera_perception_pkg:/opt/ros/humble /usr/bin/cmake /home/hanjh/F1_TENTH_UNITA/src/race_stack/base_system/f1tenth_system/teleop_tools/teleop_tools_msgs -DAMENT_CMAKE_SYMLINK_INSTALL=1 -DCMAKE_INSTALL_PREFIX=/home/hanjh/F1_TENTH_UNITA/install/teleop_tools_msgs
[6.227s] DEBUG:colcon.colcon_core.event_handler.log_command:Invoking command in '/home/hanjh/F1_TENTH_UNITA/build/teleop_tools_msgs': CMAKE_PREFIX_PATH=${CMAKE_PREFIX_PATH}:/home/hanjh/F1_TENTH_UNITA/install/f1tenth_stack:/home/hanjh/F1_TENTH_UNITA/install/joy_teleop:/home/hanjh/F1_TENTH_UNITA/install/steering_lookup:/home/hanjh/F1_TENTH_UNITA/install/state_machine:/home/hanjh/F1_TENTH_UNITA/install/slam_tuner:/home/hanjh/F1_TENTH_UNITA/install/state_estimation:/home/hanjh/F1_TENTH_UNITA/install/map_editor:/home/hanjh/F1_TENTH_UNITA/install/stack_master:/home/hanjh/F1_TENTH_UNITA/install/spline_planner:/home/hanjh/F1_TENTH_UNITA/install/sector_tuner:/home/hanjh/F1_TENTH_UNITA/install/perception:/home/hanjh/F1_TENTH_UNITA/install/opponent_publisher:/home/hanjh/F1_TENTH_UNITA/install/mouse_teleop:/home/hanjh/F1_TENTH_UNITA/install/lap_analyser:/home/hanjh/F1_TENTH_UNITA/install/key_teleop:/home/hanjh/F1_TENTH_UNITA/install/id_controller:/home/hanjh/F1_TENTH_UNITA/install/global_planner:/home/hanjh/F1_TENTH_UNITA/install/frenet_odom_republisher:/home/hanjh/F1_TENTH_UNITA/install/frenet_conversion:/home/hanjh/F1_TENTH_UNITA/install/f1tenth_gym_ros:/home/hanjh/F1_TENTH_UNITA/install/controller:/home/hanjh/ros2_ws/install/tutorial_topic:/home/hanjh/ros2_ws/install/tutorial_service:/home/hanjh/ros2_ws/install/tutorial_action:/home/hanjh/ros2_ws/install/node_exercise:/home/hanjh/ros2_ws/install/my_package:/home/hanjh/ros2_ws/install/moving_services:/home/hanjh/ros2_ws/install/logger_test:/home/hanjh/ros2_ws/install/elevator_vision:/home/hanjh/ros2_ws/install/ebimu_pkg:/home/hanjh/ros2_ws/install/debug_pkg:/home/hanjh/ros2_ws/install/custom_interface_example:/home/hanjh/ros2_ws/install/camera_perception_pkg:/opt/ros/humble /usr/bin/cmake --build /home/hanjh/F1_TENTH_UNITA/build/teleop_tools_msgs -- -j16 -l16
[6.229s] DEBUG:colcon.colcon_core.event_handler.log_command:Invoked command in '/home/hanjh/F1_TENTH_UNITA/build/f110_msgs' returned '0': CMAKE_PREFIX_PATH=${CMAKE_PREFIX_PATH}:/home/hanjh/F1_TENTH_UNITA/install/f1tenth_stack:/home/hanjh/F1_TENTH_UNITA/install/joy_teleop:/home/hanjh/F1_TENTH_UNITA/install/steering_lookup:/home/hanjh/F1_TENTH_UNITA/install/state_machine:/home/hanjh/F1_TENTH_UNITA/install/slam_tuner:/home/hanjh/F1_TENTH_UNITA/install/state_estimation:/home/hanjh/F1_TENTH_UNITA/install/map_editor:/home/hanjh/F1_TENTH_UNITA/install/stack_master:/home/hanjh/F1_TENTH_UNITA/install/spline_planner:/home/hanjh/F1_TENTH_UNITA/install/sector_tuner:/home/hanjh/F1_TENTH_UNITA/install/perception:/home/hanjh/F1_TENTH_UNITA/install/opponent_publisher:/home/hanjh/F1_TENTH_UNITA/install/mouse_teleop:/home/hanjh/F1_TENTH_UNITA/install/lap_analyser:/home/hanjh/F1_TENTH_UNITA/install/key_teleop:/home/hanjh/F1_TENTH_UNITA/install/id_controller:/home/hanjh/F1_TENTH_UNITA/install/global_planner:/home/hanjh/F1_TENTH_UNITA/install/frenet_odom_republisher:/home/hanjh/F1_TENTH_UNITA/install/frenet_conversion:/home/hanjh/F1_TENTH_UNITA/install/f1tenth_gym_ros:/home/hanjh/F1_TENTH_UNITA/install/controller:/home/hanjh/ros2_ws/install/tutorial_topic:/home/hanjh/ros2_ws/install/tutorial_service:/home/hanjh/ros2_ws/install/tutorial_action:/home/hanjh/ros2_ws/install/node_exercise:/home/hanjh/ros2_ws/install/my_package:/home/hanjh/ros2_ws/install/moving_services:/home/hanjh/ros2_ws/install/logger_test:/home/hanjh/ros2_ws/install/elevator_vision:/home/hanjh/ros2_ws/install/ebimu_pkg:/home/hanjh/ros2_ws/install/debug_pkg:/home/hanjh/ros2_ws/install/custom_interface_example:/home/hanjh/ros2_ws/install/camera_perception_pkg:/opt/ros/humble /usr/bin/cmake /home/hanjh/F1_TENTH_UNITA/src/race_stack/utilities/libraries/f110_msgs -DAMENT_CMAKE_SYMLINK_INSTALL=1 -DCMAKE_INSTALL_PREFIX=/home/hanjh/F1_TENTH_UNITA/install/f110_msgs
[6.230s] DEBUG:colcon.colcon_core.event_handler.log_command:Invoking command in '/home/hanjh/F1_TENTH_UNITA/build/f110_msgs': CMAKE_PREFIX_PATH=${CMAKE_PREFIX_PATH}:/home/hanjh/F1_TENTH_UNITA/install/f1tenth_stack:/home/hanjh/F1_TENTH_UNITA/install/joy_teleop:/home/hanjh/F1_TENTH_UNITA/install/steering_lookup:/home/hanjh/F1_TENTH_UNITA/install/state_machine:/home/hanjh/F1_TENTH_UNITA/install/slam_tuner:/home/hanjh/F1_TENTH_UNITA/install/state_estimation:/home/hanjh/F1_TENTH_UNITA/install/map_editor:/home/hanjh/F1_TENTH_UNITA/install/stack_master:/home/hanjh/F1_TENTH_UNITA/install/spline_planner:/home/hanjh/F1_TENTH_UNITA/install/sector_tuner:/home/hanjh/F1_TENTH_UNITA/install/perception:/home/hanjh/F1_TENTH_UNITA/install/opponent_publisher:/home/hanjh/F1_TENTH_UNITA/install/mouse_teleop:/home/hanjh/F1_TENTH_UNITA/install/lap_analyser:/home/hanjh/F1_TENTH_UNITA/install/key_teleop:/home/hanjh/F1_TENTH_UNITA/install/id_controller:/home/hanjh/F1_TENTH_UNITA/install/global_planner:/home/hanjh/F1_TENTH_UNITA/install/frenet_odom_republisher:/home/hanjh/F1_TENTH_UNITA/install/frenet_conversion:/home/hanjh/F1_TENTH_UNITA/install/f1tenth_gym_ros:/home/hanjh/F1_TENTH_UNITA/install/controller:/home/hanjh/ros2_ws/install/tutorial_topic:/home/hanjh/ros2_ws/install/tutorial_service:/home/hanjh/ros2_ws/install/tutorial_action:/home/hanjh/ros2_ws/install/node_exercise:/home/hanjh/ros2_ws/install/my_package:/home/hanjh/ros2_ws/install/moving_services:/home/hanjh/ros2_ws/install/logger_test:/home/hanjh/ros2_ws/install/elevator_vision:/home/hanjh/ros2_ws/install/ebimu_pkg:/home/hanjh/ros2_ws/install/debug_pkg:/home/hanjh/ros2_ws/install/custom_interface_example:/home/hanjh/ros2_ws/install/camera_perception_pkg:/opt/ros/humble /usr/bin/cmake --build /home/hanjh/F1_TENTH_UNITA/build/f110_msgs -- -j16 -l16
[6.231s] DEBUG:colcon.colcon_core.event_handler.log_command:Invoked command in '/home/hanjh/F1_TENTH_UNITA/build/vesc_msgs' returned '0': CMAKE_PREFIX_PATH=${CMAKE_PREFIX_PATH}:/home/hanjh/F1_TENTH_UNITA/install/f1tenth_stack:/home/hanjh/F1_TENTH_UNITA/install/joy_teleop:/home/hanjh/F1_TENTH_UNITA/install/steering_lookup:/home/hanjh/F1_TENTH_UNITA/install/state_machine:/home/hanjh/F1_TENTH_UNITA/install/slam_tuner:/home/hanjh/F1_TENTH_UNITA/install/state_estimation:/home/hanjh/F1_TENTH_UNITA/install/map_editor:/home/hanjh/F1_TENTH_UNITA/install/stack_master:/home/hanjh/F1_TENTH_UNITA/install/spline_planner:/home/hanjh/F1_TENTH_UNITA/install/sector_tuner:/home/hanjh/F1_TENTH_UNITA/install/perception:/home/hanjh/F1_TENTH_UNITA/install/opponent_publisher:/home/hanjh/F1_TENTH_UNITA/install/mouse_teleop:/home/hanjh/F1_TENTH_UNITA/install/lap_analyser:/home/hanjh/F1_TENTH_UNITA/install/key_teleop:/home/hanjh/F1_TENTH_UNITA/install/id_controller:/home/hanjh/F1_TENTH_UNITA/install/global_planner:/home/hanjh/F1_TENTH_UNITA/install/frenet_odom_republisher:/home/hanjh/F1_TENTH_UNITA/install/frenet_conversion:/home/hanjh/F1_TENTH_UNITA/install/f1tenth_gym_ros:/home/hanjh/F1_TENTH_UNITA/install/controller:/home/hanjh/ros2_ws/install/tutorial_topic:/home/hanjh/ros2_ws/install/tutorial_service:/home/hanjh/ros2_ws/install/tutorial_action:/home/hanjh/ros2_ws/install/node_exercise:/home/hanjh/ros2_ws/install/my_package:/home/hanjh/ros2_ws/install/moving_services:/home/hanjh/ros2_ws/install/logger_test:/home/hanjh/ros2_ws/install/elevator_vision:/home/hanjh/ros2_ws/install/ebimu_pkg:/home/hanjh/ros2_ws/install/debug_pkg:/home/hanjh/ros2_ws/install/custom_interface_example:/home/hanjh/ros2_ws/install/camera_perception_pkg:/opt/ros/humble /usr/bin/cmake /home/hanjh/F1_TENTH_UNITA/src/race_stack/sensors/vesc/vesc_msgs -DAMENT_CMAKE_SYMLINK_INSTALL=1 -DCMAKE_INSTALL_PREFIX=/home/hanjh/F1_TENTH_UNITA/install/vesc_msgs
[6.232s] DEBUG:colcon.colcon_core.event_handler.log_command:Invoking command in '/home/hanjh/F1_TENTH_UNITA/build/vesc_msgs': CMAKE_PREFIX_PATH=${CMAKE_PREFIX_PATH}:/home/hanjh/F1_TENTH_UNITA/install/f1tenth_stack:/home/hanjh/F1_TENTH_UNITA/install/joy_teleop:/home/hanjh/F1_TENTH_UNITA/install/steering_lookup:/home/hanjh/F1_TENTH_UNITA/install/state_machine:/home/hanjh/F1_TENTH_UNITA/install/slam_tuner:/home/hanjh/F1_TENTH_UNITA/install/state_estimation:/home/hanjh/F1_TENTH_UNITA/install/map_editor:/home/hanjh/F1_TENTH_UNITA/install/stack_master:/home/hanjh/F1_TENTH_UNITA/install/spline_planner:/home/hanjh/F1_TENTH_UNITA/install/sector_tuner:/home/hanjh/F1_TENTH_UNITA/install/perception:/home/hanjh/F1_TENTH_UNITA/install/opponent_publisher:/home/hanjh/F1_TENTH_UNITA/install/mouse_teleop:/home/hanjh/F1_TENTH_UNITA/install/lap_analyser:/home/hanjh/F1_TENTH_UNITA/install/key_teleop:/home/hanjh/F1_TENTH_UNITA/install/id_controller:/home/hanjh/F1_TENTH_UNITA/install/global_planner:/home/hanjh/F1_TENTH_UNITA/install/frenet_odom_republisher:/home/hanjh/F1_TENTH_UNITA/install/frenet_conversion:/home/hanjh/F1_TENTH_UNITA/install/f1tenth_gym_ros:/home/hanjh/F1_TENTH_UNITA/install/controller:/home/hanjh/ros2_ws/install/tutorial_topic:/home/hanjh/ros2_ws/install/tutorial_service:/home/hanjh/ros2_ws/install/tutorial_action:/home/hanjh/ros2_ws/install/node_exercise:/home/hanjh/ros2_ws/install/my_package:/home/hanjh/ros2_ws/install/moving_services:/home/hanjh/ros2_ws/install/logger_test:/home/hanjh/ros2_ws/install/elevator_vision:/home/hanjh/ros2_ws/install/ebimu_pkg:/home/hanjh/ros2_ws/install/debug_pkg:/home/hanjh/ros2_ws/install/custom_interface_example:/home/hanjh/ros2_ws/install/camera_perception_pkg:/opt/ros/humble /usr/bin/cmake --build /home/hanjh/F1_TENTH_UNITA/build/vesc_msgs -- -j16 -l16
[6.233s] DEBUG:colcon.colcon_core.event_handler.log_command:Invoked command in '/home/hanjh/F1_TENTH_UNITA/build/ackermann_mux' returned '0': CMAKE_PREFIX_PATH=${CMAKE_PREFIX_PATH}:/home/hanjh/F1_TENTH_UNITA/install/f1tenth_stack:/home/hanjh/F1_TENTH_UNITA/install/joy_teleop:/home/hanjh/F1_TENTH_UNITA/install/steering_lookup:/home/hanjh/F1_TENTH_UNITA/install/state_machine:/home/hanjh/F1_TENTH_UNITA/install/slam_tuner:/home/hanjh/F1_TENTH_UNITA/install/state_estimation:/home/hanjh/F1_TENTH_UNITA/install/map_editor:/home/hanjh/F1_TENTH_UNITA/install/stack_master:/home/hanjh/F1_TENTH_UNITA/install/spline_planner:/home/hanjh/F1_TENTH_UNITA/install/sector_tuner:/home/hanjh/F1_TENTH_UNITA/install/perception:/home/hanjh/F1_TENTH_UNITA/install/opponent_publisher:/home/hanjh/F1_TENTH_UNITA/install/mouse_teleop:/home/hanjh/F1_TENTH_UNITA/install/lap_analyser:/home/hanjh/F1_TENTH_UNITA/install/key_teleop:/home/hanjh/F1_TENTH_UNITA/install/id_controller:/home/hanjh/F1_TENTH_UNITA/install/global_planner:/home/hanjh/F1_TENTH_UNITA/install/frenet_odom_republisher:/home/hanjh/F1_TENTH_UNITA/install/frenet_conversion:/home/hanjh/F1_TENTH_UNITA/install/f1tenth_gym_ros:/home/hanjh/F1_TENTH_UNITA/install/controller:/home/hanjh/ros2_ws/install/tutorial_topic:/home/hanjh/ros2_ws/install/tutorial_service:/home/hanjh/ros2_ws/install/tutorial_action:/home/hanjh/ros2_ws/install/node_exercise:/home/hanjh/ros2_ws/install/my_package:/home/hanjh/ros2_ws/install/moving_services:/home/hanjh/ros2_ws/install/logger_test:/home/hanjh/ros2_ws/install/elevator_vision:/home/hanjh/ros2_ws/install/ebimu_pkg:/home/hanjh/ros2_ws/install/debug_pkg:/home/hanjh/ros2_ws/install/custom_interface_example:/home/hanjh/ros2_ws/install/camera_perception_pkg:/opt/ros/humble /usr/bin/cmake /home/hanjh/F1_TENTH_UNITA/src/race_stack/base_system/f1tenth_system/ackermann_mux -DAMENT_CMAKE_SYMLINK_INSTALL=1 -DCMAKE_INSTALL_PREFIX=/home/hanjh/F1_TENTH_UNITA/install/ackermann_mux
[6.235s] DEBUG:colcon.colcon_core.event_handler.log_command:Invoking command in '/home/hanjh/F1_TENTH_UNITA/build/ackermann_mux': CMAKE_PREFIX_PATH=${CMAKE_PREFIX_PATH}:/home/hanjh/F1_TENTH_UNITA/install/f1tenth_stack:/home/hanjh/F1_TENTH_UNITA/install/joy_teleop:/home/hanjh/F1_TENTH_UNITA/install/steering_lookup:/home/hanjh/F1_TENTH_UNITA/install/state_machine:/home/hanjh/F1_TENTH_UNITA/install/slam_tuner:/home/hanjh/F1_TENTH_UNITA/install/state_estimation:/home/hanjh/F1_TENTH_UNITA/install/map_editor:/home/hanjh/F1_TENTH_UNITA/install/stack_master:/home/hanjh/F1_TENTH_UNITA/install/spline_planner:/home/hanjh/F1_TENTH_UNITA/install/sector_tuner:/home/hanjh/F1_TENTH_UNITA/install/perception:/home/hanjh/F1_TENTH_UNITA/install/opponent_publisher:/home/hanjh/F1_TENTH_UNITA/install/mouse_teleop:/home/hanjh/F1_TENTH_UNITA/install/lap_analyser:/home/hanjh/F1_TENTH_UNITA/install/key_teleop:/home/hanjh/F1_TENTH_UNITA/install/id_controller:/home/hanjh/F1_TENTH_UNITA/install/global_planner:/home/hanjh/F1_TENTH_UNITA/install/frenet_odom_republisher:/home/hanjh/F1_TENTH_UNITA/install/frenet_conversion:/home/hanjh/F1_TENTH_UNITA/install/f1tenth_gym_ros:/home/hanjh/F1_TENTH_UNITA/install/controller:/home/hanjh/ros2_ws/install/tutorial_topic:/home/hanjh/ros2_ws/install/tutorial_service:/home/hanjh/ros2_ws/install/tutorial_action:/home/hanjh/ros2_ws/install/node_exercise:/home/hanjh/ros2_ws/install/my_package:/home/hanjh/ros2_ws/install/moving_services:/home/hanjh/ros2_ws/install/logger_test:/home/hanjh/ros2_ws/install/elevator_vision:/home/hanjh/ros2_ws/install/ebimu_pkg:/home/hanjh/ros2_ws/install/debug_pkg:/home/hanjh/ros2_ws/install/custom_interface_example:/home/hanjh/ros2_ws/install/camera_perception_pkg:/opt/ros/humble /usr/bin/cmake --build /home/hanjh/F1_TENTH_UNITA/build/ackermann_mux -- -j16 -l16
[8.730s] DEBUG:colcon.colcon_core.event_handler.log_command:Invoking command in '/home/hanjh/F1_TENTH_UNITA/build/frenet_odom_republisher': PYTHONPATH=/home/hanjh/F1_TENTH_UNITA/build/frenet_odom_republisher/prefix_override:/usr/lib/python3/dist-packages/colcon_core/task/python/colcon_distutils_commands:/home/hanjh/F1_TENTH_UNITA/install/frenet_odom_republisher/lib/python3.10/site-packages:${PYTHONPATH} /usr/bin/python3 -W ignore:setup.py install is deprecated -W ignore:easy_install command is deprecated setup.py develop --editable --build-directory /home/hanjh/F1_TENTH_UNITA/build/frenet_odom_republisher/build --no-deps symlink_data
[9.017s] DEBUG:colcon.colcon_core.event_handler.log_command:Invoking command in '/home/hanjh/F1_TENTH_UNITA/build/state_estimation': PYTHONPATH=/home/hanjh/F1_TENTH_UNITA/build/state_estimation/prefix_override:/usr/lib/python3/dist-packages/colcon_core/task/python/colcon_distutils_commands:/home/hanjh/F1_TENTH_UNITA/install/state_estimation/lib/python3.10/site-packages:${PYTHONPATH} /usr/bin/python3 -W ignore:setup.py install is deprecated -W ignore:easy_install command is deprecated setup.py develop --editable --build-directory /home/hanjh/F1_TENTH_UNITA/build/state_estimation/build --no-deps symlink_data
[9.150s] DEBUG:colcon.colcon_core.event_handler.log_command:Invoking command in '/home/hanjh/F1_TENTH_UNITA/build/stack_master': PYTHONPATH=/home/hanjh/F1_TENTH_UNITA/build/stack_master/prefix_override:/usr/lib/python3/dist-packages/colcon_core/task/python/colcon_distutils_commands:/home/hanjh/F1_TENTH_UNITA/install/stack_master/lib/python3.10/site-packages:${PYTHONPATH} /usr/bin/python3 -W ignore:setup.py install is deprecated -W ignore:easy_install command is deprecated setup.py develop --editable --build-directory /home/hanjh/F1_TENTH_UNITA/build/stack_master/build --no-deps symlink_data
[9.160s] DEBUG:colcon.colcon_core.event_handler.log_command:Invoking command in '/home/hanjh/F1_TENTH_UNITA/build/controller': PYTHONPATH=/home/hanjh/F1_TENTH_UNITA/build/controller/prefix_override:/usr/lib/python3/dist-packages/colcon_core/task/python/colcon_distutils_commands:/home/hanjh/F1_TENTH_UNITA/install/controller/lib/python3.10/site-packages:${PYTHONPATH} /usr/bin/python3 -W ignore:setup.py install is deprecated -W ignore:easy_install command is deprecated setup.py develop --editable --build-directory /home/hanjh/F1_TENTH_UNITA/build/controller/build --no-deps symlink_data
[9.372s] DEBUG:colcon.colcon_core.event_handler.log_command:Invoking command in '/home/hanjh/F1_TENTH_UNITA/build/frenet_conversion': PYTHONPATH=/home/hanjh/F1_TENTH_UNITA/build/frenet_conversion/prefix_override:/usr/lib/python3/dist-packages/colcon_core/task/python/colcon_distutils_commands:/home/hanjh/F1_TENTH_UNITA/install/frenet_conversion/lib/python3.10/site-packages:${PYTHONPATH} /usr/bin/python3 -W ignore:setup.py install is deprecated -W ignore:easy_install command is deprecated setup.py develop --editable --build-directory /home/hanjh/F1_TENTH_UNITA/build/frenet_conversion/build --no-deps symlink_data
[9.547s] DEBUG:colcon.colcon_core.event_handler.log_command:Invoking command in '/home/hanjh/F1_TENTH_UNITA/build/opponent_publisher': PYTHONPATH=/home/hanjh/F1_TENTH_UNITA/build/opponent_publisher/prefix_override:/usr/lib/python3/dist-packages/colcon_core/task/python/colcon_distutils_commands:/home/hanjh/F1_TENTH_UNITA/install/opponent_publisher/lib/python3.10/site-packages:${PYTHONPATH} /usr/bin/python3 -W ignore:setup.py install is deprecated -W ignore:easy_install command is deprecated setup.py develop --editable --build-directory /home/hanjh/F1_TENTH_UNITA/build/opponent_publisher/build --no-deps symlink_data
[9.571s] DEBUG:colcon.colcon_core.event_handler.log_command:Invoking command in '/home/hanjh/F1_TENTH_UNITA/build/id_controller': PYTHONPATH=/home/hanjh/F1_TENTH_UNITA/build/id_controller/prefix_override:/usr/lib/python3/dist-packages/colcon_core/task/python/colcon_distutils_commands:/home/hanjh/F1_TENTH_UNITA/install/id_controller/lib/python3.10/site-packages:${PYTHONPATH} /usr/bin/python3 -W ignore:setup.py install is deprecated -W ignore:easy_install command is deprecated setup.py develop --editable --build-directory /home/hanjh/F1_TENTH_UNITA/build/id_controller/build --no-deps symlink_data
[9.651s] DEBUG:colcon.colcon_core.event_handler.log_command:Invoking command in '/home/hanjh/F1_TENTH_UNITA/build/global_planner': PYTHONPATH=/home/hanjh/F1_TENTH_UNITA/build/global_planner/prefix_override:/usr/lib/python3/dist-packages/colcon_core/task/python/colcon_distutils_commands:/home/hanjh/F1_TENTH_UNITA/install/global_planner/lib/python3.10/site-packages:${PYTHONPATH} /usr/bin/python3 -W ignore:setup.py install is deprecated -W ignore:easy_install command is deprecated setup.py develop --editable --build-directory /home/hanjh/F1_TENTH_UNITA/build/global_planner/build --no-deps symlink_data
[9.788s] DEBUG:colcon.colcon_core.event_handler.log_command:Invoking command in '/home/hanjh/F1_TENTH_UNITA/build/f1tenth_gym_ros': PYTHONPATH=/home/hanjh/F1_TENTH_UNITA/build/f1tenth_gym_ros/prefix_override:/usr/lib/python3/dist-packages/colcon_core/task/python/colcon_distutils_commands:/home/hanjh/F1_TENTH_UNITA/install/f1tenth_gym_ros/lib/python3.10/site-packages:${PYTHONPATH} /usr/bin/python3 -W ignore:setup.py install is deprecated -W ignore:easy_install command is deprecated setup.py develop --editable --build-directory /home/hanjh/F1_TENTH_UNITA/build/f1tenth_gym_ros/build --no-deps symlink_data
[9.845s] DEBUG:colcon.colcon_core.event_handler.log_command:Invoking command in '/home/hanjh/F1_TENTH_UNITA/build/lap_analyser': PYTHONPATH=/home/hanjh/F1_TENTH_UNITA/build/lap_analyser/prefix_override:/usr/lib/python3/dist-packages/colcon_core/task/python/colcon_distutils_commands:/home/hanjh/F1_TENTH_UNITA/install/lap_analyser/lib/python3.10/site-packages:${PYTHONPATH} /usr/bin/python3 -W ignore:setup.py install is deprecated -W ignore:easy_install command is deprecated setup.py develop --editable --build-directory /home/hanjh/F1_TENTH_UNITA/build/lap_analyser/build --no-deps symlink_data
[10.093s] DEBUG:colcon.colcon_core.event_handler.log_command:Invoking command in '/home/hanjh/F1_TENTH_UNITA/build/mouse_teleop': PYTHONPATH=/home/hanjh/F1_TENTH_UNITA/build/mouse_teleop/prefix_override:/usr/lib/python3/dist-packages/colcon_core/task/python/colcon_distutils_commands:/home/hanjh/F1_TENTH_UNITA/install/mouse_teleop/lib/python3.10/site-packages:${PYTHONPATH} /usr/bin/python3 -W ignore:setup.py install is deprecated -W ignore:easy_install command is deprecated setup.py develop --editable --build-directory /home/hanjh/F1_TENTH_UNITA/build/mouse_teleop/build --no-deps symlink_data
[10.764s] DEBUG:colcon.colcon_core.event_handler.log_command:Invoking command in '/home/hanjh/F1_TENTH_UNITA/build/key_teleop': PYTHONPATH=/home/hanjh/F1_TENTH_UNITA/build/key_teleop/prefix_override:/usr/lib/python3/dist-packages/colcon_core/task/python/colcon_distutils_commands:/home/hanjh/F1_TENTH_UNITA/install/key_teleop/lib/python3.10/site-packages:${PYTHONPATH} /usr/bin/python3 -W ignore:setup.py install is deprecated -W ignore:easy_install command is deprecated setup.py develop --editable --build-directory /home/hanjh/F1_TENTH_UNITA/build/key_teleop/build --no-deps symlink_data
[12.977s] Level 1:colcon.colcon_core.shell:create_environment_hook('state_estimation', 'pythonpath_develop')
[12.977s] INFO:colcon.colcon_core.shell:Creating environment hook '/home/hanjh/F1_TENTH_UNITA/build/state_estimation/share/state_estimation/hook/pythonpath_develop.ps1'
[12.978s] DEBUG:colcon.colcon_core.event_handler.log_command:Invoked command in '/home/hanjh/F1_TENTH_UNITA/build/state_estimation' returned '0': PYTHONPATH=/home/hanjh/F1_TENTH_UNITA/build/state_estimation/prefix_override:/usr/lib/python3/dist-packages/colcon_core/task/python/colcon_distutils_commands:/home/hanjh/F1_TENTH_UNITA/install/state_estimation/lib/python3.10/site-packages:${PYTHONPATH} /usr/bin/python3 -W ignore:setup.py install is deprecated -W ignore:easy_install command is deprecated setup.py develop --editable --build-directory /home/hanjh/F1_TENTH_UNITA/build/state_estimation/build --no-deps symlink_data
[12.980s] INFO:colcon.colcon_core.shell:Creating environment descriptor '/home/hanjh/F1_TENTH_UNITA/build/state_estimation/share/state_estimation/hook/pythonpath_develop.dsv'
[12.981s] INFO:colcon.colcon_core.shell:Creating environment hook '/home/hanjh/F1_TENTH_UNITA/build/state_estimation/share/state_estimation/hook/pythonpath_develop.sh'
[13.001s] Level 1:colcon.colcon_core.environment:checking '/home/hanjh/F1_TENTH_UNITA/install/state_estimation' for CMake module files
[13.001s] Level 1:colcon.colcon_core.environment:checking '/home/hanjh/F1_TENTH_UNITA/install/state_estimation' for CMake config files
[13.002s] Level 1:colcon.colcon_core.environment:checking '/home/hanjh/F1_TENTH_UNITA/install/state_estimation/lib'
[13.002s] Level 1:colcon.colcon_core.environment:checking '/home/hanjh/F1_TENTH_UNITA/install/state_estimation/bin'
[13.002s] Level 1:colcon.colcon_core.environment:checking '/home/hanjh/F1_TENTH_UNITA/install/state_estimation/lib/pkgconfig/state_estimation.pc'
[13.003s] Level 1:colcon.colcon_core.environment:checking '/home/hanjh/F1_TENTH_UNITA/install/state_estimation/lib/python3.10/site-packages'
[13.003s] Level 1:colcon.colcon_core.shell:create_environment_hook('state_estimation', 'pythonpath')
[13.003s] INFO:colcon.colcon_core.shell:Creating environment hook '/home/hanjh/F1_TENTH_UNITA/install/state_estimation/share/state_estimation/hook/pythonpath.ps1'
[13.014s] INFO:colcon.colcon_core.shell:Creating environment descriptor '/home/hanjh/F1_TENTH_UNITA/install/state_estimation/share/state_estimation/hook/pythonpath.dsv'
[13.015s] INFO:colcon.colcon_core.shell:Creating environment hook '/home/hanjh/F1_TENTH_UNITA/install/state_estimation/share/state_estimation/hook/pythonpath.sh'
[13.016s] Level 1:colcon.colcon_core.environment:checking '/home/hanjh/F1_TENTH_UNITA/install/state_estimation/bin'
[13.016s] Level 1:colcon.colcon_core.environment:create_environment_scripts_only(state_estimation)
[13.021s] INFO:colcon.colcon_core.shell:Creating package script '/home/hanjh/F1_TENTH_UNITA/install/state_estimation/share/state_estimation/package.ps1'
[13.027s] INFO:colcon.colcon_core.shell:Creating package descriptor '/home/hanjh/F1_TENTH_UNITA/install/state_estimation/share/state_estimation/package.dsv'
[13.033s] INFO:colcon.colcon_core.shell:Creating package script '/home/hanjh/F1_TENTH_UNITA/install/state_estimation/share/state_estimation/package.sh'
[13.039s] INFO:colcon.colcon_core.shell:Creating package script '/home/hanjh/F1_TENTH_UNITA/install/state_estimation/share/state_estimation/package.bash'
[13.044s] INFO:colcon.colcon_core.shell:Creating package script '/home/hanjh/F1_TENTH_UNITA/install/state_estimation/share/state_estimation/package.zsh'
[13.052s] Level 1:colcon.colcon_core.environment:create_file_with_runtime_dependencies(/home/hanjh/F1_TENTH_UNITA/install/state_estimation/share/colcon-core/packages/state_estimation)
[13.052s] INFO:colcon.colcon_ros.task.ament_python.build:Building ROS package in '/home/hanjh/F1_TENTH_UNITA/src/race_stack/perception' with build type 'ament_python'
[13.053s] Level 1:colcon.colcon_core.shell:create_environment_hook('perception', 'ament_prefix_path')
[13.053s] INFO:colcon.colcon_core.shell:Creating environment hook '/home/hanjh/F1_TENTH_UNITA/install/perception/share/perception/hook/ament_prefix_path.ps1'
[13.054s] INFO:colcon.colcon_core.shell:Creating environment descriptor '/home/hanjh/F1_TENTH_UNITA/install/perception/share/perception/hook/ament_prefix_path.dsv'
[13.055s] INFO:colcon.colcon_core.shell:Creating environment hook '/home/hanjh/F1_TENTH_UNITA/install/perception/share/perception/hook/ament_prefix_path.sh'
[13.056s] INFO:colcon.colcon_core.shell:Skip shell extension 'powershell' for command environment: Not usable outside of PowerShell
[13.056s] DEBUG:colcon.colcon_core.shell:Skip shell extension 'dsv' for command environment
[14.227s] INFO:colcon.colcon_core.task.python.build:Building Python package in '/home/hanjh/F1_TENTH_UNITA/src/race_stack/perception'
[14.228s] INFO:colcon.colcon_core.shell:Skip shell extension 'powershell' for command environment: Not usable outside of PowerShell
[14.228s] DEBUG:colcon.colcon_core.shell:Skip shell extension 'dsv' for command environment
[14.271s] Level 1:colcon.colcon_core.shell:create_environment_hook('controller', 'pythonpath_develop')
[14.271s] INFO:colcon.colcon_core.shell:Creating environment hook '/home/hanjh/F1_TENTH_UNITA/build/controller/share/controller/hook/pythonpath_develop.ps1'
[14.272s] INFO:colcon.colcon_core.shell:Creating environment descriptor '/home/hanjh/F1_TENTH_UNITA/build/controller/share/controller/hook/pythonpath_develop.dsv'
[14.272s] INFO:colcon.colcon_core.shell:Creating environment hook '/home/hanjh/F1_TENTH_UNITA/build/controller/share/controller/hook/pythonpath_develop.sh'
[14.273s] Level 1:colcon.colcon_core.environment:checking '/home/hanjh/F1_TENTH_UNITA/install/controller' for CMake module files
[14.279s] DEBUG:colcon.colcon_core.event_handler.log_command:Invoked command in '/home/hanjh/F1_TENTH_UNITA/build/controller' returned '0': PYTHONPATH=/home/hanjh/F1_TENTH_UNITA/build/controller/prefix_override:/usr/lib/python3/dist-packages/colcon_core/task/python/colcon_distutils_commands:/home/hanjh/F1_TENTH_UNITA/install/controller/lib/python3.10/site-packages:${PYTHONPATH} /usr/bin/python3 -W ignore:setup.py install is deprecated -W ignore:easy_install command is deprecated setup.py develop --editable --build-directory /home/hanjh/F1_TENTH_UNITA/build/controller/build --no-deps symlink_data
[14.280s] Level 1:colcon.colcon_core.environment:checking '/home/hanjh/F1_TENTH_UNITA/install/controller' for CMake config files
[14.282s] Level 1:colcon.colcon_core.environment:checking '/home/hanjh/F1_TENTH_UNITA/install/controller/lib'
[14.282s] Level 1:colcon.colcon_core.environment:checking '/home/hanjh/F1_TENTH_UNITA/install/controller/bin'
[14.282s] Level 1:colcon.colcon_core.environment:checking '/home/hanjh/F1_TENTH_UNITA/install/controller/lib/pkgconfig/controller.pc'
[14.282s] Level 1:colcon.colcon_core.environment:checking '/home/hanjh/F1_TENTH_UNITA/install/controller/lib/python3.10/site-packages'
[14.282s] Level 1:colcon.colcon_core.shell:create_environment_hook('controller', 'pythonpath')
[14.285s] INFO:colcon.colcon_core.shell:Creating environment hook '/home/hanjh/F1_TENTH_UNITA/install/controller/share/controller/hook/pythonpath.ps1'
[14.286s] INFO:colcon.colcon_core.shell:Creating environment descriptor '/home/hanjh/F1_TENTH_UNITA/install/controller/share/controller/hook/pythonpath.dsv'
[14.286s] INFO:colcon.colcon_core.shell:Creating environment hook '/home/hanjh/F1_TENTH_UNITA/install/controller/share/controller/hook/pythonpath.sh'
[14.288s] Level 1:colcon.colcon_core.environment:checking '/home/hanjh/F1_TENTH_UNITA/install/controller/bin'
[14.289s] Level 1:colcon.colcon_core.environment:create_environment_scripts_only(controller)
[14.289s] INFO:colcon.colcon_core.shell:Creating package script '/home/hanjh/F1_TENTH_UNITA/install/controller/share/controller/package.ps1'
[14.290s] INFO:colcon.colcon_core.shell:Creating package descriptor '/home/hanjh/F1_TENTH_UNITA/install/controller/share/controller/package.dsv'
[14.297s] INFO:colcon.colcon_core.shell:Creating package script '/home/hanjh/F1_TENTH_UNITA/install/controller/share/controller/package.sh'
[14.298s] INFO:colcon.colcon_core.shell:Creating package script '/home/hanjh/F1_TENTH_UNITA/install/controller/share/controller/package.bash'
[14.299s] INFO:colcon.colcon_core.shell:Creating package script '/home/hanjh/F1_TENTH_UNITA/install/controller/share/controller/package.zsh'
[14.299s] Level 1:colcon.colcon_core.environment:create_file_with_runtime_dependencies(/home/hanjh/F1_TENTH_UNITA/install/controller/share/colcon-core/packages/controller)
[14.303s] Level 1:colcon.colcon_core.shell:create_environment_hook('frenet_odom_republisher', 'pythonpath_develop')
[14.303s] INFO:colcon.colcon_core.shell:Creating environment hook '/home/hanjh/F1_TENTH_UNITA/build/frenet_odom_republisher/share/frenet_odom_republisher/hook/pythonpath_develop.ps1'
[14.304s] INFO:colcon.colcon_core.shell:Creating environment descriptor '/home/hanjh/F1_TENTH_UNITA/build/frenet_odom_republisher/share/frenet_odom_republisher/hook/pythonpath_develop.dsv'
[14.305s] INFO:colcon.colcon_core.shell:Creating environment hook '/home/hanjh/F1_TENTH_UNITA/build/frenet_odom_republisher/share/frenet_odom_republisher/hook/pythonpath_develop.sh'
[14.305s] Level 1:colcon.colcon_core.environment:checking '/home/hanjh/F1_TENTH_UNITA/install/frenet_odom_republisher' for CMake module files
[14.311s] DEBUG:colcon.colcon_core.event_handler.log_command:Invoked command in '/home/hanjh/F1_TENTH_UNITA/build/frenet_odom_republisher' returned '0': PYTHONPATH=/home/hanjh/F1_TENTH_UNITA/build/frenet_odom_republisher/prefix_override:/usr/lib/python3/dist-packages/colcon_core/task/python/colcon_distutils_commands:/home/hanjh/F1_TENTH_UNITA/install/frenet_odom_republisher/lib/python3.10/site-packages:${PYTHONPATH} /usr/bin/python3 -W ignore:setup.py install is deprecated -W ignore:easy_install command is deprecated setup.py develop --editable --build-directory /home/hanjh/F1_TENTH_UNITA/build/frenet_odom_republisher/build --no-deps symlink_data
[14.311s] Level 1:colcon.colcon_core.environment:checking '/home/hanjh/F1_TENTH_UNITA/install/frenet_odom_republisher' for CMake config files
[14.312s] Level 1:colcon.colcon_core.environment:checking '/home/hanjh/F1_TENTH_UNITA/install/frenet_odom_republisher/lib'
[14.312s] Level 1:colcon.colcon_core.environment:checking '/home/hanjh/F1_TENTH_UNITA/install/frenet_odom_republisher/bin'
[14.312s] Level 1:colcon.colcon_core.environment:checking '/home/hanjh/F1_TENTH_UNITA/install/frenet_odom_republisher/lib/pkgconfig/frenet_odom_republisher.pc'
[14.313s] Level 1:colcon.colcon_core.environment:checking '/home/hanjh/F1_TENTH_UNITA/install/frenet_odom_republisher/lib/python3.10/site-packages'
[14.313s] Level 1:colcon.colcon_core.shell:create_environment_hook('frenet_odom_republisher', 'pythonpath')
[14.313s] INFO:colcon.colcon_core.shell:Creating environment hook '/home/hanjh/F1_TENTH_UNITA/install/frenet_odom_republisher/share/frenet_odom_republisher/hook/pythonpath.ps1'
[14.314s] INFO:colcon.colcon_core.shell:Creating environment descriptor '/home/hanjh/F1_TENTH_UNITA/install/frenet_odom_republisher/share/frenet_odom_republisher/hook/pythonpath.dsv'
[14.314s] INFO:colcon.colcon_core.shell:Creating environment hook '/home/hanjh/F1_TENTH_UNITA/install/frenet_odom_republisher/share/frenet_odom_republisher/hook/pythonpath.sh'
[14.318s] Level 1:colcon.colcon_core.environment:checking '/home/hanjh/F1_TENTH_UNITA/install/frenet_odom_republisher/bin'
[14.319s] Level 1:colcon.colcon_core.environment:create_environment_scripts_only(frenet_odom_republisher)
[14.319s] INFO:colcon.colcon_core.shell:Creating package script '/home/hanjh/F1_TENTH_UNITA/install/frenet_odom_republisher/share/frenet_odom_republisher/package.ps1'
[14.323s] INFO:colcon.colcon_core.shell:Creating package descriptor '/home/hanjh/F1_TENTH_UNITA/install/frenet_odom_republisher/share/frenet_odom_republisher/package.dsv'
[14.325s] INFO:colcon.colcon_core.shell:Creating package script '/home/hanjh/F1_TENTH_UNITA/install/frenet_odom_republisher/share/frenet_odom_republisher/package.sh'
[14.325s] INFO:colcon.colcon_core.shell:Creating package script '/home/hanjh/F1_TENTH_UNITA/install/frenet_odom_republisher/share/frenet_odom_republisher/package.bash'
[14.328s] INFO:colcon.colcon_core.shell:Creating package script '/home/hanjh/F1_TENTH_UNITA/install/frenet_odom_republisher/share/frenet_odom_republisher/package.zsh'
[14.329s] Level 1:colcon.colcon_core.environment:create_file_with_runtime_dependencies(/home/hanjh/F1_TENTH_UNITA/install/frenet_odom_republisher/share/colcon-core/packages/frenet_odom_republisher)
[14.330s] Level 1:colcon.colcon_core.shell:create_environment_hook('mouse_teleop', 'pythonpath_develop')
[14.333s] INFO:colcon.colcon_core.shell:Creating environment hook '/home/hanjh/F1_TENTH_UNITA/build/mouse_teleop/share/mouse_teleop/hook/pythonpath_develop.ps1'
[14.334s] INFO:colcon.colcon_core.shell:Creating environment descriptor '/home/hanjh/F1_TENTH_UNITA/build/mouse_teleop/share/mouse_teleop/hook/pythonpath_develop.dsv'
[14.334s] INFO:colcon.colcon_core.shell:Creating environment hook '/home/hanjh/F1_TENTH_UNITA/build/mouse_teleop/share/mouse_teleop/hook/pythonpath_develop.sh'
[14.335s] Level 1:colcon.colcon_core.environment:checking '/home/hanjh/F1_TENTH_UNITA/install/mouse_teleop' for CMake module files
[14.333s] DEBUG:colcon.colcon_core.event_handler.log_command:Invoked command in '/home/hanjh/F1_TENTH_UNITA/build/mouse_teleop' returned '0': PYTHONPATH=/home/hanjh/F1_TENTH_UNITA/build/mouse_teleop/prefix_override:/usr/lib/python3/dist-packages/colcon_core/task/python/colcon_distutils_commands:/home/hanjh/F1_TENTH_UNITA/install/mouse_teleop/lib/python3.10/site-packages:${PYTHONPATH} /usr/bin/python3 -W ignore:setup.py install is deprecated -W ignore:easy_install command is deprecated setup.py develop --editable --build-directory /home/hanjh/F1_TENTH_UNITA/build/mouse_teleop/build --no-deps symlink_data
[14.339s] Level 1:colcon.colcon_core.environment:checking '/home/hanjh/F1_TENTH_UNITA/install/mouse_teleop' for CMake config files
[14.341s] Level 1:colcon.colcon_core.environment:checking '/home/hanjh/F1_TENTH_UNITA/install/mouse_teleop/lib'
[14.341s] Level 1:colcon.colcon_core.environment:checking '/home/hanjh/F1_TENTH_UNITA/install/mouse_teleop/bin'
[14.341s] Level 1:colcon.colcon_core.environment:checking '/home/hanjh/F1_TENTH_UNITA/install/mouse_teleop/lib/pkgconfig/mouse_teleop.pc'
[14.341s] Level 1:colcon.colcon_core.environment:checking '/home/hanjh/F1_TENTH_UNITA/install/mouse_teleop/lib/python3.10/site-packages'
[14.342s] Level 1:colcon.colcon_core.shell:create_environment_hook('mouse_teleop', 'pythonpath')
[14.342s] INFO:colcon.colcon_core.shell:Creating environment hook '/home/hanjh/F1_TENTH_UNITA/install/mouse_teleop/share/mouse_teleop/hook/pythonpath.ps1'
[14.343s] INFO:colcon.colcon_core.shell:Creating environment descriptor '/home/hanjh/F1_TENTH_UNITA/install/mouse_teleop/share/mouse_teleop/hook/pythonpath.dsv'
[14.343s] INFO:colcon.colcon_core.shell:Creating environment hook '/home/hanjh/F1_TENTH_UNITA/install/mouse_teleop/share/mouse_teleop/hook/pythonpath.sh'
[14.347s] Level 1:colcon.colcon_core.environment:checking '/home/hanjh/F1_TENTH_UNITA/install/mouse_teleop/bin'
[14.347s] Level 1:colcon.colcon_core.environment:create_environment_scripts_only(mouse_teleop)
[14.348s] INFO:colcon.colcon_core.shell:Creating package script '/home/hanjh/F1_TENTH_UNITA/install/mouse_teleop/share/mouse_teleop/package.ps1'
[14.349s] INFO:colcon.colcon_core.shell:Creating package descriptor '/home/hanjh/F1_TENTH_UNITA/install/mouse_teleop/share/mouse_teleop/package.dsv'
[14.353s] INFO:colcon.colcon_core.shell:Creating package script '/home/hanjh/F1_TENTH_UNITA/install/mouse_teleop/share/mouse_teleop/package.sh'
[14.354s] INFO:colcon.colcon_core.shell:Creating package script '/home/hanjh/F1_TENTH_UNITA/install/mouse_teleop/share/mouse_teleop/package.bash'
[14.354s] INFO:colcon.colcon_core.shell:Creating package script '/home/hanjh/F1_TENTH_UNITA/install/mouse_teleop/share/mouse_teleop/package.zsh'
[14.357s] Level 1:colcon.colcon_core.environment:create_file_with_runtime_dependencies(/home/hanjh/F1_TENTH_UNITA/install/mouse_teleop/share/colcon-core/packages/mouse_teleop)
[14.358s] Level 1:colcon.colcon_core.shell:create_environment_hook('opponent_publisher', 'pythonpath_develop')
[14.361s] INFO:colcon.colcon_core.shell:Creating environment hook '/home/hanjh/F1_TENTH_UNITA/build/opponent_publisher/share/opponent_publisher/hook/pythonpath_develop.ps1'
[14.362s] INFO:colcon.colcon_core.shell:Creating environment descriptor '/home/hanjh/F1_TENTH_UNITA/build/opponent_publisher/share/opponent_publisher/hook/pythonpath_develop.dsv'
[14.362s] INFO:colcon.colcon_core.shell:Creating environment hook '/home/hanjh/F1_TENTH_UNITA/build/opponent_publisher/share/opponent_publisher/hook/pythonpath_develop.sh'
[14.363s] Level 1:colcon.colcon_core.environment:checking '/home/hanjh/F1_TENTH_UNITA/install/opponent_publisher' for CMake module files
[14.368s] DEBUG:colcon.colcon_core.event_handler.log_command:Invoked command in '/home/hanjh/F1_TENTH_UNITA/build/opponent_publisher' returned '0': PYTHONPATH=/home/hanjh/F1_TENTH_UNITA/build/opponent_publisher/prefix_override:/usr/lib/python3/dist-packages/colcon_core/task/python/colcon_distutils_commands:/home/hanjh/F1_TENTH_UNITA/install/opponent_publisher/lib/python3.10/site-packages:${PYTHONPATH} /usr/bin/python3 -W ignore:setup.py install is deprecated -W ignore:easy_install command is deprecated setup.py develop --editable --build-directory /home/hanjh/F1_TENTH_UNITA/build/opponent_publisher/build --no-deps symlink_data
[14.368s] Level 1:colcon.colcon_core.environment:checking '/home/hanjh/F1_TENTH_UNITA/install/opponent_publisher' for CMake config files
[14.369s] Level 1:colcon.colcon_core.environment:checking '/home/hanjh/F1_TENTH_UNITA/install/opponent_publisher/lib'
[14.370s] Level 1:colcon.colcon_core.environment:checking '/home/hanjh/F1_TENTH_UNITA/install/opponent_publisher/bin'
[14.370s] Level 1:colcon.colcon_core.environment:checking '/home/hanjh/F1_TENTH_UNITA/install/opponent_publisher/lib/pkgconfig/opponent_publisher.pc'
[14.370s] Level 1:colcon.colcon_core.environment:checking '/home/hanjh/F1_TENTH_UNITA/install/opponent_publisher/lib/python3.10/site-packages'
[14.374s] Level 1:colcon.colcon_core.shell:create_environment_hook('opponent_publisher', 'pythonpath')
[14.374s] INFO:colcon.colcon_core.shell:Creating environment hook '/home/hanjh/F1_TENTH_UNITA/install/opponent_publisher/share/opponent_publisher/hook/pythonpath.ps1'
[14.375s] INFO:colcon.colcon_core.shell:Creating environment descriptor '/home/hanjh/F1_TENTH_UNITA/install/opponent_publisher/share/opponent_publisher/hook/pythonpath.dsv'
[14.375s] INFO:colcon.colcon_core.shell:Creating environment hook '/home/hanjh/F1_TENTH_UNITA/install/opponent_publisher/share/opponent_publisher/hook/pythonpath.sh'
[14.377s] Level 1:colcon.colcon_core.environment:checking '/home/hanjh/F1_TENTH_UNITA/install/opponent_publisher/bin'
[14.377s] Level 1:colcon.colcon_core.environment:create_environment_scripts_only(opponent_publisher)
[14.377s] INFO:colcon.colcon_core.shell:Creating package script '/home/hanjh/F1_TENTH_UNITA/install/opponent_publisher/share/opponent_publisher/package.ps1'
[14.382s] INFO:colcon.colcon_core.shell:Creating package descriptor '/home/hanjh/F1_TENTH_UNITA/install/opponent_publisher/share/opponent_publisher/package.dsv'
[14.383s] INFO:colcon.colcon_core.shell:Creating package script '/home/hanjh/F1_TENTH_UNITA/install/opponent_publisher/share/opponent_publisher/package.sh'
[14.383s] INFO:colcon.colcon_core.shell:Creating package script '/home/hanjh/F1_TENTH_UNITA/install/opponent_publisher/share/opponent_publisher/package.bash'
[14.384s] INFO:colcon.colcon_core.shell:Creating package script '/home/hanjh/F1_TENTH_UNITA/install/opponent_publisher/share/opponent_publisher/package.zsh'
[14.384s] Level 1:colcon.colcon_core.environment:create_file_with_runtime_dependencies(/home/hanjh/F1_TENTH_UNITA/install/opponent_publisher/share/colcon-core/packages/opponent_publisher)
[14.388s] Level 1:colcon.colcon_core.shell:create_environment_hook('global_planner', 'pythonpath_develop')
[14.389s] INFO:colcon.colcon_core.shell:Creating environment hook '/home/hanjh/F1_TENTH_UNITA/build/global_planner/share/global_planner/hook/pythonpath_develop.ps1'
[14.390s] INFO:colcon.colcon_core.shell:Creating environment descriptor '/home/hanjh/F1_TENTH_UNITA/build/global_planner/share/global_planner/hook/pythonpath_develop.dsv'
[14.391s] INFO:colcon.colcon_core.shell:Creating environment hook '/home/hanjh/F1_TENTH_UNITA/build/global_planner/share/global_planner/hook/pythonpath_develop.sh'
[14.389s] DEBUG:colcon.colcon_core.event_handler.log_command:Invoked command in '/home/hanjh/F1_TENTH_UNITA/build/global_planner' returned '0': PYTHONPATH=/home/hanjh/F1_TENTH_UNITA/build/global_planner/prefix_override:/usr/lib/python3/dist-packages/colcon_core/task/python/colcon_distutils_commands:/home/hanjh/F1_TENTH_UNITA/install/global_planner/lib/python3.10/site-packages:${PYTHONPATH} /usr/bin/python3 -W ignore:setup.py install is deprecated -W ignore:easy_install command is deprecated setup.py develop --editable --build-directory /home/hanjh/F1_TENTH_UNITA/build/global_planner/build --no-deps symlink_data
[14.395s] Level 1:colcon.colcon_core.environment:checking '/home/hanjh/F1_TENTH_UNITA/install/global_planner' for CMake module files
[14.396s] Level 1:colcon.colcon_core.environment:checking '/home/hanjh/F1_TENTH_UNITA/install/global_planner' for CMake config files
[14.397s] Level 1:colcon.colcon_core.environment:checking '/home/hanjh/F1_TENTH_UNITA/install/global_planner/lib'
[14.397s] Level 1:colcon.colcon_core.environment:checking '/home/hanjh/F1_TENTH_UNITA/install/global_planner/bin'
[14.397s] Level 1:colcon.colcon_core.environment:checking '/home/hanjh/F1_TENTH_UNITA/install/global_planner/lib/pkgconfig/global_planner.pc'
[14.397s] Level 1:colcon.colcon_core.environment:checking '/home/hanjh/F1_TENTH_UNITA/install/global_planner/lib/python3.10/site-packages'
[14.397s] Level 1:colcon.colcon_core.shell:create_environment_hook('global_planner', 'pythonpath')
[14.398s] INFO:colcon.colcon_core.shell:Creating environment hook '/home/hanjh/F1_TENTH_UNITA/install/global_planner/share/global_planner/hook/pythonpath.ps1'
[14.398s] INFO:colcon.colcon_core.shell:Creating environment descriptor '/home/hanjh/F1_TENTH_UNITA/install/global_planner/share/global_planner/hook/pythonpath.dsv'
[14.402s] INFO:colcon.colcon_core.shell:Creating environment hook '/home/hanjh/F1_TENTH_UNITA/install/global_planner/share/global_planner/hook/pythonpath.sh'
[14.403s] Level 1:colcon.colcon_core.environment:checking '/home/hanjh/F1_TENTH_UNITA/install/global_planner/bin'
[14.404s] Level 1:colcon.colcon_core.environment:create_environment_scripts_only(global_planner)
[14.404s] INFO:colcon.colcon_core.shell:Creating package script '/home/hanjh/F1_TENTH_UNITA/install/global_planner/share/global_planner/package.ps1'
[14.409s] INFO:colcon.colcon_core.shell:Creating package descriptor '/home/hanjh/F1_TENTH_UNITA/install/global_planner/share/global_planner/package.dsv'
[14.410s] INFO:colcon.colcon_core.shell:Creating package script '/home/hanjh/F1_TENTH_UNITA/install/global_planner/share/global_planner/package.sh'
[14.411s] INFO:colcon.colcon_core.shell:Creating package script '/home/hanjh/F1_TENTH_UNITA/install/global_planner/share/global_planner/package.bash'
[14.411s] INFO:colcon.colcon_core.shell:Creating package script '/home/hanjh/F1_TENTH_UNITA/install/global_planner/share/global_planner/package.zsh'
[14.411s] Level 1:colcon.colcon_core.environment:create_file_with_runtime_dependencies(/home/hanjh/F1_TENTH_UNITA/install/global_planner/share/colcon-core/packages/global_planner)
[14.416s] Level 1:colcon.colcon_core.shell:create_environment_hook('lap_analyser', 'pythonpath_develop')
[14.416s] INFO:colcon.colcon_core.shell:Creating environment hook '/home/hanjh/F1_TENTH_UNITA/build/lap_analyser/share/lap_analyser/hook/pythonpath_develop.ps1'
[14.417s] INFO:colcon.colcon_core.shell:Creating environment descriptor '/home/hanjh/F1_TENTH_UNITA/build/lap_analyser/share/lap_analyser/hook/pythonpath_develop.dsv'
[14.418s] INFO:colcon.colcon_core.shell:Creating environment hook '/home/hanjh/F1_TENTH_UNITA/build/lap_analyser/share/lap_analyser/hook/pythonpath_develop.sh'
[14.419s] Level 1:colcon.colcon_core.environment:checking '/home/hanjh/F1_TENTH_UNITA/install/lap_analyser' for CMake module files
[14.419s] Level 1:colcon.colcon_core.environment:checking '/home/hanjh/F1_TENTH_UNITA/install/lap_analyser' for CMake config files
[14.424s] DEBUG:colcon.colcon_core.event_handler.log_command:Invoked command in '/home/hanjh/F1_TENTH_UNITA/build/lap_analyser' returned '0': PYTHONPATH=/home/hanjh/F1_TENTH_UNITA/build/lap_analyser/prefix_override:/usr/lib/python3/dist-packages/colcon_core/task/python/colcon_distutils_commands:/home/hanjh/F1_TENTH_UNITA/install/lap_analyser/lib/python3.10/site-packages:${PYTHONPATH} /usr/bin/python3 -W ignore:setup.py install is deprecated -W ignore:easy_install command is deprecated setup.py develop --editable --build-directory /home/hanjh/F1_TENTH_UNITA/build/lap_analyser/build --no-deps symlink_data
[14.424s] Level 1:colcon.colcon_core.environment:checking '/home/hanjh/F1_TENTH_UNITA/install/lap_analyser/lib'
[14.424s] Level 1:colcon.colcon_core.environment:checking '/home/hanjh/F1_TENTH_UNITA/install/lap_analyser/bin'
[14.425s] Level 1:colcon.colcon_core.environment:checking '/home/hanjh/F1_TENTH_UNITA/install/lap_analyser/lib/pkgconfig/lap_analyser.pc'
[14.425s] Level 1:colcon.colcon_core.environment:checking '/home/hanjh/F1_TENTH_UNITA/install/lap_analyser/lib/python3.10/site-packages'
[14.425s] Level 1:colcon.colcon_core.shell:create_environment_hook('lap_analyser', 'pythonpath')
[14.425s] INFO:colcon.colcon_core.shell:Creating environment hook '/home/hanjh/F1_TENTH_UNITA/install/lap_analyser/share/lap_analyser/hook/pythonpath.ps1'
[14.426s] INFO:colcon.colcon_core.shell:Creating environment descriptor '/home/hanjh/F1_TENTH_UNITA/install/lap_analyser/share/lap_analyser/hook/pythonpath.dsv'
[14.426s] INFO:colcon.colcon_core.shell:Creating environment hook '/home/hanjh/F1_TENTH_UNITA/install/lap_analyser/share/lap_analyser/hook/pythonpath.sh'
[14.431s] Level 1:colcon.colcon_core.environment:checking '/home/hanjh/F1_TENTH_UNITA/install/lap_analyser/bin'
[14.431s] Level 1:colcon.colcon_core.environment:create_environment_scripts_only(lap_analyser)
[14.432s] INFO:colcon.colcon_core.shell:Creating package script '/home/hanjh/F1_TENTH_UNITA/install/lap_analyser/share/lap_analyser/package.ps1'
[14.433s] INFO:colcon.colcon_core.shell:Creating package descriptor '/home/hanjh/F1_TENTH_UNITA/install/lap_analyser/share/lap_analyser/package.dsv'
[14.434s] INFO:colcon.colcon_core.shell:Creating package script '/home/hanjh/F1_TENTH_UNITA/install/lap_analyser/share/lap_analyser/package.sh'
[14.434s] INFO:colcon.colcon_core.shell:Creating package script '/home/hanjh/F1_TENTH_UNITA/install/lap_analyser/share/lap_analyser/package.bash'
[14.438s] INFO:colcon.colcon_core.shell:Creating package script '/home/hanjh/F1_TENTH_UNITA/install/lap_analyser/share/lap_analyser/package.zsh'
[14.438s] Level 1:colcon.colcon_core.environment:create_file_with_runtime_dependencies(/home/hanjh/F1_TENTH_UNITA/install/lap_analyser/share/colcon-core/packages/lap_analyser)
[14.443s] Level 1:colcon.colcon_core.shell:create_environment_hook('id_controller', 'pythonpath_develop')
[14.443s] INFO:colcon.colcon_core.shell:Creating environment hook '/home/hanjh/F1_TENTH_UNITA/build/id_controller/share/id_controller/hook/pythonpath_develop.ps1'
[14.444s] INFO:colcon.colcon_core.shell:Creating environment descriptor '/home/hanjh/F1_TENTH_UNITA/build/id_controller/share/id_controller/hook/pythonpath_develop.dsv'
[14.445s] DEBUG:colcon.colcon_core.event_handler.log_command:Invoked command in '/home/hanjh/F1_TENTH_UNITA/build/id_controller' returned '0': PYTHONPATH=/home/hanjh/F1_TENTH_UNITA/build/id_controller/prefix_override:/usr/lib/python3/dist-packages/colcon_core/task/python/colcon_distutils_commands:/home/hanjh/F1_TENTH_UNITA/install/id_controller/lib/python3.10/site-packages:${PYTHONPATH} /usr/bin/python3 -W ignore:setup.py install is deprecated -W ignore:easy_install command is deprecated setup.py develop --editable --build-directory /home/hanjh/F1_TENTH_UNITA/build/id_controller/build --no-deps symlink_data
[14.446s] INFO:colcon.colcon_core.shell:Creating environment hook '/home/hanjh/F1_TENTH_UNITA/build/id_controller/share/id_controller/hook/pythonpath_develop.sh'
[14.447s] Level 1:colcon.colcon_core.environment:checking '/home/hanjh/F1_TENTH_UNITA/install/id_controller' for CMake module files
[14.447s] Level 1:colcon.colcon_core.environment:checking '/home/hanjh/F1_TENTH_UNITA/install/id_controller' for CMake config files
[14.451s] Level 1:colcon.colcon_core.environment:checking '/home/hanjh/F1_TENTH_UNITA/install/id_controller/lib'
[14.451s] Level 1:colcon.colcon_core.environment:checking '/home/hanjh/F1_TENTH_UNITA/install/id_controller/bin'
[14.451s] Level 1:colcon.colcon_core.environment:checking '/home/hanjh/F1_TENTH_UNITA/install/id_controller/lib/pkgconfig/id_controller.pc'
[14.451s] Level 1:colcon.colcon_core.environment:checking '/home/hanjh/F1_TENTH_UNITA/install/id_controller/lib/python3.10/site-packages'
[14.451s] Level 1:colcon.colcon_core.shell:create_environment_hook('id_controller', 'pythonpath')
[14.452s] INFO:colcon.colcon_core.shell:Creating environment hook '/home/hanjh/F1_TENTH_UNITA/install/id_controller/share/id_controller/hook/pythonpath.ps1'
[14.454s] INFO:colcon.colcon_core.shell:Creating environment descriptor '/home/hanjh/F1_TENTH_UNITA/install/id_controller/share/id_controller/hook/pythonpath.dsv'
[14.455s] INFO:colcon.colcon_core.shell:Creating environment hook '/home/hanjh/F1_TENTH_UNITA/install/id_controller/share/id_controller/hook/pythonpath.sh'
[14.456s] Level 1:colcon.colcon_core.environment:checking '/home/hanjh/F1_TENTH_UNITA/install/id_controller/bin'
[14.456s] Level 1:colcon.colcon_core.environment:create_environment_scripts_only(id_controller)
[14.460s] INFO:colcon.colcon_core.shell:Creating package script '/home/hanjh/F1_TENTH_UNITA/install/id_controller/share/id_controller/package.ps1'
[14.465s] INFO:colcon.colcon_core.shell:Creating package descriptor '/home/hanjh/F1_TENTH_UNITA/install/id_controller/share/id_controller/package.dsv'
[14.465s] INFO:colcon.colcon_core.shell:Creating package script '/home/hanjh/F1_TENTH_UNITA/install/id_controller/share/id_controller/package.sh'
[14.466s] INFO:colcon.colcon_core.shell:Creating package script '/home/hanjh/F1_TENTH_UNITA/install/id_controller/share/id_controller/package.bash'
[14.466s] INFO:colcon.colcon_core.shell:Creating package script '/home/hanjh/F1_TENTH_UNITA/install/id_controller/share/id_controller/package.zsh'
[14.469s] Level 1:colcon.colcon_core.environment:create_file_with_runtime_dependencies(/home/hanjh/F1_TENTH_UNITA/install/id_controller/share/colcon-core/packages/id_controller)
[14.473s] INFO:colcon.colcon_ros.task.ament_python.build:Building ROS package in '/home/hanjh/F1_TENTH_UNITA/src/race_stack/utilities/nodes/sector_tuner' with build type 'ament_python'
[14.474s] Level 1:colcon.colcon_core.shell:create_environment_hook('sector_tuner', 'ament_prefix_path')
[14.474s] INFO:colcon.colcon_core.shell:Creating environment hook '/home/hanjh/F1_TENTH_UNITA/install/sector_tuner/share/sector_tuner/hook/ament_prefix_path.ps1'
[14.475s] INFO:colcon.colcon_core.shell:Creating environment descriptor '/home/hanjh/F1_TENTH_UNITA/install/sector_tuner/share/sector_tuner/hook/ament_prefix_path.dsv'
[14.475s] INFO:colcon.colcon_core.shell:Creating environment hook '/home/hanjh/F1_TENTH_UNITA/install/sector_tuner/share/sector_tuner/hook/ament_prefix_path.sh'
[14.479s] INFO:colcon.colcon_core.shell:Skip shell extension 'powershell' for command environment: Not usable outside of PowerShell
[14.479s] DEBUG:colcon.colcon_core.shell:Skip shell extension 'dsv' for command environment
[14.512s] INFO:colcon.colcon_ros.task.ament_python.build:Building ROS package in '/home/hanjh/F1_TENTH_UNITA/src/race_stack/state_machine' with build type 'ament_python'
[14.512s] Level 1:colcon.colcon_core.shell:create_environment_hook('state_machine', 'ament_prefix_path')
[14.512s] INFO:colcon.colcon_core.shell:Creating environment hook '/home/hanjh/F1_TENTH_UNITA/install/state_machine/share/state_machine/hook/ament_prefix_path.ps1'
[14.513s] INFO:colcon.colcon_core.shell:Creating environment descriptor '/home/hanjh/F1_TENTH_UNITA/install/state_machine/share/state_machine/hook/ament_prefix_path.dsv'
[14.514s] INFO:colcon.colcon_core.shell:Creating environment hook '/home/hanjh/F1_TENTH_UNITA/install/state_machine/share/state_machine/hook/ament_prefix_path.sh'
[14.514s] INFO:colcon.colcon_core.shell:Skip shell extension 'powershell' for command environment: Not usable outside of PowerShell
[14.522s] DEBUG:colcon.colcon_core.shell:Skip shell extension 'dsv' for command environment
[14.545s] INFO:colcon.colcon_ros.task.ament_python.build:Building ROS package in '/home/hanjh/F1_TENTH_UNITA/src/race_stack/system_identification/steering_lookup' with build type 'ament_python'
[14.545s] Level 1:colcon.colcon_core.shell:create_environment_hook('steering_lookup', 'ament_prefix_path')
[14.545s] INFO:colcon.colcon_core.shell:Creating environment hook '/home/hanjh/F1_TENTH_UNITA/install/steering_lookup/share/steering_lookup/hook/ament_prefix_path.ps1'
[14.546s] INFO:colcon.colcon_core.shell:Creating environment descriptor '/home/hanjh/F1_TENTH_UNITA/install/steering_lookup/share/steering_lookup/hook/ament_prefix_path.dsv'
[14.547s] INFO:colcon.colcon_core.shell:Creating environment hook '/home/hanjh/F1_TENTH_UNITA/install/steering_lookup/share/steering_lookup/hook/ament_prefix_path.sh'
[14.548s] INFO:colcon.colcon_core.shell:Skip shell extension 'powershell' for command environment: Not usable outside of PowerShell
[14.548s] DEBUG:colcon.colcon_core.shell:Skip shell extension 'dsv' for command environment
[14.573s] INFO:colcon.colcon_ros.task.ament_python.build:Building ROS package in '/home/hanjh/F1_TENTH_UNITA/src/race_stack/utilities/nodes/slam_tuner' with build type 'ament_python'
[14.573s] Level 1:colcon.colcon_core.shell:create_environment_hook('slam_tuner', 'ament_prefix_path')
[14.573s] INFO:colcon.colcon_core.shell:Creating environment hook '/home/hanjh/F1_TENTH_UNITA/install/slam_tuner/share/slam_tuner/hook/ament_prefix_path.ps1'
[14.574s] INFO:colcon.colcon_core.shell:Creating environment descriptor '/home/hanjh/F1_TENTH_UNITA/install/slam_tuner/share/slam_tuner/hook/ament_prefix_path.dsv'
[14.575s] INFO:colcon.colcon_core.shell:Creating environment hook '/home/hanjh/F1_TENTH_UNITA/install/slam_tuner/share/slam_tuner/hook/ament_prefix_path.sh'
[14.579s] INFO:colcon.colcon_core.shell:Skip shell extension 'powershell' for command environment: Not usable outside of PowerShell
[14.579s] DEBUG:colcon.colcon_core.shell:Skip shell extension 'dsv' for command environment
[14.601s] Level 1:colcon.colcon_core.shell:create_environment_hook('f1tenth_gym_ros', 'pythonpath_develop')
[14.601s] INFO:colcon.colcon_core.shell:Creating environment hook '/home/hanjh/F1_TENTH_UNITA/build/f1tenth_gym_ros/share/f1tenth_gym_ros/hook/pythonpath_develop.ps1'
[14.602s] INFO:colcon.colcon_core.shell:Creating environment descriptor '/home/hanjh/F1_TENTH_UNITA/build/f1tenth_gym_ros/share/f1tenth_gym_ros/hook/pythonpath_develop.dsv'
[14.602s] INFO:colcon.colcon_core.shell:Creating environment hook '/home/hanjh/F1_TENTH_UNITA/build/f1tenth_gym_ros/share/f1tenth_gym_ros/hook/pythonpath_develop.sh'
[14.603s] Level 1:colcon.colcon_core.environment:checking '/home/hanjh/F1_TENTH_UNITA/install/f1tenth_gym_ros' for CMake module files
[14.604s] DEBUG:colcon.colcon_core.event_handler.log_command:Invoked command in '/home/hanjh/F1_TENTH_UNITA/build/f1tenth_gym_ros' returned '0': PYTHONPATH=/home/hanjh/F1_TENTH_UNITA/build/f1tenth_gym_ros/prefix_override:/usr/lib/python3/dist-packages/colcon_core/task/python/colcon_distutils_commands:/home/hanjh/F1_TENTH_UNITA/install/f1tenth_gym_ros/lib/python3.10/site-packages:${PYTHONPATH} /usr/bin/python3 -W ignore:setup.py install is deprecated -W ignore:easy_install command is deprecated setup.py develop --editable --build-directory /home/hanjh/F1_TENTH_UNITA/build/f1tenth_gym_ros/build --no-deps symlink_data
[14.609s] Level 1:colcon.colcon_core.environment:checking '/home/hanjh/F1_TENTH_UNITA/install/f1tenth_gym_ros' for CMake config files
[14.610s] Level 1:colcon.colcon_core.environment:checking '/home/hanjh/F1_TENTH_UNITA/install/f1tenth_gym_ros/lib'
[14.610s] Level 1:colcon.colcon_core.environment:checking '/home/hanjh/F1_TENTH_UNITA/install/f1tenth_gym_ros/bin'
[14.610s] Level 1:colcon.colcon_core.environment:checking '/home/hanjh/F1_TENTH_UNITA/install/f1tenth_gym_ros/lib/pkgconfig/f1tenth_gym_ros.pc'
[14.610s] Level 1:colcon.colcon_core.environment:checking '/home/hanjh/F1_TENTH_UNITA/install/f1tenth_gym_ros/lib/python3.10/site-packages'
[14.610s] Level 1:colcon.colcon_core.shell:create_environment_hook('f1tenth_gym_ros', 'pythonpath')
[14.611s] INFO:colcon.colcon_core.shell:Creating environment hook '/home/hanjh/F1_TENTH_UNITA/install/f1tenth_gym_ros/share/f1tenth_gym_ros/hook/pythonpath.ps1'
[14.611s] INFO:colcon.colcon_core.shell:Creating environment descriptor '/home/hanjh/F1_TENTH_UNITA/install/f1tenth_gym_ros/share/f1tenth_gym_ros/hook/pythonpath.dsv'
[14.617s] INFO:colcon.colcon_core.shell:Creating environment hook '/home/hanjh/F1_TENTH_UNITA/install/f1tenth_gym_ros/share/f1tenth_gym_ros/hook/pythonpath.sh'
[14.619s] Level 1:colcon.colcon_core.environment:checking '/home/hanjh/F1_TENTH_UNITA/install/f1tenth_gym_ros/bin'
[14.619s] Level 1:colcon.colcon_core.environment:create_environment_scripts_only(f1tenth_gym_ros)
[14.620s] INFO:colcon.colcon_core.shell:Creating package script '/home/hanjh/F1_TENTH_UNITA/install/f1tenth_gym_ros/share/f1tenth_gym_ros/package.ps1'
[14.620s] INFO:colcon.colcon_core.shell:Creating package descriptor '/home/hanjh/F1_TENTH_UNITA/install/f1tenth_gym_ros/share/f1tenth_gym_ros/package.dsv'
[14.623s] INFO:colcon.colcon_core.shell:Creating package script '/home/hanjh/F1_TENTH_UNITA/install/f1tenth_gym_ros/share/f1tenth_gym_ros/package.sh'
[14.630s] INFO:colcon.colcon_core.shell:Creating package script '/home/hanjh/F1_TENTH_UNITA/install/f1tenth_gym_ros/share/f1tenth_gym_ros/package.bash'
[14.631s] INFO:colcon.colcon_core.shell:Creating package script '/home/hanjh/F1_TENTH_UNITA/install/f1tenth_gym_ros/share/f1tenth_gym_ros/package.zsh'
[14.631s] Level 1:colcon.colcon_core.environment:create_file_with_runtime_dependencies(/home/hanjh/F1_TENTH_UNITA/install/f1tenth_gym_ros/share/colcon-core/packages/f1tenth_gym_ros)
[15.760s] INFO:colcon.colcon_core.task.python.build:Building Python package in '/home/hanjh/F1_TENTH_UNITA/src/race_stack/utilities/nodes/sector_tuner'
[15.760s] INFO:colcon.colcon_core.shell:Skip shell extension 'powershell' for command environment: Not usable outside of PowerShell
[15.760s] DEBUG:colcon.colcon_core.shell:Skip shell extension 'dsv' for command environment
[16.700s] INFO:colcon.colcon_core.task.python.build:Building Python package in '/home/hanjh/F1_TENTH_UNITA/src/race_stack/state_machine'
[16.700s] INFO:colcon.colcon_core.shell:Skip shell extension 'powershell' for command environment: Not usable outside of PowerShell
[16.700s] DEBUG:colcon.colcon_core.shell:Skip shell extension 'dsv' for command environment
[18.236s] INFO:colcon.colcon_core.task.python.build:Building Python package in '/home/hanjh/F1_TENTH_UNITA/src/race_stack/system_identification/steering_lookup'
[18.237s] INFO:colcon.colcon_core.shell:Skip shell extension 'powershell' for command environment: Not usable outside of PowerShell
[18.237s] DEBUG:colcon.colcon_core.shell:Skip shell extension 'dsv' for command environment
[20.005s] INFO:colcon.colcon_core.task.python.build:Building Python package in '/home/hanjh/F1_TENTH_UNITA/src/race_stack/utilities/nodes/slam_tuner'
[20.006s] INFO:colcon.colcon_core.shell:Skip shell extension 'powershell' for command environment: Not usable outside of PowerShell
[20.007s] DEBUG:colcon.colcon_core.shell:Skip shell extension 'dsv' for command environment
[20.064s] Level 1:colcon.colcon_core.shell:create_environment_hook('frenet_conversion', 'pythonpath_develop')
[20.065s] INFO:colcon.colcon_core.shell:Creating environment hook '/home/hanjh/F1_TENTH_UNITA/build/frenet_conversion/share/frenet_conversion/hook/pythonpath_develop.ps1'
[20.066s] DEBUG:colcon.colcon_core.event_handler.log_command:Invoked command in '/home/hanjh/F1_TENTH_UNITA/build/frenet_conversion' returned '0': PYTHONPATH=/home/hanjh/F1_TENTH_UNITA/build/frenet_conversion/prefix_override:/usr/lib/python3/dist-packages/colcon_core/task/python/colcon_distutils_commands:/home/hanjh/F1_TENTH_UNITA/install/frenet_conversion/lib/python3.10/site-packages:${PYTHONPATH} /usr/bin/python3 -W ignore:setup.py install is deprecated -W ignore:easy_install command is deprecated setup.py develop --editable --build-directory /home/hanjh/F1_TENTH_UNITA/build/frenet_conversion/build --no-deps symlink_data
[20.068s] INFO:colcon.colcon_core.shell:Creating environment descriptor '/home/hanjh/F1_TENTH_UNITA/build/frenet_conversion/share/frenet_conversion/hook/pythonpath_develop.dsv'
[20.069s] INFO:colcon.colcon_core.shell:Creating environment hook '/home/hanjh/F1_TENTH_UNITA/build/frenet_conversion/share/frenet_conversion/hook/pythonpath_develop.sh'
[20.071s] Level 1:colcon.colcon_core.environment:checking '/home/hanjh/F1_TENTH_UNITA/install/frenet_conversion' for CMake module files
[20.072s] Level 1:colcon.colcon_core.environment:checking '/home/hanjh/F1_TENTH_UNITA/install/frenet_conversion' for CMake config files
[20.074s] Level 1:colcon.colcon_core.environment:checking '/home/hanjh/F1_TENTH_UNITA/install/frenet_conversion/lib'
[20.074s] Level 1:colcon.colcon_core.environment:checking '/home/hanjh/F1_TENTH_UNITA/install/frenet_conversion/bin'
[20.074s] Level 1:colcon.colcon_core.environment:checking '/home/hanjh/F1_TENTH_UNITA/install/frenet_conversion/lib/pkgconfig/frenet_conversion.pc'
[20.075s] Level 1:colcon.colcon_core.environment:checking '/home/hanjh/F1_TENTH_UNITA/install/frenet_conversion/lib/python3.10/site-packages'
[20.076s] Level 1:colcon.colcon_core.shell:create_environment_hook('frenet_conversion', 'pythonpath')
[20.077s] INFO:colcon.colcon_core.shell:Creating environment hook '/home/hanjh/F1_TENTH_UNITA/install/frenet_conversion/share/frenet_conversion/hook/pythonpath.ps1'
[20.078s] INFO:colcon.colcon_core.shell:Creating environment descriptor '/home/hanjh/F1_TENTH_UNITA/install/frenet_conversion/share/frenet_conversion/hook/pythonpath.dsv'
[20.080s] INFO:colcon.colcon_core.shell:Creating environment hook '/home/hanjh/F1_TENTH_UNITA/install/frenet_conversion/share/frenet_conversion/hook/pythonpath.sh'
[20.083s] Level 1:colcon.colcon_core.environment:checking '/home/hanjh/F1_TENTH_UNITA/install/frenet_conversion/bin'
[20.083s] Level 1:colcon.colcon_core.environment:create_environment_scripts_only(frenet_conversion)
[20.084s] INFO:colcon.colcon_core.shell:Creating package script '/home/hanjh/F1_TENTH_UNITA/install/frenet_conversion/share/frenet_conversion/package.ps1'
[20.086s] INFO:colcon.colcon_core.shell:Creating package descriptor '/home/hanjh/F1_TENTH_UNITA/install/frenet_conversion/share/frenet_conversion/package.dsv'
[20.088s] INFO:colcon.colcon_core.shell:Creating package script '/home/hanjh/F1_TENTH_UNITA/install/frenet_conversion/share/frenet_conversion/package.sh'
[20.090s] INFO:colcon.colcon_core.shell:Creating package script '/home/hanjh/F1_TENTH_UNITA/install/frenet_conversion/share/frenet_conversion/package.bash'
[20.091s] INFO:colcon.colcon_core.shell:Creating package script '/home/hanjh/F1_TENTH_UNITA/install/frenet_conversion/share/frenet_conversion/package.zsh'
[20.093s] Level 1:colcon.colcon_core.environment:create_file_with_runtime_dependencies(/home/hanjh/F1_TENTH_UNITA/install/frenet_conversion/share/colcon-core/packages/frenet_conversion)
[20.100s] INFO:colcon.colcon_ros.task.ament_python.build:Building ROS package in '/home/hanjh/F1_TENTH_UNITA/src/race_stack/planner/local_planners/spline_planner' with build type 'ament_python'
[20.100s] Level 1:colcon.colcon_core.shell:create_environment_hook('spline_planner', 'ament_prefix_path')
[20.102s] INFO:colcon.colcon_core.shell:Creating environment hook '/home/hanjh/F1_TENTH_UNITA/install/spline_planner/share/spline_planner/hook/ament_prefix_path.ps1'
[20.104s] INFO:colcon.colcon_core.shell:Creating environment descriptor '/home/hanjh/F1_TENTH_UNITA/install/spline_planner/share/spline_planner/hook/ament_prefix_path.dsv'
[20.105s] INFO:colcon.colcon_core.shell:Creating environment hook '/home/hanjh/F1_TENTH_UNITA/install/spline_planner/share/spline_planner/hook/ament_prefix_path.sh'
[20.107s] INFO:colcon.colcon_core.shell:Skip shell extension 'powershell' for command environment: Not usable outside of PowerShell
[20.107s] DEBUG:colcon.colcon_core.shell:Skip shell extension 'dsv' for command environment
[20.130s] Level 1:colcon.colcon_core.shell:create_environment_hook('stack_master', 'pythonpath_develop')
[20.132s] INFO:colcon.colcon_core.shell:Creating environment hook '/home/hanjh/F1_TENTH_UNITA/build/stack_master/share/stack_master/hook/pythonpath_develop.ps1'
[20.133s] DEBUG:colcon.colcon_core.event_handler.log_command:Invoked command in '/home/hanjh/F1_TENTH_UNITA/build/stack_master' returned '0': PYTHONPATH=/home/hanjh/F1_TENTH_UNITA/build/stack_master/prefix_override:/usr/lib/python3/dist-packages/colcon_core/task/python/colcon_distutils_commands:/home/hanjh/F1_TENTH_UNITA/install/stack_master/lib/python3.10/site-packages:${PYTHONPATH} /usr/bin/python3 -W ignore:setup.py install is deprecated -W ignore:easy_install command is deprecated setup.py develop --editable --build-directory /home/hanjh/F1_TENTH_UNITA/build/stack_master/build --no-deps symlink_data
[20.135s] INFO:colcon.colcon_core.shell:Creating environment descriptor '/home/hanjh/F1_TENTH_UNITA/build/stack_master/share/stack_master/hook/pythonpath_develop.dsv'
[20.136s] INFO:colcon.colcon_core.shell:Creating environment hook '/home/hanjh/F1_TENTH_UNITA/build/stack_master/share/stack_master/hook/pythonpath_develop.sh'
[20.138s] Level 1:colcon.colcon_core.environment:checking '/home/hanjh/F1_TENTH_UNITA/install/stack_master' for CMake module files
[20.139s] Level 1:colcon.colcon_core.environment:checking '/home/hanjh/F1_TENTH_UNITA/install/stack_master' for CMake config files
[20.144s] Level 1:colcon.colcon_core.environment:checking '/home/hanjh/F1_TENTH_UNITA/install/stack_master/lib'
[20.144s] Level 1:colcon.colcon_core.environment:checking '/home/hanjh/F1_TENTH_UNITA/install/stack_master/bin'
[20.144s] Level 1:colcon.colcon_core.environment:checking '/home/hanjh/F1_TENTH_UNITA/install/stack_master/lib/pkgconfig/stack_master.pc'
[20.145s] Level 1:colcon.colcon_core.environment:checking '/home/hanjh/F1_TENTH_UNITA/install/stack_master/lib/python3.10/site-packages'
[20.146s] Level 1:colcon.colcon_core.shell:create_environment_hook('stack_master', 'pythonpath')
[20.147s] INFO:colcon.colcon_core.shell:Creating environment hook '/home/hanjh/F1_TENTH_UNITA/install/stack_master/share/stack_master/hook/pythonpath.ps1'
[20.149s] INFO:colcon.colcon_core.shell:Creating environment descriptor '/home/hanjh/F1_TENTH_UNITA/install/stack_master/share/stack_master/hook/pythonpath.dsv'
[20.150s] INFO:colcon.colcon_core.shell:Creating environment hook '/home/hanjh/F1_TENTH_UNITA/install/stack_master/share/stack_master/hook/pythonpath.sh'
[20.153s] Level 1:colcon.colcon_core.environment:checking '/home/hanjh/F1_TENTH_UNITA/install/stack_master/bin'
[20.153s] Level 1:colcon.colcon_core.environment:create_environment_scripts_only(stack_master)
[20.155s] INFO:colcon.colcon_core.shell:Creating package script '/home/hanjh/F1_TENTH_UNITA/install/stack_master/share/stack_master/package.ps1'
[20.157s] INFO:colcon.colcon_core.shell:Creating package descriptor '/home/hanjh/F1_TENTH_UNITA/install/stack_master/share/stack_master/package.dsv'
[20.159s] INFO:colcon.colcon_core.shell:Creating package script '/home/hanjh/F1_TENTH_UNITA/install/stack_master/share/stack_master/package.sh'
[20.160s] INFO:colcon.colcon_core.shell:Creating package script '/home/hanjh/F1_TENTH_UNITA/install/stack_master/share/stack_master/package.bash'
[20.162s] INFO:colcon.colcon_core.shell:Creating package script '/home/hanjh/F1_TENTH_UNITA/install/stack_master/share/stack_master/package.zsh'
[20.163s] Level 1:colcon.colcon_core.environment:create_file_with_runtime_dependencies(/home/hanjh/F1_TENTH_UNITA/install/stack_master/share/colcon-core/packages/stack_master)
[20.164s] Level 1:colcon.colcon_core.shell:create_environment_hook('key_teleop', 'pythonpath_develop')
[20.165s] INFO:colcon.colcon_core.shell:Creating environment hook '/home/hanjh/F1_TENTH_UNITA/build/key_teleop/share/key_teleop/hook/pythonpath_develop.ps1'
[20.169s] DEBUG:colcon.colcon_core.event_handler.log_command:Invoked command in '/home/hanjh/F1_TENTH_UNITA/build/key_teleop' returned '0': PYTHONPATH=/home/hanjh/F1_TENTH_UNITA/build/key_teleop/prefix_override:/usr/lib/python3/dist-packages/colcon_core/task/python/colcon_distutils_commands:/home/hanjh/F1_TENTH_UNITA/install/key_teleop/lib/python3.10/site-packages:${PYTHONPATH} /usr/bin/python3 -W ignore:setup.py install is deprecated -W ignore:easy_install command is deprecated setup.py develop --editable --build-directory /home/hanjh/F1_TENTH_UNITA/build/key_teleop/build --no-deps symlink_data
[20.170s] INFO:colcon.colcon_core.shell:Creating environment descriptor '/home/hanjh/F1_TENTH_UNITA/build/key_teleop/share/key_teleop/hook/pythonpath_develop.dsv'
[20.171s] INFO:colcon.colcon_core.shell:Creating environment hook '/home/hanjh/F1_TENTH_UNITA/build/key_teleop/share/key_teleop/hook/pythonpath_develop.sh'
[20.173s] Level 1:colcon.colcon_core.environment:checking '/home/hanjh/F1_TENTH_UNITA/install/key_teleop' for CMake module files
[20.175s] Level 1:colcon.colcon_core.environment:checking '/home/hanjh/F1_TENTH_UNITA/install/key_teleop' for CMake config files
[20.176s] Level 1:colcon.colcon_core.environment:checking '/home/hanjh/F1_TENTH_UNITA/install/key_teleop/lib'
[20.177s] Level 1:colcon.colcon_core.environment:checking '/home/hanjh/F1_TENTH_UNITA/install/key_teleop/bin'
[20.177s] Level 1:colcon.colcon_core.environment:checking '/home/hanjh/F1_TENTH_UNITA/install/key_teleop/lib/pkgconfig/key_teleop.pc'
[20.178s] Level 1:colcon.colcon_core.environment:checking '/home/hanjh/F1_TENTH_UNITA/install/key_teleop/lib/python3.10/site-packages'
[20.178s] Level 1:colcon.colcon_core.shell:create_environment_hook('key_teleop', 'pythonpath')
[20.179s] INFO:colcon.colcon_core.shell:Creating environment hook '/home/hanjh/F1_TENTH_UNITA/install/key_teleop/share/key_teleop/hook/pythonpath.ps1'
[20.181s] INFO:colcon.colcon_core.shell:Creating environment descriptor '/home/hanjh/F1_TENTH_UNITA/install/key_teleop/share/key_teleop/hook/pythonpath.dsv'
[20.182s] INFO:colcon.colcon_core.shell:Creating environment hook '/home/hanjh/F1_TENTH_UNITA/install/key_teleop/share/key_teleop/hook/pythonpath.sh'
[20.184s] Level 1:colcon.colcon_core.environment:checking '/home/hanjh/F1_TENTH_UNITA/install/key_teleop/bin'
[20.184s] Level 1:colcon.colcon_core.environment:create_environment_scripts_only(key_teleop)
[20.186s] INFO:colcon.colcon_core.shell:Creating package script '/home/hanjh/F1_TENTH_UNITA/install/key_teleop/share/key_teleop/package.ps1'
[20.188s] INFO:colcon.colcon_core.shell:Creating package descriptor '/home/hanjh/F1_TENTH_UNITA/install/key_teleop/share/key_teleop/package.dsv'
[20.189s] INFO:colcon.colcon_core.shell:Creating package script '/home/hanjh/F1_TENTH_UNITA/install/key_teleop/share/key_teleop/package.sh'
[20.191s] INFO:colcon.colcon_core.shell:Creating package script '/home/hanjh/F1_TENTH_UNITA/install/key_teleop/share/key_teleop/package.bash'
[20.192s] INFO:colcon.colcon_core.shell:Creating package script '/home/hanjh/F1_TENTH_UNITA/install/key_teleop/share/key_teleop/package.zsh'
[20.193s] Level 1:colcon.colcon_core.environment:create_file_with_runtime_dependencies(/home/hanjh/F1_TENTH_UNITA/install/key_teleop/share/colcon-core/packages/key_teleop)
[20.199s] DEBUG:colcon.colcon_core.event_handler.log_command:Invoked command in '/home/hanjh/F1_TENTH_UNITA/build/teleop_tools_msgs' returned '0': CMAKE_PREFIX_PATH=${CMAKE_PREFIX_PATH}:/home/hanjh/F1_TENTH_UNITA/install/f1tenth_stack:/home/hanjh/F1_TENTH_UNITA/install/joy_teleop:/home/hanjh/F1_TENTH_UNITA/install/steering_lookup:/home/hanjh/F1_TENTH_UNITA/install/state_machine:/home/hanjh/F1_TENTH_UNITA/install/slam_tuner:/home/hanjh/F1_TENTH_UNITA/install/state_estimation:/home/hanjh/F1_TENTH_UNITA/install/map_editor:/home/hanjh/F1_TENTH_UNITA/install/stack_master:/home/hanjh/F1_TENTH_UNITA/install/spline_planner:/home/hanjh/F1_TENTH_UNITA/install/sector_tuner:/home/hanjh/F1_TENTH_UNITA/install/perception:/home/hanjh/F1_TENTH_UNITA/install/opponent_publisher:/home/hanjh/F1_TENTH_UNITA/install/mouse_teleop:/home/hanjh/F1_TENTH_UNITA/install/lap_analyser:/home/hanjh/F1_TENTH_UNITA/install/key_teleop:/home/hanjh/F1_TENTH_UNITA/install/id_controller:/home/hanjh/F1_TENTH_UNITA/install/global_planner:/home/hanjh/F1_TENTH_UNITA/install/frenet_odom_republisher:/home/hanjh/F1_TENTH_UNITA/install/frenet_conversion:/home/hanjh/F1_TENTH_UNITA/install/f1tenth_gym_ros:/home/hanjh/F1_TENTH_UNITA/install/controller:/home/hanjh/ros2_ws/install/tutorial_topic:/home/hanjh/ros2_ws/install/tutorial_service:/home/hanjh/ros2_ws/install/tutorial_action:/home/hanjh/ros2_ws/install/node_exercise:/home/hanjh/ros2_ws/install/my_package:/home/hanjh/ros2_ws/install/moving_services:/home/hanjh/ros2_ws/install/logger_test:/home/hanjh/ros2_ws/install/elevator_vision:/home/hanjh/ros2_ws/install/ebimu_pkg:/home/hanjh/ros2_ws/install/debug_pkg:/home/hanjh/ros2_ws/install/custom_interface_example:/home/hanjh/ros2_ws/install/camera_perception_pkg:/opt/ros/humble /usr/bin/cmake --build /home/hanjh/F1_TENTH_UNITA/build/teleop_tools_msgs -- -j16 -l16
[20.228s] DEBUG:colcon.colcon_core.event_handler.log_command:Invoking command in '/home/hanjh/F1_TENTH_UNITA/build/teleop_tools_msgs': CMAKE_PREFIX_PATH=${CMAKE_PREFIX_PATH}:/home/hanjh/F1_TENTH_UNITA/install/f1tenth_stack:/home/hanjh/F1_TENTH_UNITA/install/joy_teleop:/home/hanjh/F1_TENTH_UNITA/install/steering_lookup:/home/hanjh/F1_TENTH_UNITA/install/state_machine:/home/hanjh/F1_TENTH_UNITA/install/slam_tuner:/home/hanjh/F1_TENTH_UNITA/install/state_estimation:/home/hanjh/F1_TENTH_UNITA/install/map_editor:/home/hanjh/F1_TENTH_UNITA/install/stack_master:/home/hanjh/F1_TENTH_UNITA/install/spline_planner:/home/hanjh/F1_TENTH_UNITA/install/sector_tuner:/home/hanjh/F1_TENTH_UNITA/install/perception:/home/hanjh/F1_TENTH_UNITA/install/opponent_publisher:/home/hanjh/F1_TENTH_UNITA/install/mouse_teleop:/home/hanjh/F1_TENTH_UNITA/install/lap_analyser:/home/hanjh/F1_TENTH_UNITA/install/key_teleop:/home/hanjh/F1_TENTH_UNITA/install/id_controller:/home/hanjh/F1_TENTH_UNITA/install/global_planner:/home/hanjh/F1_TENTH_UNITA/install/frenet_odom_republisher:/home/hanjh/F1_TENTH_UNITA/install/frenet_conversion:/home/hanjh/F1_TENTH_UNITA/install/f1tenth_gym_ros:/home/hanjh/F1_TENTH_UNITA/install/controller:/home/hanjh/ros2_ws/install/tutorial_topic:/home/hanjh/ros2_ws/install/tutorial_service:/home/hanjh/ros2_ws/install/tutorial_action:/home/hanjh/ros2_ws/install/node_exercise:/home/hanjh/ros2_ws/install/my_package:/home/hanjh/ros2_ws/install/moving_services:/home/hanjh/ros2_ws/install/logger_test:/home/hanjh/ros2_ws/install/elevator_vision:/home/hanjh/ros2_ws/install/ebimu_pkg:/home/hanjh/ros2_ws/install/debug_pkg:/home/hanjh/ros2_ws/install/custom_interface_example:/home/hanjh/ros2_ws/install/camera_perception_pkg:/opt/ros/humble /usr/bin/cmake --install /home/hanjh/F1_TENTH_UNITA/build/teleop_tools_msgs
[20.239s] DEBUG:colcon.colcon_core.event_handler.log_command:Invoking command in '/home/hanjh/F1_TENTH_UNITA/build/perception': PYTHONPATH=/home/hanjh/F1_TENTH_UNITA/build/perception/prefix_override:/usr/lib/python3/dist-packages/colcon_core/task/python/colcon_distutils_commands:/home/hanjh/F1_TENTH_UNITA/install/perception/lib/python3.10/site-packages:${PYTHONPATH} /usr/bin/python3 -W ignore:setup.py install is deprecated -W ignore:easy_install command is deprecated setup.py develop --editable --build-directory /home/hanjh/F1_TENTH_UNITA/build/perception/build --no-deps symlink_data
[21.841s] INFO:colcon.colcon_core.task.python.build:Building Python package in '/home/hanjh/F1_TENTH_UNITA/src/race_stack/planner/local_planners/spline_planner'
[21.842s] INFO:colcon.colcon_core.shell:Skip shell extension 'powershell' for command environment: Not usable outside of PowerShell
[21.842s] DEBUG:colcon.colcon_core.shell:Skip shell extension 'dsv' for command environment
[21.873s] DEBUG:colcon.colcon_core.event_handler.log_command:Invoking command in '/home/hanjh/F1_TENTH_UNITA/build/state_machine': PYTHONPATH=/home/hanjh/F1_TENTH_UNITA/build/state_machine/prefix_override:/usr/lib/python3/dist-packages/colcon_core/task/python/colcon_distutils_commands:/home/hanjh/F1_TENTH_UNITA/install/state_machine/lib/python3.10/site-packages:${PYTHONPATH} /usr/bin/python3 -W ignore:setup.py install is deprecated -W ignore:easy_install command is deprecated setup.py develop --editable --build-directory /home/hanjh/F1_TENTH_UNITA/build/state_machine/build --no-deps symlink_data
[21.879s] DEBUG:colcon.colcon_core.event_handler.log_command:Invoking command in '/home/hanjh/F1_TENTH_UNITA/build/sector_tuner': PYTHONPATH=/home/hanjh/F1_TENTH_UNITA/build/sector_tuner/prefix_override:/usr/lib/python3/dist-packages/colcon_core/task/python/colcon_distutils_commands:/home/hanjh/F1_TENTH_UNITA/install/sector_tuner/lib/python3.10/site-packages:${PYTHONPATH} /usr/bin/python3 -W ignore:setup.py install is deprecated -W ignore:easy_install command is deprecated setup.py develop --editable --build-directory /home/hanjh/F1_TENTH_UNITA/build/sector_tuner/build --no-deps symlink_data
[21.883s] DEBUG:colcon.colcon_core.event_handler.log_command:Invoked command in '/home/hanjh/F1_TENTH_UNITA/build/vesc_msgs' returned '0': CMAKE_PREFIX_PATH=${CMAKE_PREFIX_PATH}:/home/hanjh/F1_TENTH_UNITA/install/f1tenth_stack:/home/hanjh/F1_TENTH_UNITA/install/joy_teleop:/home/hanjh/F1_TENTH_UNITA/install/steering_lookup:/home/hanjh/F1_TENTH_UNITA/install/state_machine:/home/hanjh/F1_TENTH_UNITA/install/slam_tuner:/home/hanjh/F1_TENTH_UNITA/install/state_estimation:/home/hanjh/F1_TENTH_UNITA/install/map_editor:/home/hanjh/F1_TENTH_UNITA/install/stack_master:/home/hanjh/F1_TENTH_UNITA/install/spline_planner:/home/hanjh/F1_TENTH_UNITA/install/sector_tuner:/home/hanjh/F1_TENTH_UNITA/install/perception:/home/hanjh/F1_TENTH_UNITA/install/opponent_publisher:/home/hanjh/F1_TENTH_UNITA/install/mouse_teleop:/home/hanjh/F1_TENTH_UNITA/install/lap_analyser:/home/hanjh/F1_TENTH_UNITA/install/key_teleop:/home/hanjh/F1_TENTH_UNITA/install/id_controller:/home/hanjh/F1_TENTH_UNITA/install/global_planner:/home/hanjh/F1_TENTH_UNITA/install/frenet_odom_republisher:/home/hanjh/F1_TENTH_UNITA/install/frenet_conversion:/home/hanjh/F1_TENTH_UNITA/install/f1tenth_gym_ros:/home/hanjh/F1_TENTH_UNITA/install/controller:/home/hanjh/ros2_ws/install/tutorial_topic:/home/hanjh/ros2_ws/install/tutorial_service:/home/hanjh/ros2_ws/install/tutorial_action:/home/hanjh/ros2_ws/install/node_exercise:/home/hanjh/ros2_ws/install/my_package:/home/hanjh/ros2_ws/install/moving_services:/home/hanjh/ros2_ws/install/logger_test:/home/hanjh/ros2_ws/install/elevator_vision:/home/hanjh/ros2_ws/install/ebimu_pkg:/home/hanjh/ros2_ws/install/debug_pkg:/home/hanjh/ros2_ws/install/custom_interface_example:/home/hanjh/ros2_ws/install/camera_perception_pkg:/opt/ros/humble /usr/bin/cmake --build /home/hanjh/F1_TENTH_UNITA/build/vesc_msgs -- -j16 -l16
[21.885s] DEBUG:colcon.colcon_core.event_handler.log_command:Invoking command in '/home/hanjh/F1_TENTH_UNITA/build/vesc_msgs': CMAKE_PREFIX_PATH=${CMAKE_PREFIX_PATH}:/home/hanjh/F1_TENTH_UNITA/install/f1tenth_stack:/home/hanjh/F1_TENTH_UNITA/install/joy_teleop:/home/hanjh/F1_TENTH_UNITA/install/steering_lookup:/home/hanjh/F1_TENTH_UNITA/install/state_machine:/home/hanjh/F1_TENTH_UNITA/install/slam_tuner:/home/hanjh/F1_TENTH_UNITA/install/state_estimation:/home/hanjh/F1_TENTH_UNITA/install/map_editor:/home/hanjh/F1_TENTH_UNITA/install/stack_master:/home/hanjh/F1_TENTH_UNITA/install/spline_planner:/home/hanjh/F1_TENTH_UNITA/install/sector_tuner:/home/hanjh/F1_TENTH_UNITA/install/perception:/home/hanjh/F1_TENTH_UNITA/install/opponent_publisher:/home/hanjh/F1_TENTH_UNITA/install/mouse_teleop:/home/hanjh/F1_TENTH_UNITA/install/lap_analyser:/home/hanjh/F1_TENTH_UNITA/install/key_teleop:/home/hanjh/F1_TENTH_UNITA/install/id_controller:/home/hanjh/F1_TENTH_UNITA/install/global_planner:/home/hanjh/F1_TENTH_UNITA/install/frenet_odom_republisher:/home/hanjh/F1_TENTH_UNITA/install/frenet_conversion:/home/hanjh/F1_TENTH_UNITA/install/f1tenth_gym_ros:/home/hanjh/F1_TENTH_UNITA/install/controller:/home/hanjh/ros2_ws/install/tutorial_topic:/home/hanjh/ros2_ws/install/tutorial_service:/home/hanjh/ros2_ws/install/tutorial_action:/home/hanjh/ros2_ws/install/node_exercise:/home/hanjh/ros2_ws/install/my_package:/home/hanjh/ros2_ws/install/moving_services:/home/hanjh/ros2_ws/install/logger_test:/home/hanjh/ros2_ws/install/elevator_vision:/home/hanjh/ros2_ws/install/ebimu_pkg:/home/hanjh/ros2_ws/install/debug_pkg:/home/hanjh/ros2_ws/install/custom_interface_example:/home/hanjh/ros2_ws/install/camera_perception_pkg:/opt/ros/humble /usr/bin/cmake --install /home/hanjh/F1_TENTH_UNITA/build/vesc_msgs
[22.135s] DEBUG:colcon.colcon_core.event_handler.log_command:Invoking command in '/home/hanjh/F1_TENTH_UNITA/build/steering_lookup': PYTHONPATH=/home/hanjh/F1_TENTH_UNITA/build/steering_lookup/prefix_override:/usr/lib/python3/dist-packages/colcon_core/task/python/colcon_distutils_commands:/home/hanjh/F1_TENTH_UNITA/install/steering_lookup/lib/python3.10/site-packages:${PYTHONPATH} /usr/bin/python3 -W ignore:setup.py install is deprecated -W ignore:easy_install command is deprecated setup.py develop --editable --build-directory /home/hanjh/F1_TENTH_UNITA/build/steering_lookup/build --no-deps symlink_data
[22.142s] Level 1:colcon.colcon_core.environment:create_environment_scripts_only(teleop_tools_msgs)
[22.144s] Level 1:colcon.colcon_core.environment:checking '/home/hanjh/F1_TENTH_UNITA/install/teleop_tools_msgs' for CMake module files
[22.145s] DEBUG:colcon.colcon_core.event_handler.log_command:Invoked command in '/home/hanjh/F1_TENTH_UNITA/build/teleop_tools_msgs' returned '0': CMAKE_PREFIX_PATH=${CMAKE_PREFIX_PATH}:/home/hanjh/F1_TENTH_UNITA/install/f1tenth_stack:/home/hanjh/F1_TENTH_UNITA/install/joy_teleop:/home/hanjh/F1_TENTH_UNITA/install/steering_lookup:/home/hanjh/F1_TENTH_UNITA/install/state_machine:/home/hanjh/F1_TENTH_UNITA/install/slam_tuner:/home/hanjh/F1_TENTH_UNITA/install/state_estimation:/home/hanjh/F1_TENTH_UNITA/install/map_editor:/home/hanjh/F1_TENTH_UNITA/install/stack_master:/home/hanjh/F1_TENTH_UNITA/install/spline_planner:/home/hanjh/F1_TENTH_UNITA/install/sector_tuner:/home/hanjh/F1_TENTH_UNITA/install/perception:/home/hanjh/F1_TENTH_UNITA/install/opponent_publisher:/home/hanjh/F1_TENTH_UNITA/install/mouse_teleop:/home/hanjh/F1_TENTH_UNITA/install/lap_analyser:/home/hanjh/F1_TENTH_UNITA/install/key_teleop:/home/hanjh/F1_TENTH_UNITA/install/id_controller:/home/hanjh/F1_TENTH_UNITA/install/global_planner:/home/hanjh/F1_TENTH_UNITA/install/frenet_odom_republisher:/home/hanjh/F1_TENTH_UNITA/install/frenet_conversion:/home/hanjh/F1_TENTH_UNITA/install/f1tenth_gym_ros:/home/hanjh/F1_TENTH_UNITA/install/controller:/home/hanjh/ros2_ws/install/tutorial_topic:/home/hanjh/ros2_ws/install/tutorial_service:/home/hanjh/ros2_ws/install/tutorial_action:/home/hanjh/ros2_ws/install/node_exercise:/home/hanjh/ros2_ws/install/my_package:/home/hanjh/ros2_ws/install/moving_services:/home/hanjh/ros2_ws/install/logger_test:/home/hanjh/ros2_ws/install/elevator_vision:/home/hanjh/ros2_ws/install/ebimu_pkg:/home/hanjh/ros2_ws/install/debug_pkg:/home/hanjh/ros2_ws/install/custom_interface_example:/home/hanjh/ros2_ws/install/camera_perception_pkg:/opt/ros/humble /usr/bin/cmake --install /home/hanjh/F1_TENTH_UNITA/build/teleop_tools_msgs
[22.147s] Level 1:colcon.colcon_core.environment:checking '/home/hanjh/F1_TENTH_UNITA/install/teleop_tools_msgs' for CMake config files
[22.148s] Level 1:colcon.colcon_core.shell:create_environment_hook('teleop_tools_msgs', 'cmake_prefix_path')
[22.149s] INFO:colcon.colcon_core.shell:Creating environment hook '/home/hanjh/F1_TENTH_UNITA/install/teleop_tools_msgs/share/teleop_tools_msgs/hook/cmake_prefix_path.ps1'
[22.151s] INFO:colcon.colcon_core.shell:Creating environment descriptor '/home/hanjh/F1_TENTH_UNITA/install/teleop_tools_msgs/share/teleop_tools_msgs/hook/cmake_prefix_path.dsv'
[22.152s] INFO:colcon.colcon_core.shell:Creating environment hook '/home/hanjh/F1_TENTH_UNITA/install/teleop_tools_msgs/share/teleop_tools_msgs/hook/cmake_prefix_path.sh'
[22.154s] Level 1:colcon.colcon_core.environment:checking '/home/hanjh/F1_TENTH_UNITA/install/teleop_tools_msgs/lib'
[22.155s] Level 1:colcon.colcon_core.shell:create_environment_hook('teleop_tools_msgs', 'ld_library_path_lib')
[22.157s] INFO:colcon.colcon_core.shell:Creating environment hook '/home/hanjh/F1_TENTH_UNITA/install/teleop_tools_msgs/share/teleop_tools_msgs/hook/ld_library_path_lib.ps1'
[22.158s] INFO:colcon.colcon_core.shell:Creating environment descriptor '/home/hanjh/F1_TENTH_UNITA/install/teleop_tools_msgs/share/teleop_tools_msgs/hook/ld_library_path_lib.dsv'
[22.160s] INFO:colcon.colcon_core.shell:Creating environment hook '/home/hanjh/F1_TENTH_UNITA/install/teleop_tools_msgs/share/teleop_tools_msgs/hook/ld_library_path_lib.sh'
[22.161s] Level 1:colcon.colcon_core.environment:checking '/home/hanjh/F1_TENTH_UNITA/install/teleop_tools_msgs/bin'
[22.161s] Level 1:colcon.colcon_core.environment:checking '/home/hanjh/F1_TENTH_UNITA/install/teleop_tools_msgs/lib/pkgconfig/teleop_tools_msgs.pc'
[22.162s] Level 1:colcon.colcon_core.environment:checking '/home/hanjh/F1_TENTH_UNITA/install/teleop_tools_msgs/lib/python3.10/site-packages'
[22.163s] Level 1:colcon.colcon_core.environment:checking '/home/hanjh/F1_TENTH_UNITA/install/teleop_tools_msgs/bin'
[22.165s] INFO:colcon.colcon_core.shell:Creating package script '/home/hanjh/F1_TENTH_UNITA/install/teleop_tools_msgs/share/teleop_tools_msgs/package.ps1'
[22.166s] INFO:colcon.colcon_core.shell:Creating package descriptor '/home/hanjh/F1_TENTH_UNITA/install/teleop_tools_msgs/share/teleop_tools_msgs/package.dsv'
[22.168s] INFO:colcon.colcon_core.shell:Creating package script '/home/hanjh/F1_TENTH_UNITA/install/teleop_tools_msgs/share/teleop_tools_msgs/package.sh'
[22.170s] INFO:colcon.colcon_core.shell:Creating package script '/home/hanjh/F1_TENTH_UNITA/install/teleop_tools_msgs/share/teleop_tools_msgs/package.bash'
[22.171s] INFO:colcon.colcon_core.shell:Creating package script '/home/hanjh/F1_TENTH_UNITA/install/teleop_tools_msgs/share/teleop_tools_msgs/package.zsh'
[22.172s] Level 1:colcon.colcon_core.environment:create_file_with_runtime_dependencies(/home/hanjh/F1_TENTH_UNITA/install/teleop_tools_msgs/share/colcon-core/packages/teleop_tools_msgs)
[22.175s] Level 1:colcon.colcon_core.environment:create_environment_scripts_only(teleop_tools_msgs)
[22.176s] Level 1:colcon.colcon_core.environment:checking '/home/hanjh/F1_TENTH_UNITA/install/teleop_tools_msgs' for CMake module files
[22.178s] Level 1:colcon.colcon_core.environment:checking '/home/hanjh/F1_TENTH_UNITA/install/teleop_tools_msgs' for CMake config files
[22.179s] Level 1:colcon.colcon_core.shell:create_environment_hook('teleop_tools_msgs', 'cmake_prefix_path')
[22.180s] INFO:colcon.colcon_core.shell:Creating environment hook '/home/hanjh/F1_TENTH_UNITA/install/teleop_tools_msgs/share/teleop_tools_msgs/hook/cmake_prefix_path.ps1'
[22.182s] INFO:colcon.colcon_core.shell:Creating environment descriptor '/home/hanjh/F1_TENTH_UNITA/install/teleop_tools_msgs/share/teleop_tools_msgs/hook/cmake_prefix_path.dsv'
[22.183s] INFO:colcon.colcon_core.shell:Creating environment hook '/home/hanjh/F1_TENTH_UNITA/install/teleop_tools_msgs/share/teleop_tools_msgs/hook/cmake_prefix_path.sh'
[22.185s] Level 1:colcon.colcon_core.environment:checking '/home/hanjh/F1_TENTH_UNITA/install/teleop_tools_msgs/lib'
[22.186s] Level 1:colcon.colcon_core.shell:create_environment_hook('teleop_tools_msgs', 'ld_library_path_lib')
[22.187s] INFO:colcon.colcon_core.shell:Creating environment hook '/home/hanjh/F1_TENTH_UNITA/install/teleop_tools_msgs/share/teleop_tools_msgs/hook/ld_library_path_lib.ps1'
[22.188s] INFO:colcon.colcon_core.shell:Creating environment descriptor '/home/hanjh/F1_TENTH_UNITA/install/teleop_tools_msgs/share/teleop_tools_msgs/hook/ld_library_path_lib.dsv'
[22.189s] INFO:colcon.colcon_core.shell:Creating environment hook '/home/hanjh/F1_TENTH_UNITA/install/teleop_tools_msgs/share/teleop_tools_msgs/hook/ld_library_path_lib.sh'
[22.192s] Level 1:colcon.colcon_core.environment:checking '/home/hanjh/F1_TENTH_UNITA/install/teleop_tools_msgs/bin'
[22.192s] Level 1:colcon.colcon_core.environment:checking '/home/hanjh/F1_TENTH_UNITA/install/teleop_tools_msgs/lib/pkgconfig/teleop_tools_msgs.pc'
[22.192s] Level 1:colcon.colcon_core.environment:checking '/home/hanjh/F1_TENTH_UNITA/install/teleop_tools_msgs/lib/python3.10/site-packages'
[22.193s] Level 1:colcon.colcon_core.environment:checking '/home/hanjh/F1_TENTH_UNITA/install/teleop_tools_msgs/bin'
[22.194s] INFO:colcon.colcon_core.shell:Creating package script '/home/hanjh/F1_TENTH_UNITA/install/teleop_tools_msgs/share/teleop_tools_msgs/package.ps1'
[22.195s] INFO:colcon.colcon_core.shell:Creating package descriptor '/home/hanjh/F1_TENTH_UNITA/install/teleop_tools_msgs/share/teleop_tools_msgs/package.dsv'
[22.197s] INFO:colcon.colcon_core.shell:Creating package script '/home/hanjh/F1_TENTH_UNITA/install/teleop_tools_msgs/share/teleop_tools_msgs/package.sh'
[22.197s] INFO:colcon.colcon_core.shell:Creating package script '/home/hanjh/F1_TENTH_UNITA/install/teleop_tools_msgs/share/teleop_tools_msgs/package.bash'
[22.198s] INFO:colcon.colcon_core.shell:Creating package script '/home/hanjh/F1_TENTH_UNITA/install/teleop_tools_msgs/share/teleop_tools_msgs/package.zsh'
[22.199s] Level 1:colcon.colcon_core.environment:create_file_with_runtime_dependencies(/home/hanjh/F1_TENTH_UNITA/install/teleop_tools_msgs/share/colcon-core/packages/teleop_tools_msgs)
[22.200s] INFO:colcon.colcon_ros.task.ament_python.build:Building ROS package in '/home/hanjh/F1_TENTH_UNITA/src/race_stack/base_system/f1tenth_system/teleop_tools/joy_teleop' with build type 'ament_python'
[22.200s] Level 1:colcon.colcon_core.shell:create_environment_hook('joy_teleop', 'ament_prefix_path')
[22.201s] INFO:colcon.colcon_core.shell:Creating environment hook '/home/hanjh/F1_TENTH_UNITA/install/joy_teleop/share/joy_teleop/hook/ament_prefix_path.ps1'
[22.203s] INFO:colcon.colcon_core.shell:Creating environment descriptor '/home/hanjh/F1_TENTH_UNITA/install/joy_teleop/share/joy_teleop/hook/ament_prefix_path.dsv'
[22.204s] INFO:colcon.colcon_core.shell:Creating environment hook '/home/hanjh/F1_TENTH_UNITA/install/joy_teleop/share/joy_teleop/hook/ament_prefix_path.sh'
[22.206s] INFO:colcon.colcon_core.shell:Skip shell extension 'powershell' for command environment: Not usable outside of PowerShell
[22.206s] DEBUG:colcon.colcon_core.shell:Skip shell extension 'dsv' for command environment
[23.211s] INFO:colcon.colcon_core.task.python.build:Building Python package in '/home/hanjh/F1_TENTH_UNITA/src/race_stack/base_system/f1tenth_system/teleop_tools/joy_teleop'
[23.212s] INFO:colcon.colcon_core.shell:Skip shell extension 'powershell' for command environment: Not usable outside of PowerShell
[23.212s] DEBUG:colcon.colcon_core.shell:Skip shell extension 'dsv' for command environment
[23.244s] Level 1:colcon.colcon_core.shell:create_environment_hook('perception', 'pythonpath_develop')
[23.245s] INFO:colcon.colcon_core.shell:Creating environment hook '/home/hanjh/F1_TENTH_UNITA/build/perception/share/perception/hook/pythonpath_develop.ps1'
[23.250s] INFO:colcon.colcon_core.shell:Creating environment descriptor '/home/hanjh/F1_TENTH_UNITA/build/perception/share/perception/hook/pythonpath_develop.dsv'
[23.251s] DEBUG:colcon.colcon_core.event_handler.log_command:Invoking command in '/home/hanjh/F1_TENTH_UNITA/build/slam_tuner': AMENT_PREFIX_PATH=/home/hanjh/F1_TENTH_UNITA/install/state_estimation:/home/hanjh/F1_TENTH_UNITA/install/f1tenth_stack:/home/hanjh/F1_TENTH_UNITA/install/vesc:/home/hanjh/F1_TENTH_UNITA/install/vesc_driver:/home/hanjh/F1_TENTH_UNITA/install/vesc_ackermann:/home/hanjh/F1_TENTH_UNITA/install/vesc_msgs:/home/hanjh/F1_TENTH_UNITA/install/teleop_tools:/home/hanjh/F1_TENTH_UNITA/install/joy_teleop:/home/hanjh/F1_TENTH_UNITA/install/teleop_tools_msgs:/home/hanjh/F1_TENTH_UNITA/install/steering_lookup:/home/hanjh/F1_TENTH_UNITA/install/state_machine:/home/hanjh/F1_TENTH_UNITA/install/slam_tuner:/home/hanjh/F1_TENTH_UNITA/install/map_editor:/home/hanjh/F1_TENTH_UNITA/install/stack_master:/home/hanjh/F1_TENTH_UNITA/install/spline_planner:/home/hanjh/F1_TENTH_UNITA/install/sector_tuner:/home/hanjh/F1_TENTH_UNITA/install/perception:/home/hanjh/F1_TENTH_UNITA/install/opponent_publisher:/home/hanjh/F1_TENTH_UNITA/install/mouse_teleop:/home/hanjh/F1_TENTH_UNITA/install/lap_analyser:/home/hanjh/F1_TENTH_UNITA/install/key_teleop:/home/hanjh/F1_TENTH_UNITA/install/id_controller:/home/hanjh/F1_TENTH_UNITA/install/global_planner:/home/hanjh/F1_TENTH_UNITA/install/frenet_odom_republisher:/home/hanjh/F1_TENTH_UNITA/install/frenet_conversion:/home/hanjh/F1_TENTH_UNITA/install/f1tenth_gym_ros:/home/hanjh/F1_TENTH_UNITA/install/f110_msgs:/home/hanjh/F1_TENTH_UNITA/install/controller:/home/hanjh/F1_TENTH_UNITA/install/ackermann_mux:/home/hanjh/ros2_ws/install/tutorial_topic:/home/hanjh/ros2_ws/install/tutorial_service:/home/hanjh/ros2_ws/install/tutorial_action:/home/hanjh/ros2_ws/install/node_exercise:/home/hanjh/ros2_ws/install/my_package:/home/hanjh/ros2_ws/install/moving_services:/home/hanjh/ros2_ws/install/logger_test:/home/hanjh/ros2_ws/install/elevator_vision:/home/hanjh/ros2_ws/install/ebimu_pkg:/home/hanjh/ros2_ws/install/debug_pkg:/home/hanjh/ros2_ws/install/custom_interface_example:/home/hanjh/ros2_ws/install/custom_interfaces:/home/hanjh/ros2_ws/install/camera_perception_pkg:/opt/ros/humble PYTHONPATH=/home/hanjh/F1_TENTH_UNITA/build/slam_tuner/prefix_override:/usr/lib/python3/dist-packages/colcon_core/task/python/colcon_distutils_commands:/home/hanjh/F1_TENTH_UNITA/install/slam_tuner/lib/python3.10/site-packages:/home/hanjh/F1_TENTH_UNITA/build/state_estimation:/home/hanjh/F1_TENTH_UNITA/install/state_estimation/lib/python3.10/site-packages:/home/hanjh/F1_TENTH_UNITA/build/f1tenth_stack:/home/hanjh/F1_TENTH_UNITA/install/f1tenth_stack/lib/python3.10/site-packages:/home/hanjh/F1_TENTH_UNITA/install/vesc_msgs/local/lib/python3.10/dist-packages:/home/hanjh/F1_TENTH_UNITA/build/joy_teleop:/home/hanjh/F1_TENTH_UNITA/install/joy_teleop/lib/python3.10/site-packages:/home/hanjh/F1_TENTH_UNITA/install/teleop_tools_msgs/local/lib/python3.10/dist-packages:/home/hanjh/F1_TENTH_UNITA/build/steering_lookup:/home/hanjh/F1_TENTH_UNITA/install/steering_lookup/lib/python3.10/site-packages:/home/hanjh/F1_TENTH_UNITA/build/state_machine:/home/hanjh/F1_TENTH_UNITA/install/state_machine/lib/python3.10/site-packages:/home/hanjh/F1_TENTH_UNITA/build/slam_tuner:/home/hanjh/F1_TENTH_UNITA/install/slam_tuner/lib/python3.10/site-packages:/home/hanjh/F1_TENTH_UNITA/build/map_editor:/home/hanjh/F1_TENTH_UNITA/install/map_editor/lib/python3.10/site-packages:/home/hanjh/F1_TENTH_UNITA/build/stack_master:/home/hanjh/F1_TENTH_UNITA/install/stack_master/lib/python3.10/site-packages:/home/hanjh/F1_TENTH_UNITA/build/spline_planner:/home/hanjh/F1_TENTH_UNITA/install/spline_planner/lib/python3.10/site-packages:/home/hanjh/F1_TENTH_UNITA/build/sector_tuner:/home/hanjh/F1_TENTH_UNITA/install/sector_tuner/lib/python3.10/site-packages:/home/hanjh/F1_TENTH_UNITA/build/perception:/home/hanjh/F1_TENTH_UNITA/install/perception/lib/python3.10/site-packages:/home/hanjh/F1_TENTH_UNITA/build/opponent_publisher:/home/hanjh/F1_TENTH_UNITA/install/opponent_publisher/lib/python3.10/site-packages:/home/hanjh/F1_TENTH_UNITA/build/mouse_teleop:/home/hanjh/F1_TENTH_UNITA/install/mouse_teleop/lib/python3.10/site-packages:/home/hanjh/F1_TENTH_UNITA/build/lap_analyser:/home/hanjh/F1_TENTH_UNITA/install/lap_analyser/lib/python3.10/site-packages:/home/hanjh/F1_TENTH_UNITA/build/key_teleop:/home/hanjh/F1_TENTH_UNITA/install/key_teleop/lib/python3.10/site-packages:/home/hanjh/F1_TENTH_UNITA/build/id_controller:/home/hanjh/F1_TENTH_UNITA/install/id_controller/lib/python3.10/site-packages:/home/hanjh/F1_TENTH_UNITA/build/global_planner:/home/hanjh/F1_TENTH_UNITA/install/global_planner/lib/python3.10/site-packages:/home/hanjh/F1_TENTH_UNITA/build/frenet_odom_republisher:/home/hanjh/F1_TENTH_UNITA/install/frenet_odom_republisher/lib/python3.10/site-packages:/home/hanjh/F1_TENTH_UNITA/build/frenet_conversion:/home/hanjh/F1_TENTH_UNITA/install/frenet_conversion/lib/python3.10/site-packages:/home/hanjh/F1_TENTH_UNITA/build/f1tenth_gym_ros:/home/hanjh/F1_TENTH_UNITA/install/f1tenth_gym_ros/lib/python3.10/site-packages:/home/hanjh/F1_TENTH_UNITA/install/f110_msgs/local/lib/python3.10/dist-packages:/home/hanjh/F1_TENTH_UNITA/build/controller:/home/hanjh/F1_TENTH_UNITA/install/controller/lib/python3.10/site-packages:/home/hanjh/ros2_ws/build/tutorial_topic:/home/hanjh/ros2_ws/install/tutorial_topic/lib/python3.10/site-packages:/home/hanjh/ros2_ws/build/tutorial_service:/home/hanjh/ros2_ws/install/tutorial_service/lib/python3.10/site-packages:/home/hanjh/ros2_ws/build/tutorial_action:/home/hanjh/ros2_ws/install/tutorial_action/lib/python3.10/site-packages:/home/hanjh/ros2_ws/build/node_exercise:/home/hanjh/ros2_ws/install/node_exercise/lib/python3.10/site-packages:/home/hanjh/ros2_ws/build/my_package:/home/hanjh/ros2_ws/install/my_package/lib/python3.10/site-packages:/home/hanjh/ros2_ws/build/moving_services:/home/hanjh/ros2_ws/install/moving_services/lib/python3.10/site-packages:/home/hanjh/ros2_ws/build/logger_test:/home/hanjh/ros2_ws/install/logger_test/lib/python3.10/site-packages:/home/hanjh/ros2_ws/build/elevator_vision:/home/hanjh/ros2_ws/install/elevator_vision/lib/python3.10/site-packages:/home/hanjh/ros2_ws/build/ebimu_pkg:/home/hanjh/ros2_ws/install/ebimu_pkg/lib/python3.10/site-packages:/home/hanjh/ros2_ws/build/debug_pkg:/home/hanjh/ros2_ws/install/debug_pkg/lib/python3.10/site-packages:/home/hanjh/ros2_ws/build/custom_interface_example:/home/hanjh/ros2_ws/install/custom_interface_example/lib/python3.10/site-packages:/home/hanjh/ros2_ws/install/custom_interfaces/local/lib/python3.10/dist-packages:/home/hanjh/ros2_ws/build/camera_perception_pkg:/home/hanjh/ros2_ws/install/camera_perception_pkg/lib/python3.10/site-packages:/opt/ros/humble/lib/python3.10/site-packages:/opt/ros/humble/local/lib/python3.10/dist-packages /usr/bin/python3 -W ignore:setup.py install is deprecated -W ignore:easy_install command is deprecated setup.py develop --editable --build-directory /home/hanjh/F1_TENTH_UNITA/build/slam_tuner/build --no-deps symlink_data
[23.253s] DEBUG:colcon.colcon_core.event_handler.log_command:Invoked command in '/home/hanjh/F1_TENTH_UNITA/build/perception' returned '0': PYTHONPATH=/home/hanjh/F1_TENTH_UNITA/build/perception/prefix_override:/usr/lib/python3/dist-packages/colcon_core/task/python/colcon_distutils_commands:/home/hanjh/F1_TENTH_UNITA/install/perception/lib/python3.10/site-packages:${PYTHONPATH} /usr/bin/python3 -W ignore:setup.py install is deprecated -W ignore:easy_install command is deprecated setup.py develop --editable --build-directory /home/hanjh/F1_TENTH_UNITA/build/perception/build --no-deps symlink_data
[23.253s] INFO:colcon.colcon_core.shell:Creating environment hook '/home/hanjh/F1_TENTH_UNITA/build/perception/share/perception/hook/pythonpath_develop.sh'
[23.256s] Level 1:colcon.colcon_core.environment:checking '/home/hanjh/F1_TENTH_UNITA/install/perception' for CMake module files
[23.258s] Level 1:colcon.colcon_core.environment:checking '/home/hanjh/F1_TENTH_UNITA/install/perception' for CMake config files
[23.260s] Level 1:colcon.colcon_core.environment:checking '/home/hanjh/F1_TENTH_UNITA/install/perception/lib'
[23.260s] Level 1:colcon.colcon_core.environment:checking '/home/hanjh/F1_TENTH_UNITA/install/perception/bin'
[23.260s] Level 1:colcon.colcon_core.environment:checking '/home/hanjh/F1_TENTH_UNITA/install/perception/lib/pkgconfig/perception.pc'
[23.261s] Level 1:colcon.colcon_core.environment:checking '/home/hanjh/F1_TENTH_UNITA/install/perception/lib/python3.10/site-packages'
[23.261s] Level 1:colcon.colcon_core.shell:create_environment_hook('perception', 'pythonpath')
[23.262s] INFO:colcon.colcon_core.shell:Creating environment hook '/home/hanjh/F1_TENTH_UNITA/install/perception/share/perception/hook/pythonpath.ps1'
[23.264s] INFO:colcon.colcon_core.shell:Creating environment descriptor '/home/hanjh/F1_TENTH_UNITA/install/perception/share/perception/hook/pythonpath.dsv'
[23.265s] INFO:colcon.colcon_core.shell:Creating environment hook '/home/hanjh/F1_TENTH_UNITA/install/perception/share/perception/hook/pythonpath.sh'
[23.267s] Level 1:colcon.colcon_core.environment:checking '/home/hanjh/F1_TENTH_UNITA/install/perception/bin'
[23.268s] Level 1:colcon.colcon_core.environment:create_environment_scripts_only(perception)
[23.269s] INFO:colcon.colcon_core.shell:Creating package script '/home/hanjh/F1_TENTH_UNITA/install/perception/share/perception/package.ps1'
[23.272s] INFO:colcon.colcon_core.shell:Creating package descriptor '/home/hanjh/F1_TENTH_UNITA/install/perception/share/perception/package.dsv'
[23.273s] INFO:colcon.colcon_core.shell:Creating package script '/home/hanjh/F1_TENTH_UNITA/install/perception/share/perception/package.sh'
[23.275s] INFO:colcon.colcon_core.shell:Creating package script '/home/hanjh/F1_TENTH_UNITA/install/perception/share/perception/package.bash'
[23.276s] INFO:colcon.colcon_core.shell:Creating package script '/home/hanjh/F1_TENTH_UNITA/install/perception/share/perception/package.zsh'
[23.277s] Level 1:colcon.colcon_core.environment:create_file_with_runtime_dependencies(/home/hanjh/F1_TENTH_UNITA/install/perception/share/colcon-core/packages/perception)
[23.526s] Level 1:colcon.colcon_core.shell:create_environment_hook('state_machine', 'pythonpath_develop')
[23.527s] INFO:colcon.colcon_core.shell:Creating environment hook '/home/hanjh/F1_TENTH_UNITA/build/state_machine/share/state_machine/hook/pythonpath_develop.ps1'
[23.528s] DEBUG:colcon.colcon_core.event_handler.log_command:Invoked command in '/home/hanjh/F1_TENTH_UNITA/build/state_machine' returned '0': PYTHONPATH=/home/hanjh/F1_TENTH_UNITA/build/state_machine/prefix_override:/usr/lib/python3/dist-packages/colcon_core/task/python/colcon_distutils_commands:/home/hanjh/F1_TENTH_UNITA/install/state_machine/lib/python3.10/site-packages:${PYTHONPATH} /usr/bin/python3 -W ignore:setup.py install is deprecated -W ignore:easy_install command is deprecated setup.py develop --editable --build-directory /home/hanjh/F1_TENTH_UNITA/build/state_machine/build --no-deps symlink_data
[23.530s] INFO:colcon.colcon_core.shell:Creating environment descriptor '/home/hanjh/F1_TENTH_UNITA/build/state_machine/share/state_machine/hook/pythonpath_develop.dsv'
[23.532s] INFO:colcon.colcon_core.shell:Creating environment hook '/home/hanjh/F1_TENTH_UNITA/build/state_machine/share/state_machine/hook/pythonpath_develop.sh'
[23.534s] Level 1:colcon.colcon_core.environment:checking '/home/hanjh/F1_TENTH_UNITA/install/state_machine' for CMake module files
[23.535s] Level 1:colcon.colcon_core.environment:checking '/home/hanjh/F1_TENTH_UNITA/install/state_machine' for CMake config files
[23.537s] Level 1:colcon.colcon_core.environment:checking '/home/hanjh/F1_TENTH_UNITA/install/state_machine/lib'
[23.537s] Level 1:colcon.colcon_core.environment:checking '/home/hanjh/F1_TENTH_UNITA/install/state_machine/bin'
[23.537s] Level 1:colcon.colcon_core.environment:checking '/home/hanjh/F1_TENTH_UNITA/install/state_machine/lib/pkgconfig/state_machine.pc'
[23.538s] Level 1:colcon.colcon_core.environment:checking '/home/hanjh/F1_TENTH_UNITA/install/state_machine/lib/python3.10/site-packages'
[23.538s] Level 1:colcon.colcon_core.shell:create_environment_hook('state_machine', 'pythonpath')
[23.539s] INFO:colcon.colcon_core.shell:Creating environment hook '/home/hanjh/F1_TENTH_UNITA/install/state_machine/share/state_machine/hook/pythonpath.ps1'
[23.541s] INFO:colcon.colcon_core.shell:Creating environment descriptor '/home/hanjh/F1_TENTH_UNITA/install/state_machine/share/state_machine/hook/pythonpath.dsv'
[23.542s] INFO:colcon.colcon_core.shell:Creating environment hook '/home/hanjh/F1_TENTH_UNITA/install/state_machine/share/state_machine/hook/pythonpath.sh'
[23.544s] Level 1:colcon.colcon_core.environment:checking '/home/hanjh/F1_TENTH_UNITA/install/state_machine/bin'
[23.544s] Level 1:colcon.colcon_core.environment:create_environment_scripts_only(state_machine)
[23.546s] INFO:colcon.colcon_core.shell:Creating package script '/home/hanjh/F1_TENTH_UNITA/install/state_machine/share/state_machine/package.ps1'
[23.547s] INFO:colcon.colcon_core.shell:Creating package descriptor '/home/hanjh/F1_TENTH_UNITA/install/state_machine/share/state_machine/package.dsv'
[23.549s] INFO:colcon.colcon_core.shell:Creating package script '/home/hanjh/F1_TENTH_UNITA/install/state_machine/share/state_machine/package.sh'
[23.550s] INFO:colcon.colcon_core.shell:Creating package script '/home/hanjh/F1_TENTH_UNITA/install/state_machine/share/state_machine/package.bash'
[23.552s] INFO:colcon.colcon_core.shell:Creating package script '/home/hanjh/F1_TENTH_UNITA/install/state_machine/share/state_machine/package.zsh'
[23.553s] Level 1:colcon.colcon_core.environment:create_file_with_runtime_dependencies(/home/hanjh/F1_TENTH_UNITA/install/state_machine/share/colcon-core/packages/state_machine)
[23.557s] Level 1:colcon.colcon_core.shell:create_environment_hook('sector_tuner', 'pythonpath_develop')
[23.558s] INFO:colcon.colcon_core.shell:Creating environment hook '/home/hanjh/F1_TENTH_UNITA/build/sector_tuner/share/sector_tuner/hook/pythonpath_develop.ps1'
[23.561s] DEBUG:colcon.colcon_core.event_handler.log_command:Invoked command in '/home/hanjh/F1_TENTH_UNITA/build/sector_tuner' returned '0': PYTHONPATH=/home/hanjh/F1_TENTH_UNITA/build/sector_tuner/prefix_override:/usr/lib/python3/dist-packages/colcon_core/task/python/colcon_distutils_commands:/home/hanjh/F1_TENTH_UNITA/install/sector_tuner/lib/python3.10/site-packages:${PYTHONPATH} /usr/bin/python3 -W ignore:setup.py install is deprecated -W ignore:easy_install command is deprecated setup.py develop --editable --build-directory /home/hanjh/F1_TENTH_UNITA/build/sector_tuner/build --no-deps symlink_data
[23.562s] INFO:colcon.colcon_core.shell:Creating environment descriptor '/home/hanjh/F1_TENTH_UNITA/build/sector_tuner/share/sector_tuner/hook/pythonpath_develop.dsv'
[23.563s] INFO:colcon.colcon_core.shell:Creating environment hook '/home/hanjh/F1_TENTH_UNITA/build/sector_tuner/share/sector_tuner/hook/pythonpath_develop.sh'
[23.565s] Level 1:colcon.colcon_core.environment:checking '/home/hanjh/F1_TENTH_UNITA/install/sector_tuner' for CMake module files
[23.567s] Level 1:colcon.colcon_core.environment:checking '/home/hanjh/F1_TENTH_UNITA/install/sector_tuner' for CMake config files
[23.568s] Level 1:colcon.colcon_core.environment:checking '/home/hanjh/F1_TENTH_UNITA/install/sector_tuner/lib'
[23.569s] Level 1:colcon.colcon_core.environment:checking '/home/hanjh/F1_TENTH_UNITA/install/sector_tuner/bin'
[23.569s] Level 1:colcon.colcon_core.environment:checking '/home/hanjh/F1_TENTH_UNITA/install/sector_tuner/lib/pkgconfig/sector_tuner.pc'
[23.570s] Level 1:colcon.colcon_core.environment:checking '/home/hanjh/F1_TENTH_UNITA/install/sector_tuner/lib/python3.10/site-packages'
[23.570s] Level 1:colcon.colcon_core.shell:create_environment_hook('sector_tuner', 'pythonpath')
[23.571s] INFO:colcon.colcon_core.shell:Creating environment hook '/home/hanjh/F1_TENTH_UNITA/install/sector_tuner/share/sector_tuner/hook/pythonpath.ps1'
[23.572s] INFO:colcon.colcon_core.shell:Creating environment descriptor '/home/hanjh/F1_TENTH_UNITA/install/sector_tuner/share/sector_tuner/hook/pythonpath.dsv'
[23.573s] INFO:colcon.colcon_core.shell:Creating environment hook '/home/hanjh/F1_TENTH_UNITA/install/sector_tuner/share/sector_tuner/hook/pythonpath.sh'
[23.576s] Level 1:colcon.colcon_core.environment:checking '/home/hanjh/F1_TENTH_UNITA/install/sector_tuner/bin'
[23.576s] Level 1:colcon.colcon_core.environment:create_environment_scripts_only(sector_tuner)
[23.577s] INFO:colcon.colcon_core.shell:Creating package script '/home/hanjh/F1_TENTH_UNITA/install/sector_tuner/share/sector_tuner/package.ps1'
[23.580s] INFO:colcon.colcon_core.shell:Creating package descriptor '/home/hanjh/F1_TENTH_UNITA/install/sector_tuner/share/sector_tuner/package.dsv'
[23.582s] INFO:colcon.colcon_core.shell:Creating package script '/home/hanjh/F1_TENTH_UNITA/install/sector_tuner/share/sector_tuner/package.sh'
[23.583s] INFO:colcon.colcon_core.shell:Creating package script '/home/hanjh/F1_TENTH_UNITA/install/sector_tuner/share/sector_tuner/package.bash'
[23.585s] INFO:colcon.colcon_core.shell:Creating package script '/home/hanjh/F1_TENTH_UNITA/install/sector_tuner/share/sector_tuner/package.zsh'
[23.586s] Level 1:colcon.colcon_core.environment:create_file_with_runtime_dependencies(/home/hanjh/F1_TENTH_UNITA/install/sector_tuner/share/colcon-core/packages/sector_tuner)
[23.850s] DEBUG:colcon.colcon_core.event_handler.log_command:Invoking command in '/home/hanjh/F1_TENTH_UNITA/build/spline_planner': AMENT_PREFIX_PATH=/home/hanjh/F1_TENTH_UNITA/install/frenet_conversion:/home/hanjh/F1_TENTH_UNITA/install/f1tenth_stack:/home/hanjh/F1_TENTH_UNITA/install/vesc:/home/hanjh/F1_TENTH_UNITA/install/vesc_driver:/home/hanjh/F1_TENTH_UNITA/install/vesc_ackermann:/home/hanjh/F1_TENTH_UNITA/install/vesc_msgs:/home/hanjh/F1_TENTH_UNITA/install/teleop_tools:/home/hanjh/F1_TENTH_UNITA/install/joy_teleop:/home/hanjh/F1_TENTH_UNITA/install/teleop_tools_msgs:/home/hanjh/F1_TENTH_UNITA/install/steering_lookup:/home/hanjh/F1_TENTH_UNITA/install/state_machine:/home/hanjh/F1_TENTH_UNITA/install/slam_tuner:/home/hanjh/F1_TENTH_UNITA/install/state_estimation:/home/hanjh/F1_TENTH_UNITA/install/map_editor:/home/hanjh/F1_TENTH_UNITA/install/stack_master:/home/hanjh/F1_TENTH_UNITA/install/spline_planner:/home/hanjh/F1_TENTH_UNITA/install/sector_tuner:/home/hanjh/F1_TENTH_UNITA/install/perception:/home/hanjh/F1_TENTH_UNITA/install/opponent_publisher:/home/hanjh/F1_TENTH_UNITA/install/mouse_teleop:/home/hanjh/F1_TENTH_UNITA/install/lap_analyser:/home/hanjh/F1_TENTH_UNITA/install/key_teleop:/home/hanjh/F1_TENTH_UNITA/install/id_controller:/home/hanjh/F1_TENTH_UNITA/install/global_planner:/home/hanjh/F1_TENTH_UNITA/install/frenet_odom_republisher:/home/hanjh/F1_TENTH_UNITA/install/f1tenth_gym_ros:/home/hanjh/F1_TENTH_UNITA/install/f110_msgs:/home/hanjh/F1_TENTH_UNITA/install/controller:/home/hanjh/F1_TENTH_UNITA/install/ackermann_mux:/home/hanjh/ros2_ws/install/tutorial_topic:/home/hanjh/ros2_ws/install/tutorial_service:/home/hanjh/ros2_ws/install/tutorial_action:/home/hanjh/ros2_ws/install/node_exercise:/home/hanjh/ros2_ws/install/my_package:/home/hanjh/ros2_ws/install/moving_services:/home/hanjh/ros2_ws/install/logger_test:/home/hanjh/ros2_ws/install/elevator_vision:/home/hanjh/ros2_ws/install/ebimu_pkg:/home/hanjh/ros2_ws/install/debug_pkg:/home/hanjh/ros2_ws/install/custom_interface_example:/home/hanjh/ros2_ws/install/custom_interfaces:/home/hanjh/ros2_ws/install/camera_perception_pkg:/opt/ros/humble PYTHONPATH=/home/hanjh/F1_TENTH_UNITA/build/spline_planner/prefix_override:/usr/lib/python3/dist-packages/colcon_core/task/python/colcon_distutils_commands:/home/hanjh/F1_TENTH_UNITA/install/spline_planner/lib/python3.10/site-packages:/home/hanjh/F1_TENTH_UNITA/build/frenet_conversion:/home/hanjh/F1_TENTH_UNITA/install/frenet_conversion/lib/python3.10/site-packages:/home/hanjh/F1_TENTH_UNITA/build/f1tenth_stack:/home/hanjh/F1_TENTH_UNITA/install/f1tenth_stack/lib/python3.10/site-packages:/home/hanjh/F1_TENTH_UNITA/install/vesc_msgs/local/lib/python3.10/dist-packages:/home/hanjh/F1_TENTH_UNITA/build/joy_teleop:/home/hanjh/F1_TENTH_UNITA/install/joy_teleop/lib/python3.10/site-packages:/home/hanjh/F1_TENTH_UNITA/install/teleop_tools_msgs/local/lib/python3.10/dist-packages:/home/hanjh/F1_TENTH_UNITA/build/steering_lookup:/home/hanjh/F1_TENTH_UNITA/install/steering_lookup/lib/python3.10/site-packages:/home/hanjh/F1_TENTH_UNITA/build/state_machine:/home/hanjh/F1_TENTH_UNITA/install/state_machine/lib/python3.10/site-packages:/home/hanjh/F1_TENTH_UNITA/build/slam_tuner:/home/hanjh/F1_TENTH_UNITA/install/slam_tuner/lib/python3.10/site-packages:/home/hanjh/F1_TENTH_UNITA/build/state_estimation:/home/hanjh/F1_TENTH_UNITA/install/state_estimation/lib/python3.10/site-packages:/home/hanjh/F1_TENTH_UNITA/build/map_editor:/home/hanjh/F1_TENTH_UNITA/install/map_editor/lib/python3.10/site-packages:/home/hanjh/F1_TENTH_UNITA/build/stack_master:/home/hanjh/F1_TENTH_UNITA/install/stack_master/lib/python3.10/site-packages:/home/hanjh/F1_TENTH_UNITA/build/spline_planner:/home/hanjh/F1_TENTH_UNITA/install/spline_planner/lib/python3.10/site-packages:/home/hanjh/F1_TENTH_UNITA/build/sector_tuner:/home/hanjh/F1_TENTH_UNITA/install/sector_tuner/lib/python3.10/site-packages:/home/hanjh/F1_TENTH_UNITA/build/perception:/home/hanjh/F1_TENTH_UNITA/install/perception/lib/python3.10/site-packages:/home/hanjh/F1_TENTH_UNITA/build/opponent_publisher:/home/hanjh/F1_TENTH_UNITA/install/opponent_publisher/lib/python3.10/site-packages:/home/hanjh/F1_TENTH_UNITA/build/mouse_teleop:/home/hanjh/F1_TENTH_UNITA/install/mouse_teleop/lib/python3.10/site-packages:/home/hanjh/F1_TENTH_UNITA/build/lap_analyser:/home/hanjh/F1_TENTH_UNITA/install/lap_analyser/lib/python3.10/site-packages:/home/hanjh/F1_TENTH_UNITA/build/key_teleop:/home/hanjh/F1_TENTH_UNITA/install/key_teleop/lib/python3.10/site-packages:/home/hanjh/F1_TENTH_UNITA/build/id_controller:/home/hanjh/F1_TENTH_UNITA/install/id_controller/lib/python3.10/site-packages:/home/hanjh/F1_TENTH_UNITA/build/global_planner:/home/hanjh/F1_TENTH_UNITA/install/global_planner/lib/python3.10/site-packages:/home/hanjh/F1_TENTH_UNITA/build/frenet_odom_republisher:/home/hanjh/F1_TENTH_UNITA/install/frenet_odom_republisher/lib/python3.10/site-packages:/home/hanjh/F1_TENTH_UNITA/build/f1tenth_gym_ros:/home/hanjh/F1_TENTH_UNITA/install/f1tenth_gym_ros/lib/python3.10/site-packages:/home/hanjh/F1_TENTH_UNITA/install/f110_msgs/local/lib/python3.10/dist-packages:/home/hanjh/F1_TENTH_UNITA/build/controller:/home/hanjh/F1_TENTH_UNITA/install/controller/lib/python3.10/site-packages:/home/hanjh/ros2_ws/build/tutorial_topic:/home/hanjh/ros2_ws/install/tutorial_topic/lib/python3.10/site-packages:/home/hanjh/ros2_ws/build/tutorial_service:/home/hanjh/ros2_ws/install/tutorial_service/lib/python3.10/site-packages:/home/hanjh/ros2_ws/build/tutorial_action:/home/hanjh/ros2_ws/install/tutorial_action/lib/python3.10/site-packages:/home/hanjh/ros2_ws/build/node_exercise:/home/hanjh/ros2_ws/install/node_exercise/lib/python3.10/site-packages:/home/hanjh/ros2_ws/build/my_package:/home/hanjh/ros2_ws/install/my_package/lib/python3.10/site-packages:/home/hanjh/ros2_ws/build/moving_services:/home/hanjh/ros2_ws/install/moving_services/lib/python3.10/site-packages:/home/hanjh/ros2_ws/build/logger_test:/home/hanjh/ros2_ws/install/logger_test/lib/python3.10/site-packages:/home/hanjh/ros2_ws/build/elevator_vision:/home/hanjh/ros2_ws/install/elevator_vision/lib/python3.10/site-packages:/home/hanjh/ros2_ws/build/ebimu_pkg:/home/hanjh/ros2_ws/install/ebimu_pkg/lib/python3.10/site-packages:/home/hanjh/ros2_ws/build/debug_pkg:/home/hanjh/ros2_ws/install/debug_pkg/lib/python3.10/site-packages:/home/hanjh/ros2_ws/build/custom_interface_example:/home/hanjh/ros2_ws/install/custom_interface_example/lib/python3.10/site-packages:/home/hanjh/ros2_ws/install/custom_interfaces/local/lib/python3.10/dist-packages:/home/hanjh/ros2_ws/build/camera_perception_pkg:/home/hanjh/ros2_ws/install/camera_perception_pkg/lib/python3.10/site-packages:/opt/ros/humble/lib/python3.10/site-packages:/opt/ros/humble/local/lib/python3.10/dist-packages /usr/bin/python3 -W ignore:setup.py install is deprecated -W ignore:easy_install command is deprecated setup.py develop --editable --build-directory /home/hanjh/F1_TENTH_UNITA/build/spline_planner/build --no-deps symlink_data
[23.880s] Level 1:colcon.colcon_core.shell:create_environment_hook('steering_lookup', 'pythonpath_develop')
[23.881s] INFO:colcon.colcon_core.shell:Creating environment hook '/home/hanjh/F1_TENTH_UNITA/build/steering_lookup/share/steering_lookup/hook/pythonpath_develop.ps1'
[23.882s] DEBUG:colcon.colcon_core.event_handler.log_command:Invoked command in '/home/hanjh/F1_TENTH_UNITA/build/steering_lookup' returned '0': PYTHONPATH=/home/hanjh/F1_TENTH_UNITA/build/steering_lookup/prefix_override:/usr/lib/python3/dist-packages/colcon_core/task/python/colcon_distutils_commands:/home/hanjh/F1_TENTH_UNITA/install/steering_lookup/lib/python3.10/site-packages:${PYTHONPATH} /usr/bin/python3 -W ignore:setup.py install is deprecated -W ignore:easy_install command is deprecated setup.py develop --editable --build-directory /home/hanjh/F1_TENTH_UNITA/build/steering_lookup/build --no-deps symlink_data
[23.884s] INFO:colcon.colcon_core.shell:Creating environment descriptor '/home/hanjh/F1_TENTH_UNITA/build/steering_lookup/share/steering_lookup/hook/pythonpath_develop.dsv'
[23.885s] INFO:colcon.colcon_core.shell:Creating environment hook '/home/hanjh/F1_TENTH_UNITA/build/steering_lookup/share/steering_lookup/hook/pythonpath_develop.sh'
[23.888s] Level 1:colcon.colcon_core.environment:checking '/home/hanjh/F1_TENTH_UNITA/install/steering_lookup' for CMake module files
[23.889s] Level 1:colcon.colcon_core.environment:checking '/home/hanjh/F1_TENTH_UNITA/install/steering_lookup' for CMake config files
[23.890s] Level 1:colcon.colcon_core.environment:checking '/home/hanjh/F1_TENTH_UNITA/install/steering_lookup/lib'
[23.891s] Level 1:colcon.colcon_core.environment:checking '/home/hanjh/F1_TENTH_UNITA/install/steering_lookup/bin'
[23.891s] Level 1:colcon.colcon_core.environment:checking '/home/hanjh/F1_TENTH_UNITA/install/steering_lookup/lib/pkgconfig/steering_lookup.pc'
[23.892s] Level 1:colcon.colcon_core.environment:checking '/home/hanjh/F1_TENTH_UNITA/install/steering_lookup/lib/python3.10/site-packages'
[23.892s] Level 1:colcon.colcon_core.shell:create_environment_hook('steering_lookup', 'pythonpath')
[23.893s] INFO:colcon.colcon_core.shell:Creating environment hook '/home/hanjh/F1_TENTH_UNITA/install/steering_lookup/share/steering_lookup/hook/pythonpath.ps1'
[23.894s] INFO:colcon.colcon_core.shell:Creating environment descriptor '/home/hanjh/F1_TENTH_UNITA/install/steering_lookup/share/steering_lookup/hook/pythonpath.dsv'
[23.896s] INFO:colcon.colcon_core.shell:Creating environment hook '/home/hanjh/F1_TENTH_UNITA/install/steering_lookup/share/steering_lookup/hook/pythonpath.sh'
[23.898s] Level 1:colcon.colcon_core.environment:checking '/home/hanjh/F1_TENTH_UNITA/install/steering_lookup/bin'
[23.898s] Level 1:colcon.colcon_core.environment:create_environment_scripts_only(steering_lookup)
[23.899s] INFO:colcon.colcon_core.shell:Creating package script '/home/hanjh/F1_TENTH_UNITA/install/steering_lookup/share/steering_lookup/package.ps1'
[23.902s] INFO:colcon.colcon_core.shell:Creating package descriptor '/home/hanjh/F1_TENTH_UNITA/install/steering_lookup/share/steering_lookup/package.dsv'
[23.904s] INFO:colcon.colcon_core.shell:Creating package script '/home/hanjh/F1_TENTH_UNITA/install/steering_lookup/share/steering_lookup/package.sh'
[23.905s] INFO:colcon.colcon_core.shell:Creating package script '/home/hanjh/F1_TENTH_UNITA/install/steering_lookup/share/steering_lookup/package.bash'
[23.906s] INFO:colcon.colcon_core.shell:Creating package script '/home/hanjh/F1_TENTH_UNITA/install/steering_lookup/share/steering_lookup/package.zsh'
[23.908s] Level 1:colcon.colcon_core.environment:create_file_with_runtime_dependencies(/home/hanjh/F1_TENTH_UNITA/install/steering_lookup/share/colcon-core/packages/steering_lookup)
[24.981s] Level 1:colcon.colcon_core.environment:create_environment_scripts_only(vesc_msgs)
[24.982s] Level 1:colcon.colcon_core.environment:checking '/home/hanjh/F1_TENTH_UNITA/install/vesc_msgs' for CMake module files
[24.984s] DEBUG:colcon.colcon_core.event_handler.log_command:Invoked command in '/home/hanjh/F1_TENTH_UNITA/build/vesc_msgs' returned '0': CMAKE_PREFIX_PATH=${CMAKE_PREFIX_PATH}:/home/hanjh/F1_TENTH_UNITA/install/f1tenth_stack:/home/hanjh/F1_TENTH_UNITA/install/joy_teleop:/home/hanjh/F1_TENTH_UNITA/install/steering_lookup:/home/hanjh/F1_TENTH_UNITA/install/state_machine:/home/hanjh/F1_TENTH_UNITA/install/slam_tuner:/home/hanjh/F1_TENTH_UNITA/install/state_estimation:/home/hanjh/F1_TENTH_UNITA/install/map_editor:/home/hanjh/F1_TENTH_UNITA/install/stack_master:/home/hanjh/F1_TENTH_UNITA/install/spline_planner:/home/hanjh/F1_TENTH_UNITA/install/sector_tuner:/home/hanjh/F1_TENTH_UNITA/install/perception:/home/hanjh/F1_TENTH_UNITA/install/opponent_publisher:/home/hanjh/F1_TENTH_UNITA/install/mouse_teleop:/home/hanjh/F1_TENTH_UNITA/install/lap_analyser:/home/hanjh/F1_TENTH_UNITA/install/key_teleop:/home/hanjh/F1_TENTH_UNITA/install/id_controller:/home/hanjh/F1_TENTH_UNITA/install/global_planner:/home/hanjh/F1_TENTH_UNITA/install/frenet_odom_republisher:/home/hanjh/F1_TENTH_UNITA/install/frenet_conversion:/home/hanjh/F1_TENTH_UNITA/install/f1tenth_gym_ros:/home/hanjh/F1_TENTH_UNITA/install/controller:/home/hanjh/ros2_ws/install/tutorial_topic:/home/hanjh/ros2_ws/install/tutorial_service:/home/hanjh/ros2_ws/install/tutorial_action:/home/hanjh/ros2_ws/install/node_exercise:/home/hanjh/ros2_ws/install/my_package:/home/hanjh/ros2_ws/install/moving_services:/home/hanjh/ros2_ws/install/logger_test:/home/hanjh/ros2_ws/install/elevator_vision:/home/hanjh/ros2_ws/install/ebimu_pkg:/home/hanjh/ros2_ws/install/debug_pkg:/home/hanjh/ros2_ws/install/custom_interface_example:/home/hanjh/ros2_ws/install/camera_perception_pkg:/opt/ros/humble /usr/bin/cmake --install /home/hanjh/F1_TENTH_UNITA/build/vesc_msgs
[24.986s] Level 1:colcon.colcon_core.environment:checking '/home/hanjh/F1_TENTH_UNITA/install/vesc_msgs' for CMake config files
[24.986s] Level 1:colcon.colcon_core.shell:create_environment_hook('vesc_msgs', 'cmake_prefix_path')
[24.987s] INFO:colcon.colcon_core.shell:Creating environment hook '/home/hanjh/F1_TENTH_UNITA/install/vesc_msgs/share/vesc_msgs/hook/cmake_prefix_path.ps1'
[24.988s] INFO:colcon.colcon_core.shell:Creating environment descriptor '/home/hanjh/F1_TENTH_UNITA/install/vesc_msgs/share/vesc_msgs/hook/cmake_prefix_path.dsv'
[24.989s] INFO:colcon.colcon_core.shell:Creating environment hook '/home/hanjh/F1_TENTH_UNITA/install/vesc_msgs/share/vesc_msgs/hook/cmake_prefix_path.sh'
[24.990s] Level 1:colcon.colcon_core.environment:checking '/home/hanjh/F1_TENTH_UNITA/install/vesc_msgs/lib'
[24.990s] Level 1:colcon.colcon_core.shell:create_environment_hook('vesc_msgs', 'ld_library_path_lib')
[24.990s] INFO:colcon.colcon_core.shell:Creating environment hook '/home/hanjh/F1_TENTH_UNITA/install/vesc_msgs/share/vesc_msgs/hook/ld_library_path_lib.ps1'
[24.991s] INFO:colcon.colcon_core.shell:Creating environment descriptor '/home/hanjh/F1_TENTH_UNITA/install/vesc_msgs/share/vesc_msgs/hook/ld_library_path_lib.dsv'
[24.992s] INFO:colcon.colcon_core.shell:Creating environment hook '/home/hanjh/F1_TENTH_UNITA/install/vesc_msgs/share/vesc_msgs/hook/ld_library_path_lib.sh'
[24.992s] Level 1:colcon.colcon_core.environment:checking '/home/hanjh/F1_TENTH_UNITA/install/vesc_msgs/bin'
[24.993s] Level 1:colcon.colcon_core.environment:checking '/home/hanjh/F1_TENTH_UNITA/install/vesc_msgs/lib/pkgconfig/vesc_msgs.pc'
[24.993s] Level 1:colcon.colcon_core.environment:checking '/home/hanjh/F1_TENTH_UNITA/install/vesc_msgs/lib/python3.10/site-packages'
[24.994s] Level 1:colcon.colcon_core.environment:checking '/home/hanjh/F1_TENTH_UNITA/install/vesc_msgs/bin'
[24.996s] INFO:colcon.colcon_core.shell:Creating package script '/home/hanjh/F1_TENTH_UNITA/install/vesc_msgs/share/vesc_msgs/package.ps1'
[24.998s] INFO:colcon.colcon_core.shell:Creating package descriptor '/home/hanjh/F1_TENTH_UNITA/install/vesc_msgs/share/vesc_msgs/package.dsv'
[24.999s] INFO:colcon.colcon_core.shell:Creating package script '/home/hanjh/F1_TENTH_UNITA/install/vesc_msgs/share/vesc_msgs/package.sh'
[25.001s] INFO:colcon.colcon_core.shell:Creating package script '/home/hanjh/F1_TENTH_UNITA/install/vesc_msgs/share/vesc_msgs/package.bash'
[25.002s] INFO:colcon.colcon_core.shell:Creating package script '/home/hanjh/F1_TENTH_UNITA/install/vesc_msgs/share/vesc_msgs/package.zsh'
[25.004s] Level 1:colcon.colcon_core.environment:create_file_with_runtime_dependencies(/home/hanjh/F1_TENTH_UNITA/install/vesc_msgs/share/colcon-core/packages/vesc_msgs)
[25.006s] Level 1:colcon.colcon_core.environment:create_environment_scripts_only(vesc_msgs)
[25.007s] Level 1:colcon.colcon_core.environment:checking '/home/hanjh/F1_TENTH_UNITA/install/vesc_msgs' for CMake module files
[25.009s] Level 1:colcon.colcon_core.environment:checking '/home/hanjh/F1_TENTH_UNITA/install/vesc_msgs' for CMake config files
[25.011s] Level 1:colcon.colcon_core.shell:create_environment_hook('vesc_msgs', 'cmake_prefix_path')
[25.012s] INFO:colcon.colcon_core.shell:Creating environment hook '/home/hanjh/F1_TENTH_UNITA/install/vesc_msgs/share/vesc_msgs/hook/cmake_prefix_path.ps1'
[25.014s] INFO:colcon.colcon_core.shell:Creating environment descriptor '/home/hanjh/F1_TENTH_UNITA/install/vesc_msgs/share/vesc_msgs/hook/cmake_prefix_path.dsv'
[25.015s] INFO:colcon.colcon_core.shell:Creating environment hook '/home/hanjh/F1_TENTH_UNITA/install/vesc_msgs/share/vesc_msgs/hook/cmake_prefix_path.sh'
[25.017s] Level 1:colcon.colcon_core.environment:checking '/home/hanjh/F1_TENTH_UNITA/install/vesc_msgs/lib'
[25.017s] Level 1:colcon.colcon_core.shell:create_environment_hook('vesc_msgs', 'ld_library_path_lib')
[25.018s] INFO:colcon.colcon_core.shell:Creating environment hook '/home/hanjh/F1_TENTH_UNITA/install/vesc_msgs/share/vesc_msgs/hook/ld_library_path_lib.ps1'
[25.020s] INFO:colcon.colcon_core.shell:Creating environment descriptor '/home/hanjh/F1_TENTH_UNITA/install/vesc_msgs/share/vesc_msgs/hook/ld_library_path_lib.dsv'
[25.021s] INFO:colcon.colcon_core.shell:Creating environment hook '/home/hanjh/F1_TENTH_UNITA/install/vesc_msgs/share/vesc_msgs/hook/ld_library_path_lib.sh'
[25.023s] Level 1:colcon.colcon_core.environment:checking '/home/hanjh/F1_TENTH_UNITA/install/vesc_msgs/bin'
[25.023s] Level 1:colcon.colcon_core.environment:checking '/home/hanjh/F1_TENTH_UNITA/install/vesc_msgs/lib/pkgconfig/vesc_msgs.pc'
[25.024s] Level 1:colcon.colcon_core.environment:checking '/home/hanjh/F1_TENTH_UNITA/install/vesc_msgs/lib/python3.10/site-packages'
[25.025s] Level 1:colcon.colcon_core.environment:checking '/home/hanjh/F1_TENTH_UNITA/install/vesc_msgs/bin'
[25.026s] INFO:colcon.colcon_core.shell:Creating package script '/home/hanjh/F1_TENTH_UNITA/install/vesc_msgs/share/vesc_msgs/package.ps1'
[25.028s] INFO:colcon.colcon_core.shell:Creating package descriptor '/home/hanjh/F1_TENTH_UNITA/install/vesc_msgs/share/vesc_msgs/package.dsv'
[25.030s] INFO:colcon.colcon_core.shell:Creating package script '/home/hanjh/F1_TENTH_UNITA/install/vesc_msgs/share/vesc_msgs/package.sh'
[25.032s] INFO:colcon.colcon_core.shell:Creating package script '/home/hanjh/F1_TENTH_UNITA/install/vesc_msgs/share/vesc_msgs/package.bash'
[25.034s] INFO:colcon.colcon_core.shell:Creating package script '/home/hanjh/F1_TENTH_UNITA/install/vesc_msgs/share/vesc_msgs/package.zsh'
[25.035s] Level 1:colcon.colcon_core.environment:create_file_with_runtime_dependencies(/home/hanjh/F1_TENTH_UNITA/install/vesc_msgs/share/colcon-core/packages/vesc_msgs)
[25.037s] INFO:colcon.colcon_ros.task.ament_cmake.build:Building ROS package in '/home/hanjh/F1_TENTH_UNITA/src/race_stack/sensors/vesc/vesc_ackermann' with build type 'ament_cmake'
[25.037s] INFO:colcon.colcon_cmake.task.cmake.build:Building CMake package in '/home/hanjh/F1_TENTH_UNITA/src/race_stack/sensors/vesc/vesc_ackermann'
[25.038s] INFO:colcon.colcon_core.shell:Skip shell extension 'powershell' for command environment: Not usable outside of PowerShell
[25.039s] DEBUG:colcon.colcon_core.shell:Skip shell extension 'dsv' for command environment
[25.060s] INFO:colcon.colcon_ros.task.ament_cmake.build:Building ROS package in '/home/hanjh/F1_TENTH_UNITA/src/race_stack/sensors/vesc/vesc_driver' with build type 'ament_cmake'
[25.060s] INFO:colcon.colcon_cmake.task.cmake.build:Building CMake package in '/home/hanjh/F1_TENTH_UNITA/src/race_stack/sensors/vesc/vesc_driver'
[25.061s] INFO:colcon.colcon_core.shell:Skip shell extension 'powershell' for command environment: Not usable outside of PowerShell
[25.061s] DEBUG:colcon.colcon_core.shell:Skip shell extension 'dsv' for command environment
[25.085s] DEBUG:colcon.colcon_core.event_handler.log_command:Invoking command in '/home/hanjh/F1_TENTH_UNITA/build/vesc_ackermann': CMAKE_PREFIX_PATH=/home/hanjh/F1_TENTH_UNITA/install/vesc_msgs:/home/hanjh/F1_TENTH_UNITA/install/vesc:/home/hanjh/F1_TENTH_UNITA/install/vesc_driver:/home/hanjh/F1_TENTH_UNITA/install/vesc_ackermann:/home/hanjh/F1_TENTH_UNITA/install/teleop_tools:/home/hanjh/F1_TENTH_UNITA/install/teleop_tools_msgs:/home/hanjh/F1_TENTH_UNITA/install/f110_msgs:/home/hanjh/F1_TENTH_UNITA/install/ackermann_mux:/home/hanjh/ros2_ws/install/custom_interfaces:/home/hanjh/F1_TENTH_UNITA/install/f1tenth_stack:/home/hanjh/F1_TENTH_UNITA/install/joy_teleop:/home/hanjh/F1_TENTH_UNITA/install/steering_lookup:/home/hanjh/F1_TENTH_UNITA/install/state_machine:/home/hanjh/F1_TENTH_UNITA/install/slam_tuner:/home/hanjh/F1_TENTH_UNITA/install/state_estimation:/home/hanjh/F1_TENTH_UNITA/install/map_editor:/home/hanjh/F1_TENTH_UNITA/install/stack_master:/home/hanjh/F1_TENTH_UNITA/install/spline_planner:/home/hanjh/F1_TENTH_UNITA/install/sector_tuner:/home/hanjh/F1_TENTH_UNITA/install/perception:/home/hanjh/F1_TENTH_UNITA/install/opponent_publisher:/home/hanjh/F1_TENTH_UNITA/install/mouse_teleop:/home/hanjh/F1_TENTH_UNITA/install/lap_analyser:/home/hanjh/F1_TENTH_UNITA/install/key_teleop:/home/hanjh/F1_TENTH_UNITA/install/id_controller:/home/hanjh/F1_TENTH_UNITA/install/global_planner:/home/hanjh/F1_TENTH_UNITA/install/frenet_odom_republisher:/home/hanjh/F1_TENTH_UNITA/install/frenet_conversion:/home/hanjh/F1_TENTH_UNITA/install/f1tenth_gym_ros:/home/hanjh/F1_TENTH_UNITA/install/controller:/home/hanjh/ros2_ws/install/tutorial_topic:/home/hanjh/ros2_ws/install/tutorial_service:/home/hanjh/ros2_ws/install/tutorial_action:/home/hanjh/ros2_ws/install/node_exercise:/home/hanjh/ros2_ws/install/my_package:/home/hanjh/ros2_ws/install/moving_services:/home/hanjh/ros2_ws/install/logger_test:/home/hanjh/ros2_ws/install/elevator_vision:/home/hanjh/ros2_ws/install/ebimu_pkg:/home/hanjh/ros2_ws/install/debug_pkg:/home/hanjh/ros2_ws/install/custom_interface_example:/home/hanjh/ros2_ws/install/camera_perception_pkg:/opt/ros/humble LD_LIBRARY_PATH=/home/hanjh/F1_TENTH_UNITA/install/vesc_msgs/lib:/home/hanjh/F1_TENTH_UNITA/install/vesc_driver/lib:/home/hanjh/F1_TENTH_UNITA/install/vesc_ackermann/lib:/home/hanjh/F1_TENTH_UNITA/install/teleop_tools_msgs/lib:/home/hanjh/F1_TENTH_UNITA/install/f110_msgs/lib:/home/hanjh/ros2_ws/install/custom_interfaces/lib:/usr/lib/x86_64-linux-gnu/gazebo-11/plugins:/opt/ros/humble/opt/rviz_ogre_vendor/lib:/opt/ros/humble/lib/x86_64-linux-gnu:/opt/ros/humble/lib /usr/bin/cmake /home/hanjh/F1_TENTH_UNITA/src/race_stack/sensors/vesc/vesc_ackermann -DAMENT_CMAKE_SYMLINK_INSTALL=1 -DCMAKE_INSTALL_PREFIX=/home/hanjh/F1_TENTH_UNITA/install/vesc_ackermann
[25.097s] DEBUG:colcon.colcon_core.event_handler.log_command:Invoking command in '/home/hanjh/F1_TENTH_UNITA/build/vesc_driver': CMAKE_PREFIX_PATH=/home/hanjh/F1_TENTH_UNITA/install/vesc_msgs:/home/hanjh/F1_TENTH_UNITA/install/vesc:/home/hanjh/F1_TENTH_UNITA/install/vesc_driver:/home/hanjh/F1_TENTH_UNITA/install/vesc_ackermann:/home/hanjh/F1_TENTH_UNITA/install/teleop_tools:/home/hanjh/F1_TENTH_UNITA/install/teleop_tools_msgs:/home/hanjh/F1_TENTH_UNITA/install/f110_msgs:/home/hanjh/F1_TENTH_UNITA/install/ackermann_mux:/home/hanjh/ros2_ws/install/custom_interfaces:/home/hanjh/F1_TENTH_UNITA/install/f1tenth_stack:/home/hanjh/F1_TENTH_UNITA/install/joy_teleop:/home/hanjh/F1_TENTH_UNITA/install/steering_lookup:/home/hanjh/F1_TENTH_UNITA/install/state_machine:/home/hanjh/F1_TENTH_UNITA/install/slam_tuner:/home/hanjh/F1_TENTH_UNITA/install/state_estimation:/home/hanjh/F1_TENTH_UNITA/install/map_editor:/home/hanjh/F1_TENTH_UNITA/install/stack_master:/home/hanjh/F1_TENTH_UNITA/install/spline_planner:/home/hanjh/F1_TENTH_UNITA/install/sector_tuner:/home/hanjh/F1_TENTH_UNITA/install/perception:/home/hanjh/F1_TENTH_UNITA/install/opponent_publisher:/home/hanjh/F1_TENTH_UNITA/install/mouse_teleop:/home/hanjh/F1_TENTH_UNITA/install/lap_analyser:/home/hanjh/F1_TENTH_UNITA/install/key_teleop:/home/hanjh/F1_TENTH_UNITA/install/id_controller:/home/hanjh/F1_TENTH_UNITA/install/global_planner:/home/hanjh/F1_TENTH_UNITA/install/frenet_odom_republisher:/home/hanjh/F1_TENTH_UNITA/install/frenet_conversion:/home/hanjh/F1_TENTH_UNITA/install/f1tenth_gym_ros:/home/hanjh/F1_TENTH_UNITA/install/controller:/home/hanjh/ros2_ws/install/tutorial_topic:/home/hanjh/ros2_ws/install/tutorial_service:/home/hanjh/ros2_ws/install/tutorial_action:/home/hanjh/ros2_ws/install/node_exercise:/home/hanjh/ros2_ws/install/my_package:/home/hanjh/ros2_ws/install/moving_services:/home/hanjh/ros2_ws/install/logger_test:/home/hanjh/ros2_ws/install/elevator_vision:/home/hanjh/ros2_ws/install/ebimu_pkg:/home/hanjh/ros2_ws/install/debug_pkg:/home/hanjh/ros2_ws/install/custom_interface_example:/home/hanjh/ros2_ws/install/camera_perception_pkg:/opt/ros/humble LD_LIBRARY_PATH=/home/hanjh/F1_TENTH_UNITA/install/vesc_msgs/lib:/home/hanjh/F1_TENTH_UNITA/install/vesc_driver/lib:/home/hanjh/F1_TENTH_UNITA/install/vesc_ackermann/lib:/home/hanjh/F1_TENTH_UNITA/install/teleop_tools_msgs/lib:/home/hanjh/F1_TENTH_UNITA/install/f110_msgs/lib:/home/hanjh/ros2_ws/install/custom_interfaces/lib:/usr/lib/x86_64-linux-gnu/gazebo-11/plugins:/opt/ros/humble/opt/rviz_ogre_vendor/lib:/opt/ros/humble/lib/x86_64-linux-gnu:/opt/ros/humble/lib /usr/bin/cmake /home/hanjh/F1_TENTH_UNITA/src/race_stack/sensors/vesc/vesc_driver -DAMENT_CMAKE_SYMLINK_INSTALL=1 -DCMAKE_INSTALL_PREFIX=/home/hanjh/F1_TENTH_UNITA/install/vesc_driver
[25.250s] Level 1:colcon.colcon_core.shell:create_environment_hook('slam_tuner', 'pythonpath_develop')
[25.251s] INFO:colcon.colcon_core.shell:Creating environment hook '/home/hanjh/F1_TENTH_UNITA/build/slam_tuner/share/slam_tuner/hook/pythonpath_develop.ps1'
[25.252s] DEBUG:colcon.colcon_core.event_handler.log_command:Invoking command in '/home/hanjh/F1_TENTH_UNITA/build/joy_teleop': CMAKE_PREFIX_PATH=/home/hanjh/F1_TENTH_UNITA/install/teleop_tools_msgs:/home/hanjh/F1_TENTH_UNITA/install/vesc:/home/hanjh/F1_TENTH_UNITA/install/vesc_driver:/home/hanjh/F1_TENTH_UNITA/install/vesc_ackermann:/home/hanjh/F1_TENTH_UNITA/install/vesc_msgs:/home/hanjh/F1_TENTH_UNITA/install/teleop_tools:/home/hanjh/F1_TENTH_UNITA/install/f110_msgs:/home/hanjh/F1_TENTH_UNITA/install/ackermann_mux:/home/hanjh/ros2_ws/install/custom_interfaces LD_LIBRARY_PATH=/home/hanjh/F1_TENTH_UNITA/install/teleop_tools_msgs/lib:/home/hanjh/F1_TENTH_UNITA/install/vesc_driver/lib:/home/hanjh/F1_TENTH_UNITA/install/vesc_ackermann/lib:/home/hanjh/F1_TENTH_UNITA/install/vesc_msgs/lib:/home/hanjh/F1_TENTH_UNITA/install/f110_msgs/lib:/home/hanjh/ros2_ws/install/custom_interfaces/lib:/usr/lib/x86_64-linux-gnu/gazebo-11/plugins:/opt/ros/humble/opt/rviz_ogre_vendor/lib:/opt/ros/humble/lib/x86_64-linux-gnu:/opt/ros/humble/lib PYTHONPATH=/home/hanjh/F1_TENTH_UNITA/build/joy_teleop/prefix_override:/usr/lib/python3/dist-packages/colcon_core/task/python/colcon_distutils_commands:/home/hanjh/F1_TENTH_UNITA/install/joy_teleop/lib/python3.10/site-packages:${PYTHONPATH} /usr/bin/python3 -W ignore:setup.py install is deprecated -W ignore:easy_install command is deprecated setup.py develop --editable --build-directory /home/hanjh/F1_TENTH_UNITA/build/joy_teleop/build --no-deps symlink_data
[25.254s] DEBUG:colcon.colcon_core.event_handler.log_command:Invoked command in '/home/hanjh/F1_TENTH_UNITA/build/slam_tuner' returned '0': AMENT_PREFIX_PATH=/home/hanjh/F1_TENTH_UNITA/install/state_estimation:/home/hanjh/F1_TENTH_UNITA/install/f1tenth_stack:/home/hanjh/F1_TENTH_UNITA/install/vesc:/home/hanjh/F1_TENTH_UNITA/install/vesc_driver:/home/hanjh/F1_TENTH_UNITA/install/vesc_ackermann:/home/hanjh/F1_TENTH_UNITA/install/vesc_msgs:/home/hanjh/F1_TENTH_UNITA/install/teleop_tools:/home/hanjh/F1_TENTH_UNITA/install/joy_teleop:/home/hanjh/F1_TENTH_UNITA/install/teleop_tools_msgs:/home/hanjh/F1_TENTH_UNITA/install/steering_lookup:/home/hanjh/F1_TENTH_UNITA/install/state_machine:/home/hanjh/F1_TENTH_UNITA/install/slam_tuner:/home/hanjh/F1_TENTH_UNITA/install/map_editor:/home/hanjh/F1_TENTH_UNITA/install/stack_master:/home/hanjh/F1_TENTH_UNITA/install/spline_planner:/home/hanjh/F1_TENTH_UNITA/install/sector_tuner:/home/hanjh/F1_TENTH_UNITA/install/perception:/home/hanjh/F1_TENTH_UNITA/install/opponent_publisher:/home/hanjh/F1_TENTH_UNITA/install/mouse_teleop:/home/hanjh/F1_TENTH_UNITA/install/lap_analyser:/home/hanjh/F1_TENTH_UNITA/install/key_teleop:/home/hanjh/F1_TENTH_UNITA/install/id_controller:/home/hanjh/F1_TENTH_UNITA/install/global_planner:/home/hanjh/F1_TENTH_UNITA/install/frenet_odom_republisher:/home/hanjh/F1_TENTH_UNITA/install/frenet_conversion:/home/hanjh/F1_TENTH_UNITA/install/f1tenth_gym_ros:/home/hanjh/F1_TENTH_UNITA/install/f110_msgs:/home/hanjh/F1_TENTH_UNITA/install/controller:/home/hanjh/F1_TENTH_UNITA/install/ackermann_mux:/home/hanjh/ros2_ws/install/tutorial_topic:/home/hanjh/ros2_ws/install/tutorial_service:/home/hanjh/ros2_ws/install/tutorial_action:/home/hanjh/ros2_ws/install/node_exercise:/home/hanjh/ros2_ws/install/my_package:/home/hanjh/ros2_ws/install/moving_services:/home/hanjh/ros2_ws/install/logger_test:/home/hanjh/ros2_ws/install/elevator_vision:/home/hanjh/ros2_ws/install/ebimu_pkg:/home/hanjh/ros2_ws/install/debug_pkg:/home/hanjh/ros2_ws/install/custom_interface_example:/home/hanjh/ros2_ws/install/custom_interfaces:/home/hanjh/ros2_ws/install/camera_perception_pkg:/opt/ros/humble PYTHONPATH=/home/hanjh/F1_TENTH_UNITA/build/slam_tuner/prefix_override:/usr/lib/python3/dist-packages/colcon_core/task/python/colcon_distutils_commands:/home/hanjh/F1_TENTH_UNITA/install/slam_tuner/lib/python3.10/site-packages:/home/hanjh/F1_TENTH_UNITA/build/state_estimation:/home/hanjh/F1_TENTH_UNITA/install/state_estimation/lib/python3.10/site-packages:/home/hanjh/F1_TENTH_UNITA/build/f1tenth_stack:/home/hanjh/F1_TENTH_UNITA/install/f1tenth_stack/lib/python3.10/site-packages:/home/hanjh/F1_TENTH_UNITA/install/vesc_msgs/local/lib/python3.10/dist-packages:/home/hanjh/F1_TENTH_UNITA/build/joy_teleop:/home/hanjh/F1_TENTH_UNITA/install/joy_teleop/lib/python3.10/site-packages:/home/hanjh/F1_TENTH_UNITA/install/teleop_tools_msgs/local/lib/python3.10/dist-packages:/home/hanjh/F1_TENTH_UNITA/build/steering_lookup:/home/hanjh/F1_TENTH_UNITA/install/steering_lookup/lib/python3.10/site-packages:/home/hanjh/F1_TENTH_UNITA/build/state_machine:/home/hanjh/F1_TENTH_UNITA/install/state_machine/lib/python3.10/site-packages:/home/hanjh/F1_TENTH_UNITA/build/slam_tuner:/home/hanjh/F1_TENTH_UNITA/install/slam_tuner/lib/python3.10/site-packages:/home/hanjh/F1_TENTH_UNITA/build/map_editor:/home/hanjh/F1_TENTH_UNITA/install/map_editor/lib/python3.10/site-packages:/home/hanjh/F1_TENTH_UNITA/build/stack_master:/home/hanjh/F1_TENTH_UNITA/install/stack_master/lib/python3.10/site-packages:/home/hanjh/F1_TENTH_UNITA/build/spline_planner:/home/hanjh/F1_TENTH_UNITA/install/spline_planner/lib/python3.10/site-packages:/home/hanjh/F1_TENTH_UNITA/build/sector_tuner:/home/hanjh/F1_TENTH_UNITA/install/sector_tuner/lib/python3.10/site-packages:/home/hanjh/F1_TENTH_UNITA/build/perception:/home/hanjh/F1_TENTH_UNITA/install/perception/lib/python3.10/site-packages:/home/hanjh/F1_TENTH_UNITA/build/opponent_publisher:/home/hanjh/F1_TENTH_UNITA/install/opponent_publisher/lib/python3.10/site-packages:/home/hanjh/F1_TENTH_UNITA/build/mouse_teleop:/home/hanjh/F1_TENTH_UNITA/install/mouse_teleop/lib/python3.10/site-packages:/home/hanjh/F1_TENTH_UNITA/build/lap_analyser:/home/hanjh/F1_TENTH_UNITA/install/lap_analyser/lib/python3.10/site-packages:/home/hanjh/F1_TENTH_UNITA/build/key_teleop:/home/hanjh/F1_TENTH_UNITA/install/key_teleop/lib/python3.10/site-packages:/home/hanjh/F1_TENTH_UNITA/build/id_controller:/home/hanjh/F1_TENTH_UNITA/install/id_controller/lib/python3.10/site-packages:/home/hanjh/F1_TENTH_UNITA/build/global_planner:/home/hanjh/F1_TENTH_UNITA/install/global_planner/lib/python3.10/site-packages:/home/hanjh/F1_TENTH_UNITA/build/frenet_odom_republisher:/home/hanjh/F1_TENTH_UNITA/install/frenet_odom_republisher/lib/python3.10/site-packages:/home/hanjh/F1_TENTH_UNITA/build/frenet_conversion:/home/hanjh/F1_TENTH_UNITA/install/frenet_conversion/lib/python3.10/site-packages:/home/hanjh/F1_TENTH_UNITA/build/f1tenth_gym_ros:/home/hanjh/F1_TENTH_UNITA/install/f1tenth_gym_ros/lib/python3.10/site-packages:/home/hanjh/F1_TENTH_UNITA/install/f110_msgs/local/lib/python3.10/dist-packages:/home/hanjh/F1_TENTH_UNITA/build/controller:/home/hanjh/F1_TENTH_UNITA/install/controller/lib/python3.10/site-packages:/home/hanjh/ros2_ws/build/tutorial_topic:/home/hanjh/ros2_ws/install/tutorial_topic/lib/python3.10/site-packages:/home/hanjh/ros2_ws/build/tutorial_service:/home/hanjh/ros2_ws/install/tutorial_service/lib/python3.10/site-packages:/home/hanjh/ros2_ws/build/tutorial_action:/home/hanjh/ros2_ws/install/tutorial_action/lib/python3.10/site-packages:/home/hanjh/ros2_ws/build/node_exercise:/home/hanjh/ros2_ws/install/node_exercise/lib/python3.10/site-packages:/home/hanjh/ros2_ws/build/my_package:/home/hanjh/ros2_ws/install/my_package/lib/python3.10/site-packages:/home/hanjh/ros2_ws/build/moving_services:/home/hanjh/ros2_ws/install/moving_services/lib/python3.10/site-packages:/home/hanjh/ros2_ws/build/logger_test:/home/hanjh/ros2_ws/install/logger_test/lib/python3.10/site-packages:/home/hanjh/ros2_ws/build/elevator_vision:/home/hanjh/ros2_ws/install/elevator_vision/lib/python3.10/site-packages:/home/hanjh/ros2_ws/build/ebimu_pkg:/home/hanjh/ros2_ws/install/ebimu_pkg/lib/python3.10/site-packages:/home/hanjh/ros2_ws/build/debug_pkg:/home/hanjh/ros2_ws/install/debug_pkg/lib/python3.10/site-packages:/home/hanjh/ros2_ws/build/custom_interface_example:/home/hanjh/ros2_ws/install/custom_interface_example/lib/python3.10/site-packages:/home/hanjh/ros2_ws/install/custom_interfaces/local/lib/python3.10/dist-packages:/home/hanjh/ros2_ws/build/camera_perception_pkg:/home/hanjh/ros2_ws/install/camera_perception_pkg/lib/python3.10/site-packages:/opt/ros/humble/lib/python3.10/site-packages:/opt/ros/humble/local/lib/python3.10/dist-packages /usr/bin/python3 -W ignore:setup.py install is deprecated -W ignore:easy_install command is deprecated setup.py develop --editable --build-directory /home/hanjh/F1_TENTH_UNITA/build/slam_tuner/build --no-deps symlink_data
[25.255s] INFO:colcon.colcon_core.shell:Creating environment descriptor '/home/hanjh/F1_TENTH_UNITA/build/slam_tuner/share/slam_tuner/hook/pythonpath_develop.dsv'
[25.256s] INFO:colcon.colcon_core.shell:Creating environment hook '/home/hanjh/F1_TENTH_UNITA/build/slam_tuner/share/slam_tuner/hook/pythonpath_develop.sh'
[25.258s] Level 1:colcon.colcon_core.environment:checking '/home/hanjh/F1_TENTH_UNITA/install/slam_tuner' for CMake module files
[25.259s] Level 1:colcon.colcon_core.environment:checking '/home/hanjh/F1_TENTH_UNITA/install/slam_tuner' for CMake config files
[25.261s] Level 1:colcon.colcon_core.environment:checking '/home/hanjh/F1_TENTH_UNITA/install/slam_tuner/lib'
[25.261s] Level 1:colcon.colcon_core.environment:checking '/home/hanjh/F1_TENTH_UNITA/install/slam_tuner/bin'
[25.261s] Level 1:colcon.colcon_core.environment:checking '/home/hanjh/F1_TENTH_UNITA/install/slam_tuner/lib/pkgconfig/slam_tuner.pc'
[25.262s] Level 1:colcon.colcon_core.environment:checking '/home/hanjh/F1_TENTH_UNITA/install/slam_tuner/lib/python3.10/site-packages'
[25.262s] Level 1:colcon.colcon_core.shell:create_environment_hook('slam_tuner', 'pythonpath')
[25.263s] INFO:colcon.colcon_core.shell:Creating environment hook '/home/hanjh/F1_TENTH_UNITA/install/slam_tuner/share/slam_tuner/hook/pythonpath.ps1'
[25.264s] INFO:colcon.colcon_core.shell:Creating environment descriptor '/home/hanjh/F1_TENTH_UNITA/install/slam_tuner/share/slam_tuner/hook/pythonpath.dsv'
[25.265s] INFO:colcon.colcon_core.shell:Creating environment hook '/home/hanjh/F1_TENTH_UNITA/install/slam_tuner/share/slam_tuner/hook/pythonpath.sh'
[25.268s] Level 1:colcon.colcon_core.environment:checking '/home/hanjh/F1_TENTH_UNITA/install/slam_tuner/bin'
[25.268s] Level 1:colcon.colcon_core.environment:create_environment_scripts_only(slam_tuner)
[25.270s] INFO:colcon.colcon_core.shell:Creating package script '/home/hanjh/F1_TENTH_UNITA/install/slam_tuner/share/slam_tuner/package.ps1'
[25.272s] INFO:colcon.colcon_core.shell:Creating package descriptor '/home/hanjh/F1_TENTH_UNITA/install/slam_tuner/share/slam_tuner/package.dsv'
[25.273s] INFO:colcon.colcon_core.shell:Creating package script '/home/hanjh/F1_TENTH_UNITA/install/slam_tuner/share/slam_tuner/package.sh'
[25.275s] INFO:colcon.colcon_core.shell:Creating package script '/home/hanjh/F1_TENTH_UNITA/install/slam_tuner/share/slam_tuner/package.bash'
[25.276s] INFO:colcon.colcon_core.shell:Creating package script '/home/hanjh/F1_TENTH_UNITA/install/slam_tuner/share/slam_tuner/package.zsh'
[25.277s] Level 1:colcon.colcon_core.environment:create_file_with_runtime_dependencies(/home/hanjh/F1_TENTH_UNITA/install/slam_tuner/share/colcon-core/packages/slam_tuner)
[25.726s] DEBUG:colcon.colcon_core.event_handler.log_command:Invoked command in '/home/hanjh/F1_TENTH_UNITA/build/f110_msgs' returned '0': CMAKE_PREFIX_PATH=${CMAKE_PREFIX_PATH}:/home/hanjh/F1_TENTH_UNITA/install/f1tenth_stack:/home/hanjh/F1_TENTH_UNITA/install/joy_teleop:/home/hanjh/F1_TENTH_UNITA/install/steering_lookup:/home/hanjh/F1_TENTH_UNITA/install/state_machine:/home/hanjh/F1_TENTH_UNITA/install/slam_tuner:/home/hanjh/F1_TENTH_UNITA/install/state_estimation:/home/hanjh/F1_TENTH_UNITA/install/map_editor:/home/hanjh/F1_TENTH_UNITA/install/stack_master:/home/hanjh/F1_TENTH_UNITA/install/spline_planner:/home/hanjh/F1_TENTH_UNITA/install/sector_tuner:/home/hanjh/F1_TENTH_UNITA/install/perception:/home/hanjh/F1_TENTH_UNITA/install/opponent_publisher:/home/hanjh/F1_TENTH_UNITA/install/mouse_teleop:/home/hanjh/F1_TENTH_UNITA/install/lap_analyser:/home/hanjh/F1_TENTH_UNITA/install/key_teleop:/home/hanjh/F1_TENTH_UNITA/install/id_controller:/home/hanjh/F1_TENTH_UNITA/install/global_planner:/home/hanjh/F1_TENTH_UNITA/install/frenet_odom_republisher:/home/hanjh/F1_TENTH_UNITA/install/frenet_conversion:/home/hanjh/F1_TENTH_UNITA/install/f1tenth_gym_ros:/home/hanjh/F1_TENTH_UNITA/install/controller:/home/hanjh/ros2_ws/install/tutorial_topic:/home/hanjh/ros2_ws/install/tutorial_service:/home/hanjh/ros2_ws/install/tutorial_action:/home/hanjh/ros2_ws/install/node_exercise:/home/hanjh/ros2_ws/install/my_package:/home/hanjh/ros2_ws/install/moving_services:/home/hanjh/ros2_ws/install/logger_test:/home/hanjh/ros2_ws/install/elevator_vision:/home/hanjh/ros2_ws/install/ebimu_pkg:/home/hanjh/ros2_ws/install/debug_pkg:/home/hanjh/ros2_ws/install/custom_interface_example:/home/hanjh/ros2_ws/install/camera_perception_pkg:/opt/ros/humble /usr/bin/cmake --build /home/hanjh/F1_TENTH_UNITA/build/f110_msgs -- -j16 -l16
[25.731s] DEBUG:colcon.colcon_core.event_handler.log_command:Invoking command in '/home/hanjh/F1_TENTH_UNITA/build/f110_msgs': CMAKE_PREFIX_PATH=${CMAKE_PREFIX_PATH}:/home/hanjh/F1_TENTH_UNITA/install/f1tenth_stack:/home/hanjh/F1_TENTH_UNITA/install/joy_teleop:/home/hanjh/F1_TENTH_UNITA/install/steering_lookup:/home/hanjh/F1_TENTH_UNITA/install/state_machine:/home/hanjh/F1_TENTH_UNITA/install/slam_tuner:/home/hanjh/F1_TENTH_UNITA/install/state_estimation:/home/hanjh/F1_TENTH_UNITA/install/map_editor:/home/hanjh/F1_TENTH_UNITA/install/stack_master:/home/hanjh/F1_TENTH_UNITA/install/spline_planner:/home/hanjh/F1_TENTH_UNITA/install/sector_tuner:/home/hanjh/F1_TENTH_UNITA/install/perception:/home/hanjh/F1_TENTH_UNITA/install/opponent_publisher:/home/hanjh/F1_TENTH_UNITA/install/mouse_teleop:/home/hanjh/F1_TENTH_UNITA/install/lap_analyser:/home/hanjh/F1_TENTH_UNITA/install/key_teleop:/home/hanjh/F1_TENTH_UNITA/install/id_controller:/home/hanjh/F1_TENTH_UNITA/install/global_planner:/home/hanjh/F1_TENTH_UNITA/install/frenet_odom_republisher:/home/hanjh/F1_TENTH_UNITA/install/frenet_conversion:/home/hanjh/F1_TENTH_UNITA/install/f1tenth_gym_ros:/home/hanjh/F1_TENTH_UNITA/install/controller:/home/hanjh/ros2_ws/install/tutorial_topic:/home/hanjh/ros2_ws/install/tutorial_service:/home/hanjh/ros2_ws/install/tutorial_action:/home/hanjh/ros2_ws/install/node_exercise:/home/hanjh/ros2_ws/install/my_package:/home/hanjh/ros2_ws/install/moving_services:/home/hanjh/ros2_ws/install/logger_test:/home/hanjh/ros2_ws/install/elevator_vision:/home/hanjh/ros2_ws/install/ebimu_pkg:/home/hanjh/ros2_ws/install/debug_pkg:/home/hanjh/ros2_ws/install/custom_interface_example:/home/hanjh/ros2_ws/install/camera_perception_pkg:/opt/ros/humble /usr/bin/cmake --install /home/hanjh/F1_TENTH_UNITA/build/f110_msgs
[26.001s] Level 1:colcon.colcon_core.shell:create_environment_hook('spline_planner', 'pythonpath_develop')
[26.002s] INFO:colcon.colcon_core.shell:Creating environment hook '/home/hanjh/F1_TENTH_UNITA/build/spline_planner/share/spline_planner/hook/pythonpath_develop.ps1'
[26.003s] DEBUG:colcon.colcon_core.event_handler.log_command:Invoked command in '/home/hanjh/F1_TENTH_UNITA/build/spline_planner' returned '0': AMENT_PREFIX_PATH=/home/hanjh/F1_TENTH_UNITA/install/frenet_conversion:/home/hanjh/F1_TENTH_UNITA/install/f1tenth_stack:/home/hanjh/F1_TENTH_UNITA/install/vesc:/home/hanjh/F1_TENTH_UNITA/install/vesc_driver:/home/hanjh/F1_TENTH_UNITA/install/vesc_ackermann:/home/hanjh/F1_TENTH_UNITA/install/vesc_msgs:/home/hanjh/F1_TENTH_UNITA/install/teleop_tools:/home/hanjh/F1_TENTH_UNITA/install/joy_teleop:/home/hanjh/F1_TENTH_UNITA/install/teleop_tools_msgs:/home/hanjh/F1_TENTH_UNITA/install/steering_lookup:/home/hanjh/F1_TENTH_UNITA/install/state_machine:/home/hanjh/F1_TENTH_UNITA/install/slam_tuner:/home/hanjh/F1_TENTH_UNITA/install/state_estimation:/home/hanjh/F1_TENTH_UNITA/install/map_editor:/home/hanjh/F1_TENTH_UNITA/install/stack_master:/home/hanjh/F1_TENTH_UNITA/install/spline_planner:/home/hanjh/F1_TENTH_UNITA/install/sector_tuner:/home/hanjh/F1_TENTH_UNITA/install/perception:/home/hanjh/F1_TENTH_UNITA/install/opponent_publisher:/home/hanjh/F1_TENTH_UNITA/install/mouse_teleop:/home/hanjh/F1_TENTH_UNITA/install/lap_analyser:/home/hanjh/F1_TENTH_UNITA/install/key_teleop:/home/hanjh/F1_TENTH_UNITA/install/id_controller:/home/hanjh/F1_TENTH_UNITA/install/global_planner:/home/hanjh/F1_TENTH_UNITA/install/frenet_odom_republisher:/home/hanjh/F1_TENTH_UNITA/install/f1tenth_gym_ros:/home/hanjh/F1_TENTH_UNITA/install/f110_msgs:/home/hanjh/F1_TENTH_UNITA/install/controller:/home/hanjh/F1_TENTH_UNITA/install/ackermann_mux:/home/hanjh/ros2_ws/install/tutorial_topic:/home/hanjh/ros2_ws/install/tutorial_service:/home/hanjh/ros2_ws/install/tutorial_action:/home/hanjh/ros2_ws/install/node_exercise:/home/hanjh/ros2_ws/install/my_package:/home/hanjh/ros2_ws/install/moving_services:/home/hanjh/ros2_ws/install/logger_test:/home/hanjh/ros2_ws/install/elevator_vision:/home/hanjh/ros2_ws/install/ebimu_pkg:/home/hanjh/ros2_ws/install/debug_pkg:/home/hanjh/ros2_ws/install/custom_interface_example:/home/hanjh/ros2_ws/install/custom_interfaces:/home/hanjh/ros2_ws/install/camera_perception_pkg:/opt/ros/humble PYTHONPATH=/home/hanjh/F1_TENTH_UNITA/build/spline_planner/prefix_override:/usr/lib/python3/dist-packages/colcon_core/task/python/colcon_distutils_commands:/home/hanjh/F1_TENTH_UNITA/install/spline_planner/lib/python3.10/site-packages:/home/hanjh/F1_TENTH_UNITA/build/frenet_conversion:/home/hanjh/F1_TENTH_UNITA/install/frenet_conversion/lib/python3.10/site-packages:/home/hanjh/F1_TENTH_UNITA/build/f1tenth_stack:/home/hanjh/F1_TENTH_UNITA/install/f1tenth_stack/lib/python3.10/site-packages:/home/hanjh/F1_TENTH_UNITA/install/vesc_msgs/local/lib/python3.10/dist-packages:/home/hanjh/F1_TENTH_UNITA/build/joy_teleop:/home/hanjh/F1_TENTH_UNITA/install/joy_teleop/lib/python3.10/site-packages:/home/hanjh/F1_TENTH_UNITA/install/teleop_tools_msgs/local/lib/python3.10/dist-packages:/home/hanjh/F1_TENTH_UNITA/build/steering_lookup:/home/hanjh/F1_TENTH_UNITA/install/steering_lookup/lib/python3.10/site-packages:/home/hanjh/F1_TENTH_UNITA/build/state_machine:/home/hanjh/F1_TENTH_UNITA/install/state_machine/lib/python3.10/site-packages:/home/hanjh/F1_TENTH_UNITA/build/slam_tuner:/home/hanjh/F1_TENTH_UNITA/install/slam_tuner/lib/python3.10/site-packages:/home/hanjh/F1_TENTH_UNITA/build/state_estimation:/home/hanjh/F1_TENTH_UNITA/install/state_estimation/lib/python3.10/site-packages:/home/hanjh/F1_TENTH_UNITA/build/map_editor:/home/hanjh/F1_TENTH_UNITA/install/map_editor/lib/python3.10/site-packages:/home/hanjh/F1_TENTH_UNITA/build/stack_master:/home/hanjh/F1_TENTH_UNITA/install/stack_master/lib/python3.10/site-packages:/home/hanjh/F1_TENTH_UNITA/build/spline_planner:/home/hanjh/F1_TENTH_UNITA/install/spline_planner/lib/python3.10/site-packages:/home/hanjh/F1_TENTH_UNITA/build/sector_tuner:/home/hanjh/F1_TENTH_UNITA/install/sector_tuner/lib/python3.10/site-packages:/home/hanjh/F1_TENTH_UNITA/build/perception:/home/hanjh/F1_TENTH_UNITA/install/perception/lib/python3.10/site-packages:/home/hanjh/F1_TENTH_UNITA/build/opponent_publisher:/home/hanjh/F1_TENTH_UNITA/install/opponent_publisher/lib/python3.10/site-packages:/home/hanjh/F1_TENTH_UNITA/build/mouse_teleop:/home/hanjh/F1_TENTH_UNITA/install/mouse_teleop/lib/python3.10/site-packages:/home/hanjh/F1_TENTH_UNITA/build/lap_analyser:/home/hanjh/F1_TENTH_UNITA/install/lap_analyser/lib/python3.10/site-packages:/home/hanjh/F1_TENTH_UNITA/build/key_teleop:/home/hanjh/F1_TENTH_UNITA/install/key_teleop/lib/python3.10/site-packages:/home/hanjh/F1_TENTH_UNITA/build/id_controller:/home/hanjh/F1_TENTH_UNITA/install/id_controller/lib/python3.10/site-packages:/home/hanjh/F1_TENTH_UNITA/build/global_planner:/home/hanjh/F1_TENTH_UNITA/install/global_planner/lib/python3.10/site-packages:/home/hanjh/F1_TENTH_UNITA/build/frenet_odom_republisher:/home/hanjh/F1_TENTH_UNITA/install/frenet_odom_republisher/lib/python3.10/site-packages:/home/hanjh/F1_TENTH_UNITA/build/f1tenth_gym_ros:/home/hanjh/F1_TENTH_UNITA/install/f1tenth_gym_ros/lib/python3.10/site-packages:/home/hanjh/F1_TENTH_UNITA/install/f110_msgs/local/lib/python3.10/dist-packages:/home/hanjh/F1_TENTH_UNITA/build/controller:/home/hanjh/F1_TENTH_UNITA/install/controller/lib/python3.10/site-packages:/home/hanjh/ros2_ws/build/tutorial_topic:/home/hanjh/ros2_ws/install/tutorial_topic/lib/python3.10/site-packages:/home/hanjh/ros2_ws/build/tutorial_service:/home/hanjh/ros2_ws/install/tutorial_service/lib/python3.10/site-packages:/home/hanjh/ros2_ws/build/tutorial_action:/home/hanjh/ros2_ws/install/tutorial_action/lib/python3.10/site-packages:/home/hanjh/ros2_ws/build/node_exercise:/home/hanjh/ros2_ws/install/node_exercise/lib/python3.10/site-packages:/home/hanjh/ros2_ws/build/my_package:/home/hanjh/ros2_ws/install/my_package/lib/python3.10/site-packages:/home/hanjh/ros2_ws/build/moving_services:/home/hanjh/ros2_ws/install/moving_services/lib/python3.10/site-packages:/home/hanjh/ros2_ws/build/logger_test:/home/hanjh/ros2_ws/install/logger_test/lib/python3.10/site-packages:/home/hanjh/ros2_ws/build/elevator_vision:/home/hanjh/ros2_ws/install/elevator_vision/lib/python3.10/site-packages:/home/hanjh/ros2_ws/build/ebimu_pkg:/home/hanjh/ros2_ws/install/ebimu_pkg/lib/python3.10/site-packages:/home/hanjh/ros2_ws/build/debug_pkg:/home/hanjh/ros2_ws/install/debug_pkg/lib/python3.10/site-packages:/home/hanjh/ros2_ws/build/custom_interface_example:/home/hanjh/ros2_ws/install/custom_interface_example/lib/python3.10/site-packages:/home/hanjh/ros2_ws/install/custom_interfaces/local/lib/python3.10/dist-packages:/home/hanjh/ros2_ws/build/camera_perception_pkg:/home/hanjh/ros2_ws/install/camera_perception_pkg/lib/python3.10/site-packages:/opt/ros/humble/lib/python3.10/site-packages:/opt/ros/humble/local/lib/python3.10/dist-packages /usr/bin/python3 -W ignore:setup.py install is deprecated -W ignore:easy_install command is deprecated setup.py develop --editable --build-directory /home/hanjh/F1_TENTH_UNITA/build/spline_planner/build --no-deps symlink_data
[26.005s] INFO:colcon.colcon_core.shell:Creating environment descriptor '/home/hanjh/F1_TENTH_UNITA/build/spline_planner/share/spline_planner/hook/pythonpath_develop.dsv'
[26.006s] INFO:colcon.colcon_core.shell:Creating environment hook '/home/hanjh/F1_TENTH_UNITA/build/spline_planner/share/spline_planner/hook/pythonpath_develop.sh'
[26.008s] Level 1:colcon.colcon_core.environment:checking '/home/hanjh/F1_TENTH_UNITA/install/spline_planner' for CMake module files
[26.009s] Level 1:colcon.colcon_core.environment:checking '/home/hanjh/F1_TENTH_UNITA/install/spline_planner' for CMake config files
[26.011s] Level 1:colcon.colcon_core.environment:checking '/home/hanjh/F1_TENTH_UNITA/install/spline_planner/lib'
[26.011s] Level 1:colcon.colcon_core.environment:checking '/home/hanjh/F1_TENTH_UNITA/install/spline_planner/bin'
[26.012s] Level 1:colcon.colcon_core.environment:checking '/home/hanjh/F1_TENTH_UNITA/install/spline_planner/lib/pkgconfig/spline_planner.pc'
[26.012s] Level 1:colcon.colcon_core.environment:checking '/home/hanjh/F1_TENTH_UNITA/install/spline_planner/lib/python3.10/site-packages'
[26.013s] Level 1:colcon.colcon_core.shell:create_environment_hook('spline_planner', 'pythonpath')
[26.013s] INFO:colcon.colcon_core.shell:Creating environment hook '/home/hanjh/F1_TENTH_UNITA/install/spline_planner/share/spline_planner/hook/pythonpath.ps1'
[26.015s] INFO:colcon.colcon_core.shell:Creating environment descriptor '/home/hanjh/F1_TENTH_UNITA/install/spline_planner/share/spline_planner/hook/pythonpath.dsv'
[26.016s] INFO:colcon.colcon_core.shell:Creating environment hook '/home/hanjh/F1_TENTH_UNITA/install/spline_planner/share/spline_planner/hook/pythonpath.sh'
[26.018s] Level 1:colcon.colcon_core.environment:checking '/home/hanjh/F1_TENTH_UNITA/install/spline_planner/bin'
[26.018s] Level 1:colcon.colcon_core.environment:create_environment_scripts_only(spline_planner)
[26.019s] INFO:colcon.colcon_core.shell:Creating package script '/home/hanjh/F1_TENTH_UNITA/install/spline_planner/share/spline_planner/package.ps1'
[26.021s] INFO:colcon.colcon_core.shell:Creating package descriptor '/home/hanjh/F1_TENTH_UNITA/install/spline_planner/share/spline_planner/package.dsv'
[26.023s] INFO:colcon.colcon_core.shell:Creating package script '/home/hanjh/F1_TENTH_UNITA/install/spline_planner/share/spline_planner/package.sh'
[26.024s] INFO:colcon.colcon_core.shell:Creating package script '/home/hanjh/F1_TENTH_UNITA/install/spline_planner/share/spline_planner/package.bash'
[26.025s] INFO:colcon.colcon_core.shell:Creating package script '/home/hanjh/F1_TENTH_UNITA/install/spline_planner/share/spline_planner/package.zsh'
[26.027s] Level 1:colcon.colcon_core.environment:create_file_with_runtime_dependencies(/home/hanjh/F1_TENTH_UNITA/install/spline_planner/share/colcon-core/packages/spline_planner)
[26.705s] Level 1:colcon.colcon_core.shell:create_environment_hook('joy_teleop', 'pythonpath_develop')
[26.706s] INFO:colcon.colcon_core.shell:Creating environment hook '/home/hanjh/F1_TENTH_UNITA/build/joy_teleop/share/joy_teleop/hook/pythonpath_develop.ps1'
[26.707s] DEBUG:colcon.colcon_core.event_handler.log_command:Invoked command in '/home/hanjh/F1_TENTH_UNITA/build/joy_teleop' returned '0': CMAKE_PREFIX_PATH=/home/hanjh/F1_TENTH_UNITA/install/teleop_tools_msgs:/home/hanjh/F1_TENTH_UNITA/install/vesc:/home/hanjh/F1_TENTH_UNITA/install/vesc_driver:/home/hanjh/F1_TENTH_UNITA/install/vesc_ackermann:/home/hanjh/F1_TENTH_UNITA/install/vesc_msgs:/home/hanjh/F1_TENTH_UNITA/install/teleop_tools:/home/hanjh/F1_TENTH_UNITA/install/f110_msgs:/home/hanjh/F1_TENTH_UNITA/install/ackermann_mux:/home/hanjh/ros2_ws/install/custom_interfaces LD_LIBRARY_PATH=/home/hanjh/F1_TENTH_UNITA/install/teleop_tools_msgs/lib:/home/hanjh/F1_TENTH_UNITA/install/vesc_driver/lib:/home/hanjh/F1_TENTH_UNITA/install/vesc_ackermann/lib:/home/hanjh/F1_TENTH_UNITA/install/vesc_msgs/lib:/home/hanjh/F1_TENTH_UNITA/install/f110_msgs/lib:/home/hanjh/ros2_ws/install/custom_interfaces/lib:/usr/lib/x86_64-linux-gnu/gazebo-11/plugins:/opt/ros/humble/opt/rviz_ogre_vendor/lib:/opt/ros/humble/lib/x86_64-linux-gnu:/opt/ros/humble/lib PYTHONPATH=/home/hanjh/F1_TENTH_UNITA/build/joy_teleop/prefix_override:/usr/lib/python3/dist-packages/colcon_core/task/python/colcon_distutils_commands:/home/hanjh/F1_TENTH_UNITA/install/joy_teleop/lib/python3.10/site-packages:${PYTHONPATH} /usr/bin/python3 -W ignore:setup.py install is deprecated -W ignore:easy_install command is deprecated setup.py develop --editable --build-directory /home/hanjh/F1_TENTH_UNITA/build/joy_teleop/build --no-deps symlink_data
[26.709s] INFO:colcon.colcon_core.shell:Creating environment descriptor '/home/hanjh/F1_TENTH_UNITA/build/joy_teleop/share/joy_teleop/hook/pythonpath_develop.dsv'
[26.710s] INFO:colcon.colcon_core.shell:Creating environment hook '/home/hanjh/F1_TENTH_UNITA/build/joy_teleop/share/joy_teleop/hook/pythonpath_develop.sh'
[26.711s] Level 1:colcon.colcon_core.environment:checking '/home/hanjh/F1_TENTH_UNITA/install/joy_teleop' for CMake module files
[26.713s] Level 1:colcon.colcon_core.environment:checking '/home/hanjh/F1_TENTH_UNITA/install/joy_teleop' for CMake config files
[26.714s] Level 1:colcon.colcon_core.environment:checking '/home/hanjh/F1_TENTH_UNITA/install/joy_teleop/lib'
[26.714s] Level 1:colcon.colcon_core.environment:checking '/home/hanjh/F1_TENTH_UNITA/install/joy_teleop/bin'
[26.715s] Level 1:colcon.colcon_core.environment:checking '/home/hanjh/F1_TENTH_UNITA/install/joy_teleop/lib/pkgconfig/joy_teleop.pc'
[26.715s] Level 1:colcon.colcon_core.environment:checking '/home/hanjh/F1_TENTH_UNITA/install/joy_teleop/lib/python3.10/site-packages'
[26.716s] Level 1:colcon.colcon_core.shell:create_environment_hook('joy_teleop', 'pythonpath')
[26.717s] INFO:colcon.colcon_core.shell:Creating environment hook '/home/hanjh/F1_TENTH_UNITA/install/joy_teleop/share/joy_teleop/hook/pythonpath.ps1'
[26.718s] INFO:colcon.colcon_core.shell:Creating environment descriptor '/home/hanjh/F1_TENTH_UNITA/install/joy_teleop/share/joy_teleop/hook/pythonpath.dsv'
[26.719s] INFO:colcon.colcon_core.shell:Creating environment hook '/home/hanjh/F1_TENTH_UNITA/install/joy_teleop/share/joy_teleop/hook/pythonpath.sh'
[26.721s] Level 1:colcon.colcon_core.environment:checking '/home/hanjh/F1_TENTH_UNITA/install/joy_teleop/bin'
[26.722s] Level 1:colcon.colcon_core.environment:create_environment_scripts_only(joy_teleop)
[26.723s] INFO:colcon.colcon_core.shell:Creating package script '/home/hanjh/F1_TENTH_UNITA/install/joy_teleop/share/joy_teleop/package.ps1'
[26.724s] INFO:colcon.colcon_core.shell:Creating package descriptor '/home/hanjh/F1_TENTH_UNITA/install/joy_teleop/share/joy_teleop/package.dsv'
[26.725s] INFO:colcon.colcon_core.shell:Creating package script '/home/hanjh/F1_TENTH_UNITA/install/joy_teleop/share/joy_teleop/package.sh'
[26.727s] INFO:colcon.colcon_core.shell:Creating package script '/home/hanjh/F1_TENTH_UNITA/install/joy_teleop/share/joy_teleop/package.bash'
[26.728s] INFO:colcon.colcon_core.shell:Creating package script '/home/hanjh/F1_TENTH_UNITA/install/joy_teleop/share/joy_teleop/package.zsh'
[26.729s] Level 1:colcon.colcon_core.environment:create_file_with_runtime_dependencies(/home/hanjh/F1_TENTH_UNITA/install/joy_teleop/share/colcon-core/packages/joy_teleop)
[26.730s] INFO:colcon.colcon_ros.task.ament_cmake.build:Building ROS package in '/home/hanjh/F1_TENTH_UNITA/src/race_stack/base_system/f1tenth_system/teleop_tools/teleop_tools' with build type 'ament_cmake'
[26.730s] INFO:colcon.colcon_cmake.task.cmake.build:Building CMake package in '/home/hanjh/F1_TENTH_UNITA/src/race_stack/base_system/f1tenth_system/teleop_tools/teleop_tools'
[26.731s] INFO:colcon.colcon_core.shell:Skip shell extension 'powershell' for command environment: Not usable outside of PowerShell
[26.731s] DEBUG:colcon.colcon_core.shell:Skip shell extension 'dsv' for command environment
[26.775s] DEBUG:colcon.colcon_core.event_handler.log_command:Invoking command in '/home/hanjh/F1_TENTH_UNITA/build/teleop_tools': AMENT_PREFIX_PATH=/home/hanjh/F1_TENTH_UNITA/install/joy_teleop:/home/hanjh/F1_TENTH_UNITA/install/key_teleop:/home/hanjh/F1_TENTH_UNITA/install/f1tenth_stack:/home/hanjh/F1_TENTH_UNITA/install/vesc:/home/hanjh/F1_TENTH_UNITA/install/vesc_driver:/home/hanjh/F1_TENTH_UNITA/install/vesc_ackermann:/home/hanjh/F1_TENTH_UNITA/install/vesc_msgs:/home/hanjh/F1_TENTH_UNITA/install/teleop_tools:/home/hanjh/F1_TENTH_UNITA/install/teleop_tools_msgs:/home/hanjh/F1_TENTH_UNITA/install/steering_lookup:/home/hanjh/F1_TENTH_UNITA/install/state_machine:/home/hanjh/F1_TENTH_UNITA/install/slam_tuner:/home/hanjh/F1_TENTH_UNITA/install/state_estimation:/home/hanjh/F1_TENTH_UNITA/install/map_editor:/home/hanjh/F1_TENTH_UNITA/install/stack_master:/home/hanjh/F1_TENTH_UNITA/install/spline_planner:/home/hanjh/F1_TENTH_UNITA/install/sector_tuner:/home/hanjh/F1_TENTH_UNITA/install/perception:/home/hanjh/F1_TENTH_UNITA/install/opponent_publisher:/home/hanjh/F1_TENTH_UNITA/install/mouse_teleop:/home/hanjh/F1_TENTH_UNITA/install/lap_analyser:/home/hanjh/F1_TENTH_UNITA/install/id_controller:/home/hanjh/F1_TENTH_UNITA/install/global_planner:/home/hanjh/F1_TENTH_UNITA/install/frenet_odom_republisher:/home/hanjh/F1_TENTH_UNITA/install/frenet_conversion:/home/hanjh/F1_TENTH_UNITA/install/f1tenth_gym_ros:/home/hanjh/F1_TENTH_UNITA/install/f110_msgs:/home/hanjh/F1_TENTH_UNITA/install/controller:/home/hanjh/F1_TENTH_UNITA/install/ackermann_mux:/home/hanjh/ros2_ws/install/tutorial_topic:/home/hanjh/ros2_ws/install/tutorial_service:/home/hanjh/ros2_ws/install/tutorial_action:/home/hanjh/ros2_ws/install/node_exercise:/home/hanjh/ros2_ws/install/my_package:/home/hanjh/ros2_ws/install/moving_services:/home/hanjh/ros2_ws/install/logger_test:/home/hanjh/ros2_ws/install/elevator_vision:/home/hanjh/ros2_ws/install/ebimu_pkg:/home/hanjh/ros2_ws/install/debug_pkg:/home/hanjh/ros2_ws/install/custom_interface_example:/home/hanjh/ros2_ws/install/custom_interfaces:/home/hanjh/ros2_ws/install/camera_perception_pkg:/opt/ros/humble CMAKE_PREFIX_PATH=/home/hanjh/F1_TENTH_UNITA/install/teleop_tools_msgs:/home/hanjh/F1_TENTH_UNITA/install/vesc:/home/hanjh/F1_TENTH_UNITA/install/vesc_driver:/home/hanjh/F1_TENTH_UNITA/install/vesc_ackermann:/home/hanjh/F1_TENTH_UNITA/install/vesc_msgs:/home/hanjh/F1_TENTH_UNITA/install/teleop_tools:/home/hanjh/F1_TENTH_UNITA/install/f110_msgs:/home/hanjh/F1_TENTH_UNITA/install/ackermann_mux:/home/hanjh/ros2_ws/install/custom_interfaces:/home/hanjh/F1_TENTH_UNITA/install/f1tenth_stack:/home/hanjh/F1_TENTH_UNITA/install/joy_teleop:/home/hanjh/F1_TENTH_UNITA/install/steering_lookup:/home/hanjh/F1_TENTH_UNITA/install/state_machine:/home/hanjh/F1_TENTH_UNITA/install/slam_tuner:/home/hanjh/F1_TENTH_UNITA/install/state_estimation:/home/hanjh/F1_TENTH_UNITA/install/map_editor:/home/hanjh/F1_TENTH_UNITA/install/stack_master:/home/hanjh/F1_TENTH_UNITA/install/spline_planner:/home/hanjh/F1_TENTH_UNITA/install/sector_tuner:/home/hanjh/F1_TENTH_UNITA/install/perception:/home/hanjh/F1_TENTH_UNITA/install/opponent_publisher:/home/hanjh/F1_TENTH_UNITA/install/mouse_teleop:/home/hanjh/F1_TENTH_UNITA/install/lap_analyser:/home/hanjh/F1_TENTH_UNITA/install/key_teleop:/home/hanjh/F1_TENTH_UNITA/install/id_controller:/home/hanjh/F1_TENTH_UNITA/install/global_planner:/home/hanjh/F1_TENTH_UNITA/install/frenet_odom_republisher:/home/hanjh/F1_TENTH_UNITA/install/frenet_conversion:/home/hanjh/F1_TENTH_UNITA/install/f1tenth_gym_ros:/home/hanjh/F1_TENTH_UNITA/install/controller:/home/hanjh/ros2_ws/install/tutorial_topic:/home/hanjh/ros2_ws/install/tutorial_service:/home/hanjh/ros2_ws/install/tutorial_action:/home/hanjh/ros2_ws/install/node_exercise:/home/hanjh/ros2_ws/install/my_package:/home/hanjh/ros2_ws/install/moving_services:/home/hanjh/ros2_ws/install/logger_test:/home/hanjh/ros2_ws/install/elevator_vision:/home/hanjh/ros2_ws/install/ebimu_pkg:/home/hanjh/ros2_ws/install/debug_pkg:/home/hanjh/ros2_ws/install/custom_interface_example:/home/hanjh/ros2_ws/install/camera_perception_pkg:/opt/ros/humble LD_LIBRARY_PATH=/home/hanjh/F1_TENTH_UNITA/install/teleop_tools_msgs/lib:/home/hanjh/F1_TENTH_UNITA/install/vesc_driver/lib:/home/hanjh/F1_TENTH_UNITA/install/vesc_ackermann/lib:/home/hanjh/F1_TENTH_UNITA/install/vesc_msgs/lib:/home/hanjh/F1_TENTH_UNITA/install/f110_msgs/lib:/home/hanjh/ros2_ws/install/custom_interfaces/lib:/usr/lib/x86_64-linux-gnu/gazebo-11/plugins:/opt/ros/humble/opt/rviz_ogre_vendor/lib:/opt/ros/humble/lib/x86_64-linux-gnu:/opt/ros/humble/lib PYTHONPATH=/home/hanjh/F1_TENTH_UNITA/build/joy_teleop:/home/hanjh/F1_TENTH_UNITA/install/joy_teleop/lib/python3.10/site-packages:/home/hanjh/F1_TENTH_UNITA/build/key_teleop:/home/hanjh/F1_TENTH_UNITA/install/key_teleop/lib/python3.10/site-packages:/home/hanjh/F1_TENTH_UNITA/build/f1tenth_stack:/home/hanjh/F1_TENTH_UNITA/install/f1tenth_stack/lib/python3.10/site-packages:/home/hanjh/F1_TENTH_UNITA/install/vesc_msgs/local/lib/python3.10/dist-packages:/home/hanjh/F1_TENTH_UNITA/install/teleop_tools_msgs/local/lib/python3.10/dist-packages:/home/hanjh/F1_TENTH_UNITA/build/steering_lookup:/home/hanjh/F1_TENTH_UNITA/install/steering_lookup/lib/python3.10/site-packages:/home/hanjh/F1_TENTH_UNITA/build/state_machine:/home/hanjh/F1_TENTH_UNITA/install/state_machine/lib/python3.10/site-packages:/home/hanjh/F1_TENTH_UNITA/build/slam_tuner:/home/hanjh/F1_TENTH_UNITA/install/slam_tuner/lib/python3.10/site-packages:/home/hanjh/F1_TENTH_UNITA/build/state_estimation:/home/hanjh/F1_TENTH_UNITA/install/state_estimation/lib/python3.10/site-packages:/home/hanjh/F1_TENTH_UNITA/build/map_editor:/home/hanjh/F1_TENTH_UNITA/install/map_editor/lib/python3.10/site-packages:/home/hanjh/F1_TENTH_UNITA/build/stack_master:/home/hanjh/F1_TENTH_UNITA/install/stack_master/lib/python3.10/site-packages:/home/hanjh/F1_TENTH_UNITA/build/spline_planner:/home/hanjh/F1_TENTH_UNITA/install/spline_planner/lib/python3.10/site-packages:/home/hanjh/F1_TENTH_UNITA/build/sector_tuner:/home/hanjh/F1_TENTH_UNITA/install/sector_tuner/lib/python3.10/site-packages:/home/hanjh/F1_TENTH_UNITA/build/perception:/home/hanjh/F1_TENTH_UNITA/install/perception/lib/python3.10/site-packages:/home/hanjh/F1_TENTH_UNITA/build/opponent_publisher:/home/hanjh/F1_TENTH_UNITA/install/opponent_publisher/lib/python3.10/site-packages:/home/hanjh/F1_TENTH_UNITA/build/mouse_teleop:/home/hanjh/F1_TENTH_UNITA/install/mouse_teleop/lib/python3.10/site-packages:/home/hanjh/F1_TENTH_UNITA/build/lap_analyser:/home/hanjh/F1_TENTH_UNITA/install/lap_analyser/lib/python3.10/site-packages:/home/hanjh/F1_TENTH_UNITA/build/id_controller:/home/hanjh/F1_TENTH_UNITA/install/id_controller/lib/python3.10/site-packages:/home/hanjh/F1_TENTH_UNITA/build/global_planner:/home/hanjh/F1_TENTH_UNITA/install/global_planner/lib/python3.10/site-packages:/home/hanjh/F1_TENTH_UNITA/build/frenet_odom_republisher:/home/hanjh/F1_TENTH_UNITA/install/frenet_odom_republisher/lib/python3.10/site-packages:/home/hanjh/F1_TENTH_UNITA/build/frenet_conversion:/home/hanjh/F1_TENTH_UNITA/install/frenet_conversion/lib/python3.10/site-packages:/home/hanjh/F1_TENTH_UNITA/build/f1tenth_gym_ros:/home/hanjh/F1_TENTH_UNITA/install/f1tenth_gym_ros/lib/python3.10/site-packages:/home/hanjh/F1_TENTH_UNITA/install/f110_msgs/local/lib/python3.10/dist-packages:/home/hanjh/F1_TENTH_UNITA/build/controller:/home/hanjh/F1_TENTH_UNITA/install/controller/lib/python3.10/site-packages:/home/hanjh/ros2_ws/build/tutorial_topic:/home/hanjh/ros2_ws/install/tutorial_topic/lib/python3.10/site-packages:/home/hanjh/ros2_ws/build/tutorial_service:/home/hanjh/ros2_ws/install/tutorial_service/lib/python3.10/site-packages:/home/hanjh/ros2_ws/build/tutorial_action:/home/hanjh/ros2_ws/install/tutorial_action/lib/python3.10/site-packages:/home/hanjh/ros2_ws/build/node_exercise:/home/hanjh/ros2_ws/install/node_exercise/lib/python3.10/site-packages:/home/hanjh/ros2_ws/build/my_package:/home/hanjh/ros2_ws/install/my_package/lib/python3.10/site-packages:/home/hanjh/ros2_ws/build/moving_services:/home/hanjh/ros2_ws/install/moving_services/lib/python3.10/site-packages:/home/hanjh/ros2_ws/build/logger_test:/home/hanjh/ros2_ws/install/logger_test/lib/python3.10/site-packages:/home/hanjh/ros2_ws/build/elevator_vision:/home/hanjh/ros2_ws/install/elevator_vision/lib/python3.10/site-packages:/home/hanjh/ros2_ws/build/ebimu_pkg:/home/hanjh/ros2_ws/install/ebimu_pkg/lib/python3.10/site-packages:/home/hanjh/ros2_ws/build/debug_pkg:/home/hanjh/ros2_ws/install/debug_pkg/lib/python3.10/site-packages:/home/hanjh/ros2_ws/build/custom_interface_example:/home/hanjh/ros2_ws/install/custom_interface_example/lib/python3.10/site-packages:/home/hanjh/ros2_ws/install/custom_interfaces/local/lib/python3.10/dist-packages:/home/hanjh/ros2_ws/build/camera_perception_pkg:/home/hanjh/ros2_ws/install/camera_perception_pkg/lib/python3.10/site-packages:/opt/ros/humble/lib/python3.10/site-packages:/opt/ros/humble/local/lib/python3.10/dist-packages /usr/bin/cmake /home/hanjh/F1_TENTH_UNITA/src/race_stack/base_system/f1tenth_system/teleop_tools/teleop_tools -DAMENT_CMAKE_SYMLINK_INSTALL=1 -DCMAKE_INSTALL_PREFIX=/home/hanjh/F1_TENTH_UNITA/install/teleop_tools
[27.875s] DEBUG:colcon.colcon_core.event_handler.log_command:Invoked command in '/home/hanjh/F1_TENTH_UNITA/build/teleop_tools' returned '0': AMENT_PREFIX_PATH=/home/hanjh/F1_TENTH_UNITA/install/joy_teleop:/home/hanjh/F1_TENTH_UNITA/install/key_teleop:/home/hanjh/F1_TENTH_UNITA/install/f1tenth_stack:/home/hanjh/F1_TENTH_UNITA/install/vesc:/home/hanjh/F1_TENTH_UNITA/install/vesc_driver:/home/hanjh/F1_TENTH_UNITA/install/vesc_ackermann:/home/hanjh/F1_TENTH_UNITA/install/vesc_msgs:/home/hanjh/F1_TENTH_UNITA/install/teleop_tools:/home/hanjh/F1_TENTH_UNITA/install/teleop_tools_msgs:/home/hanjh/F1_TENTH_UNITA/install/steering_lookup:/home/hanjh/F1_TENTH_UNITA/install/state_machine:/home/hanjh/F1_TENTH_UNITA/install/slam_tuner:/home/hanjh/F1_TENTH_UNITA/install/state_estimation:/home/hanjh/F1_TENTH_UNITA/install/map_editor:/home/hanjh/F1_TENTH_UNITA/install/stack_master:/home/hanjh/F1_TENTH_UNITA/install/spline_planner:/home/hanjh/F1_TENTH_UNITA/install/sector_tuner:/home/hanjh/F1_TENTH_UNITA/install/perception:/home/hanjh/F1_TENTH_UNITA/install/opponent_publisher:/home/hanjh/F1_TENTH_UNITA/install/mouse_teleop:/home/hanjh/F1_TENTH_UNITA/install/lap_analyser:/home/hanjh/F1_TENTH_UNITA/install/id_controller:/home/hanjh/F1_TENTH_UNITA/install/global_planner:/home/hanjh/F1_TENTH_UNITA/install/frenet_odom_republisher:/home/hanjh/F1_TENTH_UNITA/install/frenet_conversion:/home/hanjh/F1_TENTH_UNITA/install/f1tenth_gym_ros:/home/hanjh/F1_TENTH_UNITA/install/f110_msgs:/home/hanjh/F1_TENTH_UNITA/install/controller:/home/hanjh/F1_TENTH_UNITA/install/ackermann_mux:/home/hanjh/ros2_ws/install/tutorial_topic:/home/hanjh/ros2_ws/install/tutorial_service:/home/hanjh/ros2_ws/install/tutorial_action:/home/hanjh/ros2_ws/install/node_exercise:/home/hanjh/ros2_ws/install/my_package:/home/hanjh/ros2_ws/install/moving_services:/home/hanjh/ros2_ws/install/logger_test:/home/hanjh/ros2_ws/install/elevator_vision:/home/hanjh/ros2_ws/install/ebimu_pkg:/home/hanjh/ros2_ws/install/debug_pkg:/home/hanjh/ros2_ws/install/custom_interface_example:/home/hanjh/ros2_ws/install/custom_interfaces:/home/hanjh/ros2_ws/install/camera_perception_pkg:/opt/ros/humble CMAKE_PREFIX_PATH=/home/hanjh/F1_TENTH_UNITA/install/teleop_tools_msgs:/home/hanjh/F1_TENTH_UNITA/install/vesc:/home/hanjh/F1_TENTH_UNITA/install/vesc_driver:/home/hanjh/F1_TENTH_UNITA/install/vesc_ackermann:/home/hanjh/F1_TENTH_UNITA/install/vesc_msgs:/home/hanjh/F1_TENTH_UNITA/install/teleop_tools:/home/hanjh/F1_TENTH_UNITA/install/f110_msgs:/home/hanjh/F1_TENTH_UNITA/install/ackermann_mux:/home/hanjh/ros2_ws/install/custom_interfaces:/home/hanjh/F1_TENTH_UNITA/install/f1tenth_stack:/home/hanjh/F1_TENTH_UNITA/install/joy_teleop:/home/hanjh/F1_TENTH_UNITA/install/steering_lookup:/home/hanjh/F1_TENTH_UNITA/install/state_machine:/home/hanjh/F1_TENTH_UNITA/install/slam_tuner:/home/hanjh/F1_TENTH_UNITA/install/state_estimation:/home/hanjh/F1_TENTH_UNITA/install/map_editor:/home/hanjh/F1_TENTH_UNITA/install/stack_master:/home/hanjh/F1_TENTH_UNITA/install/spline_planner:/home/hanjh/F1_TENTH_UNITA/install/sector_tuner:/home/hanjh/F1_TENTH_UNITA/install/perception:/home/hanjh/F1_TENTH_UNITA/install/opponent_publisher:/home/hanjh/F1_TENTH_UNITA/install/mouse_teleop:/home/hanjh/F1_TENTH_UNITA/install/lap_analyser:/home/hanjh/F1_TENTH_UNITA/install/key_teleop:/home/hanjh/F1_TENTH_UNITA/install/id_controller:/home/hanjh/F1_TENTH_UNITA/install/global_planner:/home/hanjh/F1_TENTH_UNITA/install/frenet_odom_republisher:/home/hanjh/F1_TENTH_UNITA/install/frenet_conversion:/home/hanjh/F1_TENTH_UNITA/install/f1tenth_gym_ros:/home/hanjh/F1_TENTH_UNITA/install/controller:/home/hanjh/ros2_ws/install/tutorial_topic:/home/hanjh/ros2_ws/install/tutorial_service:/home/hanjh/ros2_ws/install/tutorial_action:/home/hanjh/ros2_ws/install/node_exercise:/home/hanjh/ros2_ws/install/my_package:/home/hanjh/ros2_ws/install/moving_services:/home/hanjh/ros2_ws/install/logger_test:/home/hanjh/ros2_ws/install/elevator_vision:/home/hanjh/ros2_ws/install/ebimu_pkg:/home/hanjh/ros2_ws/install/debug_pkg:/home/hanjh/ros2_ws/install/custom_interface_example:/home/hanjh/ros2_ws/install/camera_perception_pkg:/opt/ros/humble LD_LIBRARY_PATH=/home/hanjh/F1_TENTH_UNITA/install/teleop_tools_msgs/lib:/home/hanjh/F1_TENTH_UNITA/install/vesc_driver/lib:/home/hanjh/F1_TENTH_UNITA/install/vesc_ackermann/lib:/home/hanjh/F1_TENTH_UNITA/install/vesc_msgs/lib:/home/hanjh/F1_TENTH_UNITA/install/f110_msgs/lib:/home/hanjh/ros2_ws/install/custom_interfaces/lib:/usr/lib/x86_64-linux-gnu/gazebo-11/plugins:/opt/ros/humble/opt/rviz_ogre_vendor/lib:/opt/ros/humble/lib/x86_64-linux-gnu:/opt/ros/humble/lib PYTHONPATH=/home/hanjh/F1_TENTH_UNITA/build/joy_teleop:/home/hanjh/F1_TENTH_UNITA/install/joy_teleop/lib/python3.10/site-packages:/home/hanjh/F1_TENTH_UNITA/build/key_teleop:/home/hanjh/F1_TENTH_UNITA/install/key_teleop/lib/python3.10/site-packages:/home/hanjh/F1_TENTH_UNITA/build/f1tenth_stack:/home/hanjh/F1_TENTH_UNITA/install/f1tenth_stack/lib/python3.10/site-packages:/home/hanjh/F1_TENTH_UNITA/install/vesc_msgs/local/lib/python3.10/dist-packages:/home/hanjh/F1_TENTH_UNITA/install/teleop_tools_msgs/local/lib/python3.10/dist-packages:/home/hanjh/F1_TENTH_UNITA/build/steering_lookup:/home/hanjh/F1_TENTH_UNITA/install/steering_lookup/lib/python3.10/site-packages:/home/hanjh/F1_TENTH_UNITA/build/state_machine:/home/hanjh/F1_TENTH_UNITA/install/state_machine/lib/python3.10/site-packages:/home/hanjh/F1_TENTH_UNITA/build/slam_tuner:/home/hanjh/F1_TENTH_UNITA/install/slam_tuner/lib/python3.10/site-packages:/home/hanjh/F1_TENTH_UNITA/build/state_estimation:/home/hanjh/F1_TENTH_UNITA/install/state_estimation/lib/python3.10/site-packages:/home/hanjh/F1_TENTH_UNITA/build/map_editor:/home/hanjh/F1_TENTH_UNITA/install/map_editor/lib/python3.10/site-packages:/home/hanjh/F1_TENTH_UNITA/build/stack_master:/home/hanjh/F1_TENTH_UNITA/install/stack_master/lib/python3.10/site-packages:/home/hanjh/F1_TENTH_UNITA/build/spline_planner:/home/hanjh/F1_TENTH_UNITA/install/spline_planner/lib/python3.10/site-packages:/home/hanjh/F1_TENTH_UNITA/build/sector_tuner:/home/hanjh/F1_TENTH_UNITA/install/sector_tuner/lib/python3.10/site-packages:/home/hanjh/F1_TENTH_UNITA/build/perception:/home/hanjh/F1_TENTH_UNITA/install/perception/lib/python3.10/site-packages:/home/hanjh/F1_TENTH_UNITA/build/opponent_publisher:/home/hanjh/F1_TENTH_UNITA/install/opponent_publisher/lib/python3.10/site-packages:/home/hanjh/F1_TENTH_UNITA/build/mouse_teleop:/home/hanjh/F1_TENTH_UNITA/install/mouse_teleop/lib/python3.10/site-packages:/home/hanjh/F1_TENTH_UNITA/build/lap_analyser:/home/hanjh/F1_TENTH_UNITA/install/lap_analyser/lib/python3.10/site-packages:/home/hanjh/F1_TENTH_UNITA/build/id_controller:/home/hanjh/F1_TENTH_UNITA/install/id_controller/lib/python3.10/site-packages:/home/hanjh/F1_TENTH_UNITA/build/global_planner:/home/hanjh/F1_TENTH_UNITA/install/global_planner/lib/python3.10/site-packages:/home/hanjh/F1_TENTH_UNITA/build/frenet_odom_republisher:/home/hanjh/F1_TENTH_UNITA/install/frenet_odom_republisher/lib/python3.10/site-packages:/home/hanjh/F1_TENTH_UNITA/build/frenet_conversion:/home/hanjh/F1_TENTH_UNITA/install/frenet_conversion/lib/python3.10/site-packages:/home/hanjh/F1_TENTH_UNITA/build/f1tenth_gym_ros:/home/hanjh/F1_TENTH_UNITA/install/f1tenth_gym_ros/lib/python3.10/site-packages:/home/hanjh/F1_TENTH_UNITA/install/f110_msgs/local/lib/python3.10/dist-packages:/home/hanjh/F1_TENTH_UNITA/build/controller:/home/hanjh/F1_TENTH_UNITA/install/controller/lib/python3.10/site-packages:/home/hanjh/ros2_ws/build/tutorial_topic:/home/hanjh/ros2_ws/install/tutorial_topic/lib/python3.10/site-packages:/home/hanjh/ros2_ws/build/tutorial_service:/home/hanjh/ros2_ws/install/tutorial_service/lib/python3.10/site-packages:/home/hanjh/ros2_ws/build/tutorial_action:/home/hanjh/ros2_ws/install/tutorial_action/lib/python3.10/site-packages:/home/hanjh/ros2_ws/build/node_exercise:/home/hanjh/ros2_ws/install/node_exercise/lib/python3.10/site-packages:/home/hanjh/ros2_ws/build/my_package:/home/hanjh/ros2_ws/install/my_package/lib/python3.10/site-packages:/home/hanjh/ros2_ws/build/moving_services:/home/hanjh/ros2_ws/install/moving_services/lib/python3.10/site-packages:/home/hanjh/ros2_ws/build/logger_test:/home/hanjh/ros2_ws/install/logger_test/lib/python3.10/site-packages:/home/hanjh/ros2_ws/build/elevator_vision:/home/hanjh/ros2_ws/install/elevator_vision/lib/python3.10/site-packages:/home/hanjh/ros2_ws/build/ebimu_pkg:/home/hanjh/ros2_ws/install/ebimu_pkg/lib/python3.10/site-packages:/home/hanjh/ros2_ws/build/debug_pkg:/home/hanjh/ros2_ws/install/debug_pkg/lib/python3.10/site-packages:/home/hanjh/ros2_ws/build/custom_interface_example:/home/hanjh/ros2_ws/install/custom_interface_example/lib/python3.10/site-packages:/home/hanjh/ros2_ws/install/custom_interfaces/local/lib/python3.10/dist-packages:/home/hanjh/ros2_ws/build/camera_perception_pkg:/home/hanjh/ros2_ws/install/camera_perception_pkg/lib/python3.10/site-packages:/opt/ros/humble/lib/python3.10/site-packages:/opt/ros/humble/local/lib/python3.10/dist-packages /usr/bin/cmake /home/hanjh/F1_TENTH_UNITA/src/race_stack/base_system/f1tenth_system/teleop_tools/teleop_tools -DAMENT_CMAKE_SYMLINK_INSTALL=1 -DCMAKE_INSTALL_PREFIX=/home/hanjh/F1_TENTH_UNITA/install/teleop_tools
[27.878s] DEBUG:colcon.colcon_core.event_handler.log_command:Invoking command in '/home/hanjh/F1_TENTH_UNITA/build/teleop_tools': AMENT_PREFIX_PATH=/home/hanjh/F1_TENTH_UNITA/install/joy_teleop:/home/hanjh/F1_TENTH_UNITA/install/key_teleop:/home/hanjh/F1_TENTH_UNITA/install/f1tenth_stack:/home/hanjh/F1_TENTH_UNITA/install/vesc:/home/hanjh/F1_TENTH_UNITA/install/vesc_driver:/home/hanjh/F1_TENTH_UNITA/install/vesc_ackermann:/home/hanjh/F1_TENTH_UNITA/install/vesc_msgs:/home/hanjh/F1_TENTH_UNITA/install/teleop_tools:/home/hanjh/F1_TENTH_UNITA/install/teleop_tools_msgs:/home/hanjh/F1_TENTH_UNITA/install/steering_lookup:/home/hanjh/F1_TENTH_UNITA/install/state_machine:/home/hanjh/F1_TENTH_UNITA/install/slam_tuner:/home/hanjh/F1_TENTH_UNITA/install/state_estimation:/home/hanjh/F1_TENTH_UNITA/install/map_editor:/home/hanjh/F1_TENTH_UNITA/install/stack_master:/home/hanjh/F1_TENTH_UNITA/install/spline_planner:/home/hanjh/F1_TENTH_UNITA/install/sector_tuner:/home/hanjh/F1_TENTH_UNITA/install/perception:/home/hanjh/F1_TENTH_UNITA/install/opponent_publisher:/home/hanjh/F1_TENTH_UNITA/install/mouse_teleop:/home/hanjh/F1_TENTH_UNITA/install/lap_analyser:/home/hanjh/F1_TENTH_UNITA/install/id_controller:/home/hanjh/F1_TENTH_UNITA/install/global_planner:/home/hanjh/F1_TENTH_UNITA/install/frenet_odom_republisher:/home/hanjh/F1_TENTH_UNITA/install/frenet_conversion:/home/hanjh/F1_TENTH_UNITA/install/f1tenth_gym_ros:/home/hanjh/F1_TENTH_UNITA/install/f110_msgs:/home/hanjh/F1_TENTH_UNITA/install/controller:/home/hanjh/F1_TENTH_UNITA/install/ackermann_mux:/home/hanjh/ros2_ws/install/tutorial_topic:/home/hanjh/ros2_ws/install/tutorial_service:/home/hanjh/ros2_ws/install/tutorial_action:/home/hanjh/ros2_ws/install/node_exercise:/home/hanjh/ros2_ws/install/my_package:/home/hanjh/ros2_ws/install/moving_services:/home/hanjh/ros2_ws/install/logger_test:/home/hanjh/ros2_ws/install/elevator_vision:/home/hanjh/ros2_ws/install/ebimu_pkg:/home/hanjh/ros2_ws/install/debug_pkg:/home/hanjh/ros2_ws/install/custom_interface_example:/home/hanjh/ros2_ws/install/custom_interfaces:/home/hanjh/ros2_ws/install/camera_perception_pkg:/opt/ros/humble CMAKE_PREFIX_PATH=/home/hanjh/F1_TENTH_UNITA/install/teleop_tools_msgs:/home/hanjh/F1_TENTH_UNITA/install/vesc:/home/hanjh/F1_TENTH_UNITA/install/vesc_driver:/home/hanjh/F1_TENTH_UNITA/install/vesc_ackermann:/home/hanjh/F1_TENTH_UNITA/install/vesc_msgs:/home/hanjh/F1_TENTH_UNITA/install/teleop_tools:/home/hanjh/F1_TENTH_UNITA/install/f110_msgs:/home/hanjh/F1_TENTH_UNITA/install/ackermann_mux:/home/hanjh/ros2_ws/install/custom_interfaces:/home/hanjh/F1_TENTH_UNITA/install/f1tenth_stack:/home/hanjh/F1_TENTH_UNITA/install/joy_teleop:/home/hanjh/F1_TENTH_UNITA/install/steering_lookup:/home/hanjh/F1_TENTH_UNITA/install/state_machine:/home/hanjh/F1_TENTH_UNITA/install/slam_tuner:/home/hanjh/F1_TENTH_UNITA/install/state_estimation:/home/hanjh/F1_TENTH_UNITA/install/map_editor:/home/hanjh/F1_TENTH_UNITA/install/stack_master:/home/hanjh/F1_TENTH_UNITA/install/spline_planner:/home/hanjh/F1_TENTH_UNITA/install/sector_tuner:/home/hanjh/F1_TENTH_UNITA/install/perception:/home/hanjh/F1_TENTH_UNITA/install/opponent_publisher:/home/hanjh/F1_TENTH_UNITA/install/mouse_teleop:/home/hanjh/F1_TENTH_UNITA/install/lap_analyser:/home/hanjh/F1_TENTH_UNITA/install/key_teleop:/home/hanjh/F1_TENTH_UNITA/install/id_controller:/home/hanjh/F1_TENTH_UNITA/install/global_planner:/home/hanjh/F1_TENTH_UNITA/install/frenet_odom_republisher:/home/hanjh/F1_TENTH_UNITA/install/frenet_conversion:/home/hanjh/F1_TENTH_UNITA/install/f1tenth_gym_ros:/home/hanjh/F1_TENTH_UNITA/install/controller:/home/hanjh/ros2_ws/install/tutorial_topic:/home/hanjh/ros2_ws/install/tutorial_service:/home/hanjh/ros2_ws/install/tutorial_action:/home/hanjh/ros2_ws/install/node_exercise:/home/hanjh/ros2_ws/install/my_package:/home/hanjh/ros2_ws/install/moving_services:/home/hanjh/ros2_ws/install/logger_test:/home/hanjh/ros2_ws/install/elevator_vision:/home/hanjh/ros2_ws/install/ebimu_pkg:/home/hanjh/ros2_ws/install/debug_pkg:/home/hanjh/ros2_ws/install/custom_interface_example:/home/hanjh/ros2_ws/install/camera_perception_pkg:/opt/ros/humble LD_LIBRARY_PATH=/home/hanjh/F1_TENTH_UNITA/install/teleop_tools_msgs/lib:/home/hanjh/F1_TENTH_UNITA/install/vesc_driver/lib:/home/hanjh/F1_TENTH_UNITA/install/vesc_ackermann/lib:/home/hanjh/F1_TENTH_UNITA/install/vesc_msgs/lib:/home/hanjh/F1_TENTH_UNITA/install/f110_msgs/lib:/home/hanjh/ros2_ws/install/custom_interfaces/lib:/usr/lib/x86_64-linux-gnu/gazebo-11/plugins:/opt/ros/humble/opt/rviz_ogre_vendor/lib:/opt/ros/humble/lib/x86_64-linux-gnu:/opt/ros/humble/lib PYTHONPATH=/home/hanjh/F1_TENTH_UNITA/build/joy_teleop:/home/hanjh/F1_TENTH_UNITA/install/joy_teleop/lib/python3.10/site-packages:/home/hanjh/F1_TENTH_UNITA/build/key_teleop:/home/hanjh/F1_TENTH_UNITA/install/key_teleop/lib/python3.10/site-packages:/home/hanjh/F1_TENTH_UNITA/build/f1tenth_stack:/home/hanjh/F1_TENTH_UNITA/install/f1tenth_stack/lib/python3.10/site-packages:/home/hanjh/F1_TENTH_UNITA/install/vesc_msgs/local/lib/python3.10/dist-packages:/home/hanjh/F1_TENTH_UNITA/install/teleop_tools_msgs/local/lib/python3.10/dist-packages:/home/hanjh/F1_TENTH_UNITA/build/steering_lookup:/home/hanjh/F1_TENTH_UNITA/install/steering_lookup/lib/python3.10/site-packages:/home/hanjh/F1_TENTH_UNITA/build/state_machine:/home/hanjh/F1_TENTH_UNITA/install/state_machine/lib/python3.10/site-packages:/home/hanjh/F1_TENTH_UNITA/build/slam_tuner:/home/hanjh/F1_TENTH_UNITA/install/slam_tuner/lib/python3.10/site-packages:/home/hanjh/F1_TENTH_UNITA/build/state_estimation:/home/hanjh/F1_TENTH_UNITA/install/state_estimation/lib/python3.10/site-packages:/home/hanjh/F1_TENTH_UNITA/build/map_editor:/home/hanjh/F1_TENTH_UNITA/install/map_editor/lib/python3.10/site-packages:/home/hanjh/F1_TENTH_UNITA/build/stack_master:/home/hanjh/F1_TENTH_UNITA/install/stack_master/lib/python3.10/site-packages:/home/hanjh/F1_TENTH_UNITA/build/spline_planner:/home/hanjh/F1_TENTH_UNITA/install/spline_planner/lib/python3.10/site-packages:/home/hanjh/F1_TENTH_UNITA/build/sector_tuner:/home/hanjh/F1_TENTH_UNITA/install/sector_tuner/lib/python3.10/site-packages:/home/hanjh/F1_TENTH_UNITA/build/perception:/home/hanjh/F1_TENTH_UNITA/install/perception/lib/python3.10/site-packages:/home/hanjh/F1_TENTH_UNITA/build/opponent_publisher:/home/hanjh/F1_TENTH_UNITA/install/opponent_publisher/lib/python3.10/site-packages:/home/hanjh/F1_TENTH_UNITA/build/mouse_teleop:/home/hanjh/F1_TENTH_UNITA/install/mouse_teleop/lib/python3.10/site-packages:/home/hanjh/F1_TENTH_UNITA/build/lap_analyser:/home/hanjh/F1_TENTH_UNITA/install/lap_analyser/lib/python3.10/site-packages:/home/hanjh/F1_TENTH_UNITA/build/id_controller:/home/hanjh/F1_TENTH_UNITA/install/id_controller/lib/python3.10/site-packages:/home/hanjh/F1_TENTH_UNITA/build/global_planner:/home/hanjh/F1_TENTH_UNITA/install/global_planner/lib/python3.10/site-packages:/home/hanjh/F1_TENTH_UNITA/build/frenet_odom_republisher:/home/hanjh/F1_TENTH_UNITA/install/frenet_odom_republisher/lib/python3.10/site-packages:/home/hanjh/F1_TENTH_UNITA/build/frenet_conversion:/home/hanjh/F1_TENTH_UNITA/install/frenet_conversion/lib/python3.10/site-packages:/home/hanjh/F1_TENTH_UNITA/build/f1tenth_gym_ros:/home/hanjh/F1_TENTH_UNITA/install/f1tenth_gym_ros/lib/python3.10/site-packages:/home/hanjh/F1_TENTH_UNITA/install/f110_msgs/local/lib/python3.10/dist-packages:/home/hanjh/F1_TENTH_UNITA/build/controller:/home/hanjh/F1_TENTH_UNITA/install/controller/lib/python3.10/site-packages:/home/hanjh/ros2_ws/build/tutorial_topic:/home/hanjh/ros2_ws/install/tutorial_topic/lib/python3.10/site-packages:/home/hanjh/ros2_ws/build/tutorial_service:/home/hanjh/ros2_ws/install/tutorial_service/lib/python3.10/site-packages:/home/hanjh/ros2_ws/build/tutorial_action:/home/hanjh/ros2_ws/install/tutorial_action/lib/python3.10/site-packages:/home/hanjh/ros2_ws/build/node_exercise:/home/hanjh/ros2_ws/install/node_exercise/lib/python3.10/site-packages:/home/hanjh/ros2_ws/build/my_package:/home/hanjh/ros2_ws/install/my_package/lib/python3.10/site-packages:/home/hanjh/ros2_ws/build/moving_services:/home/hanjh/ros2_ws/install/moving_services/lib/python3.10/site-packages:/home/hanjh/ros2_ws/build/logger_test:/home/hanjh/ros2_ws/install/logger_test/lib/python3.10/site-packages:/home/hanjh/ros2_ws/build/elevator_vision:/home/hanjh/ros2_ws/install/elevator_vision/lib/python3.10/site-packages:/home/hanjh/ros2_ws/build/ebimu_pkg:/home/hanjh/ros2_ws/install/ebimu_pkg/lib/python3.10/site-packages:/home/hanjh/ros2_ws/build/debug_pkg:/home/hanjh/ros2_ws/install/debug_pkg/lib/python3.10/site-packages:/home/hanjh/ros2_ws/build/custom_interface_example:/home/hanjh/ros2_ws/install/custom_interface_example/lib/python3.10/site-packages:/home/hanjh/ros2_ws/install/custom_interfaces/local/lib/python3.10/dist-packages:/home/hanjh/ros2_ws/build/camera_perception_pkg:/home/hanjh/ros2_ws/install/camera_perception_pkg/lib/python3.10/site-packages:/opt/ros/humble/lib/python3.10/site-packages:/opt/ros/humble/local/lib/python3.10/dist-packages /usr/bin/cmake --build /home/hanjh/F1_TENTH_UNITA/build/teleop_tools -- -j16 -l16
[27.958s] DEBUG:colcon.colcon_core.event_handler.log_command:Invoked command in '/home/hanjh/F1_TENTH_UNITA/build/teleop_tools' returned '0': AMENT_PREFIX_PATH=/home/hanjh/F1_TENTH_UNITA/install/joy_teleop:/home/hanjh/F1_TENTH_UNITA/install/key_teleop:/home/hanjh/F1_TENTH_UNITA/install/f1tenth_stack:/home/hanjh/F1_TENTH_UNITA/install/vesc:/home/hanjh/F1_TENTH_UNITA/install/vesc_driver:/home/hanjh/F1_TENTH_UNITA/install/vesc_ackermann:/home/hanjh/F1_TENTH_UNITA/install/vesc_msgs:/home/hanjh/F1_TENTH_UNITA/install/teleop_tools:/home/hanjh/F1_TENTH_UNITA/install/teleop_tools_msgs:/home/hanjh/F1_TENTH_UNITA/install/steering_lookup:/home/hanjh/F1_TENTH_UNITA/install/state_machine:/home/hanjh/F1_TENTH_UNITA/install/slam_tuner:/home/hanjh/F1_TENTH_UNITA/install/state_estimation:/home/hanjh/F1_TENTH_UNITA/install/map_editor:/home/hanjh/F1_TENTH_UNITA/install/stack_master:/home/hanjh/F1_TENTH_UNITA/install/spline_planner:/home/hanjh/F1_TENTH_UNITA/install/sector_tuner:/home/hanjh/F1_TENTH_UNITA/install/perception:/home/hanjh/F1_TENTH_UNITA/install/opponent_publisher:/home/hanjh/F1_TENTH_UNITA/install/mouse_teleop:/home/hanjh/F1_TENTH_UNITA/install/lap_analyser:/home/hanjh/F1_TENTH_UNITA/install/id_controller:/home/hanjh/F1_TENTH_UNITA/install/global_planner:/home/hanjh/F1_TENTH_UNITA/install/frenet_odom_republisher:/home/hanjh/F1_TENTH_UNITA/install/frenet_conversion:/home/hanjh/F1_TENTH_UNITA/install/f1tenth_gym_ros:/home/hanjh/F1_TENTH_UNITA/install/f110_msgs:/home/hanjh/F1_TENTH_UNITA/install/controller:/home/hanjh/F1_TENTH_UNITA/install/ackermann_mux:/home/hanjh/ros2_ws/install/tutorial_topic:/home/hanjh/ros2_ws/install/tutorial_service:/home/hanjh/ros2_ws/install/tutorial_action:/home/hanjh/ros2_ws/install/node_exercise:/home/hanjh/ros2_ws/install/my_package:/home/hanjh/ros2_ws/install/moving_services:/home/hanjh/ros2_ws/install/logger_test:/home/hanjh/ros2_ws/install/elevator_vision:/home/hanjh/ros2_ws/install/ebimu_pkg:/home/hanjh/ros2_ws/install/debug_pkg:/home/hanjh/ros2_ws/install/custom_interface_example:/home/hanjh/ros2_ws/install/custom_interfaces:/home/hanjh/ros2_ws/install/camera_perception_pkg:/opt/ros/humble CMAKE_PREFIX_PATH=/home/hanjh/F1_TENTH_UNITA/install/teleop_tools_msgs:/home/hanjh/F1_TENTH_UNITA/install/vesc:/home/hanjh/F1_TENTH_UNITA/install/vesc_driver:/home/hanjh/F1_TENTH_UNITA/install/vesc_ackermann:/home/hanjh/F1_TENTH_UNITA/install/vesc_msgs:/home/hanjh/F1_TENTH_UNITA/install/teleop_tools:/home/hanjh/F1_TENTH_UNITA/install/f110_msgs:/home/hanjh/F1_TENTH_UNITA/install/ackermann_mux:/home/hanjh/ros2_ws/install/custom_interfaces:/home/hanjh/F1_TENTH_UNITA/install/f1tenth_stack:/home/hanjh/F1_TENTH_UNITA/install/joy_teleop:/home/hanjh/F1_TENTH_UNITA/install/steering_lookup:/home/hanjh/F1_TENTH_UNITA/install/state_machine:/home/hanjh/F1_TENTH_UNITA/install/slam_tuner:/home/hanjh/F1_TENTH_UNITA/install/state_estimation:/home/hanjh/F1_TENTH_UNITA/install/map_editor:/home/hanjh/F1_TENTH_UNITA/install/stack_master:/home/hanjh/F1_TENTH_UNITA/install/spline_planner:/home/hanjh/F1_TENTH_UNITA/install/sector_tuner:/home/hanjh/F1_TENTH_UNITA/install/perception:/home/hanjh/F1_TENTH_UNITA/install/opponent_publisher:/home/hanjh/F1_TENTH_UNITA/install/mouse_teleop:/home/hanjh/F1_TENTH_UNITA/install/lap_analyser:/home/hanjh/F1_TENTH_UNITA/install/key_teleop:/home/hanjh/F1_TENTH_UNITA/install/id_controller:/home/hanjh/F1_TENTH_UNITA/install/global_planner:/home/hanjh/F1_TENTH_UNITA/install/frenet_odom_republisher:/home/hanjh/F1_TENTH_UNITA/install/frenet_conversion:/home/hanjh/F1_TENTH_UNITA/install/f1tenth_gym_ros:/home/hanjh/F1_TENTH_UNITA/install/controller:/home/hanjh/ros2_ws/install/tutorial_topic:/home/hanjh/ros2_ws/install/tutorial_service:/home/hanjh/ros2_ws/install/tutorial_action:/home/hanjh/ros2_ws/install/node_exercise:/home/hanjh/ros2_ws/install/my_package:/home/hanjh/ros2_ws/install/moving_services:/home/hanjh/ros2_ws/install/logger_test:/home/hanjh/ros2_ws/install/elevator_vision:/home/hanjh/ros2_ws/install/ebimu_pkg:/home/hanjh/ros2_ws/install/debug_pkg:/home/hanjh/ros2_ws/install/custom_interface_example:/home/hanjh/ros2_ws/install/camera_perception_pkg:/opt/ros/humble LD_LIBRARY_PATH=/home/hanjh/F1_TENTH_UNITA/install/teleop_tools_msgs/lib:/home/hanjh/F1_TENTH_UNITA/install/vesc_driver/lib:/home/hanjh/F1_TENTH_UNITA/install/vesc_ackermann/lib:/home/hanjh/F1_TENTH_UNITA/install/vesc_msgs/lib:/home/hanjh/F1_TENTH_UNITA/install/f110_msgs/lib:/home/hanjh/ros2_ws/install/custom_interfaces/lib:/usr/lib/x86_64-linux-gnu/gazebo-11/plugins:/opt/ros/humble/opt/rviz_ogre_vendor/lib:/opt/ros/humble/lib/x86_64-linux-gnu:/opt/ros/humble/lib PYTHONPATH=/home/hanjh/F1_TENTH_UNITA/build/joy_teleop:/home/hanjh/F1_TENTH_UNITA/install/joy_teleop/lib/python3.10/site-packages:/home/hanjh/F1_TENTH_UNITA/build/key_teleop:/home/hanjh/F1_TENTH_UNITA/install/key_teleop/lib/python3.10/site-packages:/home/hanjh/F1_TENTH_UNITA/build/f1tenth_stack:/home/hanjh/F1_TENTH_UNITA/install/f1tenth_stack/lib/python3.10/site-packages:/home/hanjh/F1_TENTH_UNITA/install/vesc_msgs/local/lib/python3.10/dist-packages:/home/hanjh/F1_TENTH_UNITA/install/teleop_tools_msgs/local/lib/python3.10/dist-packages:/home/hanjh/F1_TENTH_UNITA/build/steering_lookup:/home/hanjh/F1_TENTH_UNITA/install/steering_lookup/lib/python3.10/site-packages:/home/hanjh/F1_TENTH_UNITA/build/state_machine:/home/hanjh/F1_TENTH_UNITA/install/state_machine/lib/python3.10/site-packages:/home/hanjh/F1_TENTH_UNITA/build/slam_tuner:/home/hanjh/F1_TENTH_UNITA/install/slam_tuner/lib/python3.10/site-packages:/home/hanjh/F1_TENTH_UNITA/build/state_estimation:/home/hanjh/F1_TENTH_UNITA/install/state_estimation/lib/python3.10/site-packages:/home/hanjh/F1_TENTH_UNITA/build/map_editor:/home/hanjh/F1_TENTH_UNITA/install/map_editor/lib/python3.10/site-packages:/home/hanjh/F1_TENTH_UNITA/build/stack_master:/home/hanjh/F1_TENTH_UNITA/install/stack_master/lib/python3.10/site-packages:/home/hanjh/F1_TENTH_UNITA/build/spline_planner:/home/hanjh/F1_TENTH_UNITA/install/spline_planner/lib/python3.10/site-packages:/home/hanjh/F1_TENTH_UNITA/build/sector_tuner:/home/hanjh/F1_TENTH_UNITA/install/sector_tuner/lib/python3.10/site-packages:/home/hanjh/F1_TENTH_UNITA/build/perception:/home/hanjh/F1_TENTH_UNITA/install/perception/lib/python3.10/site-packages:/home/hanjh/F1_TENTH_UNITA/build/opponent_publisher:/home/hanjh/F1_TENTH_UNITA/install/opponent_publisher/lib/python3.10/site-packages:/home/hanjh/F1_TENTH_UNITA/build/mouse_teleop:/home/hanjh/F1_TENTH_UNITA/install/mouse_teleop/lib/python3.10/site-packages:/home/hanjh/F1_TENTH_UNITA/build/lap_analyser:/home/hanjh/F1_TENTH_UNITA/install/lap_analyser/lib/python3.10/site-packages:/home/hanjh/F1_TENTH_UNITA/build/id_controller:/home/hanjh/F1_TENTH_UNITA/install/id_controller/lib/python3.10/site-packages:/home/hanjh/F1_TENTH_UNITA/build/global_planner:/home/hanjh/F1_TENTH_UNITA/install/global_planner/lib/python3.10/site-packages:/home/hanjh/F1_TENTH_UNITA/build/frenet_odom_republisher:/home/hanjh/F1_TENTH_UNITA/install/frenet_odom_republisher/lib/python3.10/site-packages:/home/hanjh/F1_TENTH_UNITA/build/frenet_conversion:/home/hanjh/F1_TENTH_UNITA/install/frenet_conversion/lib/python3.10/site-packages:/home/hanjh/F1_TENTH_UNITA/build/f1tenth_gym_ros:/home/hanjh/F1_TENTH_UNITA/install/f1tenth_gym_ros/lib/python3.10/site-packages:/home/hanjh/F1_TENTH_UNITA/install/f110_msgs/local/lib/python3.10/dist-packages:/home/hanjh/F1_TENTH_UNITA/build/controller:/home/hanjh/F1_TENTH_UNITA/install/controller/lib/python3.10/site-packages:/home/hanjh/ros2_ws/build/tutorial_topic:/home/hanjh/ros2_ws/install/tutorial_topic/lib/python3.10/site-packages:/home/hanjh/ros2_ws/build/tutorial_service:/home/hanjh/ros2_ws/install/tutorial_service/lib/python3.10/site-packages:/home/hanjh/ros2_ws/build/tutorial_action:/home/hanjh/ros2_ws/install/tutorial_action/lib/python3.10/site-packages:/home/hanjh/ros2_ws/build/node_exercise:/home/hanjh/ros2_ws/install/node_exercise/lib/python3.10/site-packages:/home/hanjh/ros2_ws/build/my_package:/home/hanjh/ros2_ws/install/my_package/lib/python3.10/site-packages:/home/hanjh/ros2_ws/build/moving_services:/home/hanjh/ros2_ws/install/moving_services/lib/python3.10/site-packages:/home/hanjh/ros2_ws/build/logger_test:/home/hanjh/ros2_ws/install/logger_test/lib/python3.10/site-packages:/home/hanjh/ros2_ws/build/elevator_vision:/home/hanjh/ros2_ws/install/elevator_vision/lib/python3.10/site-packages:/home/hanjh/ros2_ws/build/ebimu_pkg:/home/hanjh/ros2_ws/install/ebimu_pkg/lib/python3.10/site-packages:/home/hanjh/ros2_ws/build/debug_pkg:/home/hanjh/ros2_ws/install/debug_pkg/lib/python3.10/site-packages:/home/hanjh/ros2_ws/build/custom_interface_example:/home/hanjh/ros2_ws/install/custom_interface_example/lib/python3.10/site-packages:/home/hanjh/ros2_ws/install/custom_interfaces/local/lib/python3.10/dist-packages:/home/hanjh/ros2_ws/build/camera_perception_pkg:/home/hanjh/ros2_ws/install/camera_perception_pkg/lib/python3.10/site-packages:/opt/ros/humble/lib/python3.10/site-packages:/opt/ros/humble/local/lib/python3.10/dist-packages /usr/bin/cmake --build /home/hanjh/F1_TENTH_UNITA/build/teleop_tools -- -j16 -l16
[27.962s] DEBUG:colcon.colcon_core.event_handler.log_command:Invoking command in '/home/hanjh/F1_TENTH_UNITA/build/teleop_tools': AMENT_PREFIX_PATH=/home/hanjh/F1_TENTH_UNITA/install/joy_teleop:/home/hanjh/F1_TENTH_UNITA/install/key_teleop:/home/hanjh/F1_TENTH_UNITA/install/f1tenth_stack:/home/hanjh/F1_TENTH_UNITA/install/vesc:/home/hanjh/F1_TENTH_UNITA/install/vesc_driver:/home/hanjh/F1_TENTH_UNITA/install/vesc_ackermann:/home/hanjh/F1_TENTH_UNITA/install/vesc_msgs:/home/hanjh/F1_TENTH_UNITA/install/teleop_tools:/home/hanjh/F1_TENTH_UNITA/install/teleop_tools_msgs:/home/hanjh/F1_TENTH_UNITA/install/steering_lookup:/home/hanjh/F1_TENTH_UNITA/install/state_machine:/home/hanjh/F1_TENTH_UNITA/install/slam_tuner:/home/hanjh/F1_TENTH_UNITA/install/state_estimation:/home/hanjh/F1_TENTH_UNITA/install/map_editor:/home/hanjh/F1_TENTH_UNITA/install/stack_master:/home/hanjh/F1_TENTH_UNITA/install/spline_planner:/home/hanjh/F1_TENTH_UNITA/install/sector_tuner:/home/hanjh/F1_TENTH_UNITA/install/perception:/home/hanjh/F1_TENTH_UNITA/install/opponent_publisher:/home/hanjh/F1_TENTH_UNITA/install/mouse_teleop:/home/hanjh/F1_TENTH_UNITA/install/lap_analyser:/home/hanjh/F1_TENTH_UNITA/install/id_controller:/home/hanjh/F1_TENTH_UNITA/install/global_planner:/home/hanjh/F1_TENTH_UNITA/install/frenet_odom_republisher:/home/hanjh/F1_TENTH_UNITA/install/frenet_conversion:/home/hanjh/F1_TENTH_UNITA/install/f1tenth_gym_ros:/home/hanjh/F1_TENTH_UNITA/install/f110_msgs:/home/hanjh/F1_TENTH_UNITA/install/controller:/home/hanjh/F1_TENTH_UNITA/install/ackermann_mux:/home/hanjh/ros2_ws/install/tutorial_topic:/home/hanjh/ros2_ws/install/tutorial_service:/home/hanjh/ros2_ws/install/tutorial_action:/home/hanjh/ros2_ws/install/node_exercise:/home/hanjh/ros2_ws/install/my_package:/home/hanjh/ros2_ws/install/moving_services:/home/hanjh/ros2_ws/install/logger_test:/home/hanjh/ros2_ws/install/elevator_vision:/home/hanjh/ros2_ws/install/ebimu_pkg:/home/hanjh/ros2_ws/install/debug_pkg:/home/hanjh/ros2_ws/install/custom_interface_example:/home/hanjh/ros2_ws/install/custom_interfaces:/home/hanjh/ros2_ws/install/camera_perception_pkg:/opt/ros/humble CMAKE_PREFIX_PATH=/home/hanjh/F1_TENTH_UNITA/install/teleop_tools_msgs:/home/hanjh/F1_TENTH_UNITA/install/vesc:/home/hanjh/F1_TENTH_UNITA/install/vesc_driver:/home/hanjh/F1_TENTH_UNITA/install/vesc_ackermann:/home/hanjh/F1_TENTH_UNITA/install/vesc_msgs:/home/hanjh/F1_TENTH_UNITA/install/teleop_tools:/home/hanjh/F1_TENTH_UNITA/install/f110_msgs:/home/hanjh/F1_TENTH_UNITA/install/ackermann_mux:/home/hanjh/ros2_ws/install/custom_interfaces:/home/hanjh/F1_TENTH_UNITA/install/f1tenth_stack:/home/hanjh/F1_TENTH_UNITA/install/joy_teleop:/home/hanjh/F1_TENTH_UNITA/install/steering_lookup:/home/hanjh/F1_TENTH_UNITA/install/state_machine:/home/hanjh/F1_TENTH_UNITA/install/slam_tuner:/home/hanjh/F1_TENTH_UNITA/install/state_estimation:/home/hanjh/F1_TENTH_UNITA/install/map_editor:/home/hanjh/F1_TENTH_UNITA/install/stack_master:/home/hanjh/F1_TENTH_UNITA/install/spline_planner:/home/hanjh/F1_TENTH_UNITA/install/sector_tuner:/home/hanjh/F1_TENTH_UNITA/install/perception:/home/hanjh/F1_TENTH_UNITA/install/opponent_publisher:/home/hanjh/F1_TENTH_UNITA/install/mouse_teleop:/home/hanjh/F1_TENTH_UNITA/install/lap_analyser:/home/hanjh/F1_TENTH_UNITA/install/key_teleop:/home/hanjh/F1_TENTH_UNITA/install/id_controller:/home/hanjh/F1_TENTH_UNITA/install/global_planner:/home/hanjh/F1_TENTH_UNITA/install/frenet_odom_republisher:/home/hanjh/F1_TENTH_UNITA/install/frenet_conversion:/home/hanjh/F1_TENTH_UNITA/install/f1tenth_gym_ros:/home/hanjh/F1_TENTH_UNITA/install/controller:/home/hanjh/ros2_ws/install/tutorial_topic:/home/hanjh/ros2_ws/install/tutorial_service:/home/hanjh/ros2_ws/install/tutorial_action:/home/hanjh/ros2_ws/install/node_exercise:/home/hanjh/ros2_ws/install/my_package:/home/hanjh/ros2_ws/install/moving_services:/home/hanjh/ros2_ws/install/logger_test:/home/hanjh/ros2_ws/install/elevator_vision:/home/hanjh/ros2_ws/install/ebimu_pkg:/home/hanjh/ros2_ws/install/debug_pkg:/home/hanjh/ros2_ws/install/custom_interface_example:/home/hanjh/ros2_ws/install/camera_perception_pkg:/opt/ros/humble LD_LIBRARY_PATH=/home/hanjh/F1_TENTH_UNITA/install/teleop_tools_msgs/lib:/home/hanjh/F1_TENTH_UNITA/install/vesc_driver/lib:/home/hanjh/F1_TENTH_UNITA/install/vesc_ackermann/lib:/home/hanjh/F1_TENTH_UNITA/install/vesc_msgs/lib:/home/hanjh/F1_TENTH_UNITA/install/f110_msgs/lib:/home/hanjh/ros2_ws/install/custom_interfaces/lib:/usr/lib/x86_64-linux-gnu/gazebo-11/plugins:/opt/ros/humble/opt/rviz_ogre_vendor/lib:/opt/ros/humble/lib/x86_64-linux-gnu:/opt/ros/humble/lib PYTHONPATH=/home/hanjh/F1_TENTH_UNITA/build/joy_teleop:/home/hanjh/F1_TENTH_UNITA/install/joy_teleop/lib/python3.10/site-packages:/home/hanjh/F1_TENTH_UNITA/build/key_teleop:/home/hanjh/F1_TENTH_UNITA/install/key_teleop/lib/python3.10/site-packages:/home/hanjh/F1_TENTH_UNITA/build/f1tenth_stack:/home/hanjh/F1_TENTH_UNITA/install/f1tenth_stack/lib/python3.10/site-packages:/home/hanjh/F1_TENTH_UNITA/install/vesc_msgs/local/lib/python3.10/dist-packages:/home/hanjh/F1_TENTH_UNITA/install/teleop_tools_msgs/local/lib/python3.10/dist-packages:/home/hanjh/F1_TENTH_UNITA/build/steering_lookup:/home/hanjh/F1_TENTH_UNITA/install/steering_lookup/lib/python3.10/site-packages:/home/hanjh/F1_TENTH_UNITA/build/state_machine:/home/hanjh/F1_TENTH_UNITA/install/state_machine/lib/python3.10/site-packages:/home/hanjh/F1_TENTH_UNITA/build/slam_tuner:/home/hanjh/F1_TENTH_UNITA/install/slam_tuner/lib/python3.10/site-packages:/home/hanjh/F1_TENTH_UNITA/build/state_estimation:/home/hanjh/F1_TENTH_UNITA/install/state_estimation/lib/python3.10/site-packages:/home/hanjh/F1_TENTH_UNITA/build/map_editor:/home/hanjh/F1_TENTH_UNITA/install/map_editor/lib/python3.10/site-packages:/home/hanjh/F1_TENTH_UNITA/build/stack_master:/home/hanjh/F1_TENTH_UNITA/install/stack_master/lib/python3.10/site-packages:/home/hanjh/F1_TENTH_UNITA/build/spline_planner:/home/hanjh/F1_TENTH_UNITA/install/spline_planner/lib/python3.10/site-packages:/home/hanjh/F1_TENTH_UNITA/build/sector_tuner:/home/hanjh/F1_TENTH_UNITA/install/sector_tuner/lib/python3.10/site-packages:/home/hanjh/F1_TENTH_UNITA/build/perception:/home/hanjh/F1_TENTH_UNITA/install/perception/lib/python3.10/site-packages:/home/hanjh/F1_TENTH_UNITA/build/opponent_publisher:/home/hanjh/F1_TENTH_UNITA/install/opponent_publisher/lib/python3.10/site-packages:/home/hanjh/F1_TENTH_UNITA/build/mouse_teleop:/home/hanjh/F1_TENTH_UNITA/install/mouse_teleop/lib/python3.10/site-packages:/home/hanjh/F1_TENTH_UNITA/build/lap_analyser:/home/hanjh/F1_TENTH_UNITA/install/lap_analyser/lib/python3.10/site-packages:/home/hanjh/F1_TENTH_UNITA/build/id_controller:/home/hanjh/F1_TENTH_UNITA/install/id_controller/lib/python3.10/site-packages:/home/hanjh/F1_TENTH_UNITA/build/global_planner:/home/hanjh/F1_TENTH_UNITA/install/global_planner/lib/python3.10/site-packages:/home/hanjh/F1_TENTH_UNITA/build/frenet_odom_republisher:/home/hanjh/F1_TENTH_UNITA/install/frenet_odom_republisher/lib/python3.10/site-packages:/home/hanjh/F1_TENTH_UNITA/build/frenet_conversion:/home/hanjh/F1_TENTH_UNITA/install/frenet_conversion/lib/python3.10/site-packages:/home/hanjh/F1_TENTH_UNITA/build/f1tenth_gym_ros:/home/hanjh/F1_TENTH_UNITA/install/f1tenth_gym_ros/lib/python3.10/site-packages:/home/hanjh/F1_TENTH_UNITA/install/f110_msgs/local/lib/python3.10/dist-packages:/home/hanjh/F1_TENTH_UNITA/build/controller:/home/hanjh/F1_TENTH_UNITA/install/controller/lib/python3.10/site-packages:/home/hanjh/ros2_ws/build/tutorial_topic:/home/hanjh/ros2_ws/install/tutorial_topic/lib/python3.10/site-packages:/home/hanjh/ros2_ws/build/tutorial_service:/home/hanjh/ros2_ws/install/tutorial_service/lib/python3.10/site-packages:/home/hanjh/ros2_ws/build/tutorial_action:/home/hanjh/ros2_ws/install/tutorial_action/lib/python3.10/site-packages:/home/hanjh/ros2_ws/build/node_exercise:/home/hanjh/ros2_ws/install/node_exercise/lib/python3.10/site-packages:/home/hanjh/ros2_ws/build/my_package:/home/hanjh/ros2_ws/install/my_package/lib/python3.10/site-packages:/home/hanjh/ros2_ws/build/moving_services:/home/hanjh/ros2_ws/install/moving_services/lib/python3.10/site-packages:/home/hanjh/ros2_ws/build/logger_test:/home/hanjh/ros2_ws/install/logger_test/lib/python3.10/site-packages:/home/hanjh/ros2_ws/build/elevator_vision:/home/hanjh/ros2_ws/install/elevator_vision/lib/python3.10/site-packages:/home/hanjh/ros2_ws/build/ebimu_pkg:/home/hanjh/ros2_ws/install/ebimu_pkg/lib/python3.10/site-packages:/home/hanjh/ros2_ws/build/debug_pkg:/home/hanjh/ros2_ws/install/debug_pkg/lib/python3.10/site-packages:/home/hanjh/ros2_ws/build/custom_interface_example:/home/hanjh/ros2_ws/install/custom_interface_example/lib/python3.10/site-packages:/home/hanjh/ros2_ws/install/custom_interfaces/local/lib/python3.10/dist-packages:/home/hanjh/ros2_ws/build/camera_perception_pkg:/home/hanjh/ros2_ws/install/camera_perception_pkg/lib/python3.10/site-packages:/opt/ros/humble/lib/python3.10/site-packages:/opt/ros/humble/local/lib/python3.10/dist-packages /usr/bin/cmake --install /home/hanjh/F1_TENTH_UNITA/build/teleop_tools
[28.232s] Level 1:colcon.colcon_core.environment:create_environment_scripts_only(teleop_tools)
[28.233s] Level 1:colcon.colcon_core.environment:checking '/home/hanjh/F1_TENTH_UNITA/install/teleop_tools' for CMake module files
[28.235s] DEBUG:colcon.colcon_core.event_handler.log_command:Invoked command in '/home/hanjh/F1_TENTH_UNITA/build/teleop_tools' returned '0': AMENT_PREFIX_PATH=/home/hanjh/F1_TENTH_UNITA/install/joy_teleop:/home/hanjh/F1_TENTH_UNITA/install/key_teleop:/home/hanjh/F1_TENTH_UNITA/install/f1tenth_stack:/home/hanjh/F1_TENTH_UNITA/install/vesc:/home/hanjh/F1_TENTH_UNITA/install/vesc_driver:/home/hanjh/F1_TENTH_UNITA/install/vesc_ackermann:/home/hanjh/F1_TENTH_UNITA/install/vesc_msgs:/home/hanjh/F1_TENTH_UNITA/install/teleop_tools:/home/hanjh/F1_TENTH_UNITA/install/teleop_tools_msgs:/home/hanjh/F1_TENTH_UNITA/install/steering_lookup:/home/hanjh/F1_TENTH_UNITA/install/state_machine:/home/hanjh/F1_TENTH_UNITA/install/slam_tuner:/home/hanjh/F1_TENTH_UNITA/install/state_estimation:/home/hanjh/F1_TENTH_UNITA/install/map_editor:/home/hanjh/F1_TENTH_UNITA/install/stack_master:/home/hanjh/F1_TENTH_UNITA/install/spline_planner:/home/hanjh/F1_TENTH_UNITA/install/sector_tuner:/home/hanjh/F1_TENTH_UNITA/install/perception:/home/hanjh/F1_TENTH_UNITA/install/opponent_publisher:/home/hanjh/F1_TENTH_UNITA/install/mouse_teleop:/home/hanjh/F1_TENTH_UNITA/install/lap_analyser:/home/hanjh/F1_TENTH_UNITA/install/id_controller:/home/hanjh/F1_TENTH_UNITA/install/global_planner:/home/hanjh/F1_TENTH_UNITA/install/frenet_odom_republisher:/home/hanjh/F1_TENTH_UNITA/install/frenet_conversion:/home/hanjh/F1_TENTH_UNITA/install/f1tenth_gym_ros:/home/hanjh/F1_TENTH_UNITA/install/f110_msgs:/home/hanjh/F1_TENTH_UNITA/install/controller:/home/hanjh/F1_TENTH_UNITA/install/ackermann_mux:/home/hanjh/ros2_ws/install/tutorial_topic:/home/hanjh/ros2_ws/install/tutorial_service:/home/hanjh/ros2_ws/install/tutorial_action:/home/hanjh/ros2_ws/install/node_exercise:/home/hanjh/ros2_ws/install/my_package:/home/hanjh/ros2_ws/install/moving_services:/home/hanjh/ros2_ws/install/logger_test:/home/hanjh/ros2_ws/install/elevator_vision:/home/hanjh/ros2_ws/install/ebimu_pkg:/home/hanjh/ros2_ws/install/debug_pkg:/home/hanjh/ros2_ws/install/custom_interface_example:/home/hanjh/ros2_ws/install/custom_interfaces:/home/hanjh/ros2_ws/install/camera_perception_pkg:/opt/ros/humble CMAKE_PREFIX_PATH=/home/hanjh/F1_TENTH_UNITA/install/teleop_tools_msgs:/home/hanjh/F1_TENTH_UNITA/install/vesc:/home/hanjh/F1_TENTH_UNITA/install/vesc_driver:/home/hanjh/F1_TENTH_UNITA/install/vesc_ackermann:/home/hanjh/F1_TENTH_UNITA/install/vesc_msgs:/home/hanjh/F1_TENTH_UNITA/install/teleop_tools:/home/hanjh/F1_TENTH_UNITA/install/f110_msgs:/home/hanjh/F1_TENTH_UNITA/install/ackermann_mux:/home/hanjh/ros2_ws/install/custom_interfaces:/home/hanjh/F1_TENTH_UNITA/install/f1tenth_stack:/home/hanjh/F1_TENTH_UNITA/install/joy_teleop:/home/hanjh/F1_TENTH_UNITA/install/steering_lookup:/home/hanjh/F1_TENTH_UNITA/install/state_machine:/home/hanjh/F1_TENTH_UNITA/install/slam_tuner:/home/hanjh/F1_TENTH_UNITA/install/state_estimation:/home/hanjh/F1_TENTH_UNITA/install/map_editor:/home/hanjh/F1_TENTH_UNITA/install/stack_master:/home/hanjh/F1_TENTH_UNITA/install/spline_planner:/home/hanjh/F1_TENTH_UNITA/install/sector_tuner:/home/hanjh/F1_TENTH_UNITA/install/perception:/home/hanjh/F1_TENTH_UNITA/install/opponent_publisher:/home/hanjh/F1_TENTH_UNITA/install/mouse_teleop:/home/hanjh/F1_TENTH_UNITA/install/lap_analyser:/home/hanjh/F1_TENTH_UNITA/install/key_teleop:/home/hanjh/F1_TENTH_UNITA/install/id_controller:/home/hanjh/F1_TENTH_UNITA/install/global_planner:/home/hanjh/F1_TENTH_UNITA/install/frenet_odom_republisher:/home/hanjh/F1_TENTH_UNITA/install/frenet_conversion:/home/hanjh/F1_TENTH_UNITA/install/f1tenth_gym_ros:/home/hanjh/F1_TENTH_UNITA/install/controller:/home/hanjh/ros2_ws/install/tutorial_topic:/home/hanjh/ros2_ws/install/tutorial_service:/home/hanjh/ros2_ws/install/tutorial_action:/home/hanjh/ros2_ws/install/node_exercise:/home/hanjh/ros2_ws/install/my_package:/home/hanjh/ros2_ws/install/moving_services:/home/hanjh/ros2_ws/install/logger_test:/home/hanjh/ros2_ws/install/elevator_vision:/home/hanjh/ros2_ws/install/ebimu_pkg:/home/hanjh/ros2_ws/install/debug_pkg:/home/hanjh/ros2_ws/install/custom_interface_example:/home/hanjh/ros2_ws/install/camera_perception_pkg:/opt/ros/humble LD_LIBRARY_PATH=/home/hanjh/F1_TENTH_UNITA/install/teleop_tools_msgs/lib:/home/hanjh/F1_TENTH_UNITA/install/vesc_driver/lib:/home/hanjh/F1_TENTH_UNITA/install/vesc_ackermann/lib:/home/hanjh/F1_TENTH_UNITA/install/vesc_msgs/lib:/home/hanjh/F1_TENTH_UNITA/install/f110_msgs/lib:/home/hanjh/ros2_ws/install/custom_interfaces/lib:/usr/lib/x86_64-linux-gnu/gazebo-11/plugins:/opt/ros/humble/opt/rviz_ogre_vendor/lib:/opt/ros/humble/lib/x86_64-linux-gnu:/opt/ros/humble/lib PYTHONPATH=/home/hanjh/F1_TENTH_UNITA/build/joy_teleop:/home/hanjh/F1_TENTH_UNITA/install/joy_teleop/lib/python3.10/site-packages:/home/hanjh/F1_TENTH_UNITA/build/key_teleop:/home/hanjh/F1_TENTH_UNITA/install/key_teleop/lib/python3.10/site-packages:/home/hanjh/F1_TENTH_UNITA/build/f1tenth_stack:/home/hanjh/F1_TENTH_UNITA/install/f1tenth_stack/lib/python3.10/site-packages:/home/hanjh/F1_TENTH_UNITA/install/vesc_msgs/local/lib/python3.10/dist-packages:/home/hanjh/F1_TENTH_UNITA/install/teleop_tools_msgs/local/lib/python3.10/dist-packages:/home/hanjh/F1_TENTH_UNITA/build/steering_lookup:/home/hanjh/F1_TENTH_UNITA/install/steering_lookup/lib/python3.10/site-packages:/home/hanjh/F1_TENTH_UNITA/build/state_machine:/home/hanjh/F1_TENTH_UNITA/install/state_machine/lib/python3.10/site-packages:/home/hanjh/F1_TENTH_UNITA/build/slam_tuner:/home/hanjh/F1_TENTH_UNITA/install/slam_tuner/lib/python3.10/site-packages:/home/hanjh/F1_TENTH_UNITA/build/state_estimation:/home/hanjh/F1_TENTH_UNITA/install/state_estimation/lib/python3.10/site-packages:/home/hanjh/F1_TENTH_UNITA/build/map_editor:/home/hanjh/F1_TENTH_UNITA/install/map_editor/lib/python3.10/site-packages:/home/hanjh/F1_TENTH_UNITA/build/stack_master:/home/hanjh/F1_TENTH_UNITA/install/stack_master/lib/python3.10/site-packages:/home/hanjh/F1_TENTH_UNITA/build/spline_planner:/home/hanjh/F1_TENTH_UNITA/install/spline_planner/lib/python3.10/site-packages:/home/hanjh/F1_TENTH_UNITA/build/sector_tuner:/home/hanjh/F1_TENTH_UNITA/install/sector_tuner/lib/python3.10/site-packages:/home/hanjh/F1_TENTH_UNITA/build/perception:/home/hanjh/F1_TENTH_UNITA/install/perception/lib/python3.10/site-packages:/home/hanjh/F1_TENTH_UNITA/build/opponent_publisher:/home/hanjh/F1_TENTH_UNITA/install/opponent_publisher/lib/python3.10/site-packages:/home/hanjh/F1_TENTH_UNITA/build/mouse_teleop:/home/hanjh/F1_TENTH_UNITA/install/mouse_teleop/lib/python3.10/site-packages:/home/hanjh/F1_TENTH_UNITA/build/lap_analyser:/home/hanjh/F1_TENTH_UNITA/install/lap_analyser/lib/python3.10/site-packages:/home/hanjh/F1_TENTH_UNITA/build/id_controller:/home/hanjh/F1_TENTH_UNITA/install/id_controller/lib/python3.10/site-packages:/home/hanjh/F1_TENTH_UNITA/build/global_planner:/home/hanjh/F1_TENTH_UNITA/install/global_planner/lib/python3.10/site-packages:/home/hanjh/F1_TENTH_UNITA/build/frenet_odom_republisher:/home/hanjh/F1_TENTH_UNITA/install/frenet_odom_republisher/lib/python3.10/site-packages:/home/hanjh/F1_TENTH_UNITA/build/frenet_conversion:/home/hanjh/F1_TENTH_UNITA/install/frenet_conversion/lib/python3.10/site-packages:/home/hanjh/F1_TENTH_UNITA/build/f1tenth_gym_ros:/home/hanjh/F1_TENTH_UNITA/install/f1tenth_gym_ros/lib/python3.10/site-packages:/home/hanjh/F1_TENTH_UNITA/install/f110_msgs/local/lib/python3.10/dist-packages:/home/hanjh/F1_TENTH_UNITA/build/controller:/home/hanjh/F1_TENTH_UNITA/install/controller/lib/python3.10/site-packages:/home/hanjh/ros2_ws/build/tutorial_topic:/home/hanjh/ros2_ws/install/tutorial_topic/lib/python3.10/site-packages:/home/hanjh/ros2_ws/build/tutorial_service:/home/hanjh/ros2_ws/install/tutorial_service/lib/python3.10/site-packages:/home/hanjh/ros2_ws/build/tutorial_action:/home/hanjh/ros2_ws/install/tutorial_action/lib/python3.10/site-packages:/home/hanjh/ros2_ws/build/node_exercise:/home/hanjh/ros2_ws/install/node_exercise/lib/python3.10/site-packages:/home/hanjh/ros2_ws/build/my_package:/home/hanjh/ros2_ws/install/my_package/lib/python3.10/site-packages:/home/hanjh/ros2_ws/build/moving_services:/home/hanjh/ros2_ws/install/moving_services/lib/python3.10/site-packages:/home/hanjh/ros2_ws/build/logger_test:/home/hanjh/ros2_ws/install/logger_test/lib/python3.10/site-packages:/home/hanjh/ros2_ws/build/elevator_vision:/home/hanjh/ros2_ws/install/elevator_vision/lib/python3.10/site-packages:/home/hanjh/ros2_ws/build/ebimu_pkg:/home/hanjh/ros2_ws/install/ebimu_pkg/lib/python3.10/site-packages:/home/hanjh/ros2_ws/build/debug_pkg:/home/hanjh/ros2_ws/install/debug_pkg/lib/python3.10/site-packages:/home/hanjh/ros2_ws/build/custom_interface_example:/home/hanjh/ros2_ws/install/custom_interface_example/lib/python3.10/site-packages:/home/hanjh/ros2_ws/install/custom_interfaces/local/lib/python3.10/dist-packages:/home/hanjh/ros2_ws/build/camera_perception_pkg:/home/hanjh/ros2_ws/install/camera_perception_pkg/lib/python3.10/site-packages:/opt/ros/humble/lib/python3.10/site-packages:/opt/ros/humble/local/lib/python3.10/dist-packages /usr/bin/cmake --install /home/hanjh/F1_TENTH_UNITA/build/teleop_tools
[28.236s] Level 1:colcon.colcon_core.environment:checking '/home/hanjh/F1_TENTH_UNITA/install/teleop_tools' for CMake config files
[28.237s] Level 1:colcon.colcon_core.shell:create_environment_hook('teleop_tools', 'cmake_prefix_path')
[28.238s] INFO:colcon.colcon_core.shell:Creating environment hook '/home/hanjh/F1_TENTH_UNITA/install/teleop_tools/share/teleop_tools/hook/cmake_prefix_path.ps1'
[28.239s] INFO:colcon.colcon_core.shell:Creating environment descriptor '/home/hanjh/F1_TENTH_UNITA/install/teleop_tools/share/teleop_tools/hook/cmake_prefix_path.dsv'
[28.240s] INFO:colcon.colcon_core.shell:Creating environment hook '/home/hanjh/F1_TENTH_UNITA/install/teleop_tools/share/teleop_tools/hook/cmake_prefix_path.sh'
[28.242s] Level 1:colcon.colcon_core.environment:checking '/home/hanjh/F1_TENTH_UNITA/install/teleop_tools/bin'
[28.242s] Level 1:colcon.colcon_core.environment:checking '/home/hanjh/F1_TENTH_UNITA/install/teleop_tools/lib/pkgconfig/teleop_tools.pc'
[28.243s] Level 1:colcon.colcon_core.environment:checking '/home/hanjh/F1_TENTH_UNITA/install/teleop_tools/lib/python3.10/site-packages'
[28.244s] Level 1:colcon.colcon_core.environment:checking '/home/hanjh/F1_TENTH_UNITA/install/teleop_tools/bin'
[28.244s] INFO:colcon.colcon_core.shell:Creating package script '/home/hanjh/F1_TENTH_UNITA/install/teleop_tools/share/teleop_tools/package.ps1'
[28.246s] INFO:colcon.colcon_core.shell:Creating package descriptor '/home/hanjh/F1_TENTH_UNITA/install/teleop_tools/share/teleop_tools/package.dsv'
[28.247s] INFO:colcon.colcon_core.shell:Creating package script '/home/hanjh/F1_TENTH_UNITA/install/teleop_tools/share/teleop_tools/package.sh'
[28.248s] INFO:colcon.colcon_core.shell:Creating package script '/home/hanjh/F1_TENTH_UNITA/install/teleop_tools/share/teleop_tools/package.bash'
[28.249s] INFO:colcon.colcon_core.shell:Creating package script '/home/hanjh/F1_TENTH_UNITA/install/teleop_tools/share/teleop_tools/package.zsh'
[28.250s] Level 1:colcon.colcon_core.environment:create_file_with_runtime_dependencies(/home/hanjh/F1_TENTH_UNITA/install/teleop_tools/share/colcon-core/packages/teleop_tools)
[28.251s] Level 1:colcon.colcon_core.environment:create_environment_scripts_only(teleop_tools)
[28.252s] Level 1:colcon.colcon_core.environment:checking '/home/hanjh/F1_TENTH_UNITA/install/teleop_tools' for CMake module files
[28.254s] Level 1:colcon.colcon_core.environment:checking '/home/hanjh/F1_TENTH_UNITA/install/teleop_tools' for CMake config files
[28.255s] Level 1:colcon.colcon_core.shell:create_environment_hook('teleop_tools', 'cmake_prefix_path')
[28.255s] INFO:colcon.colcon_core.shell:Creating environment hook '/home/hanjh/F1_TENTH_UNITA/install/teleop_tools/share/teleop_tools/hook/cmake_prefix_path.ps1'
[28.257s] INFO:colcon.colcon_core.shell:Creating environment descriptor '/home/hanjh/F1_TENTH_UNITA/install/teleop_tools/share/teleop_tools/hook/cmake_prefix_path.dsv'
[28.257s] INFO:colcon.colcon_core.shell:Creating environment hook '/home/hanjh/F1_TENTH_UNITA/install/teleop_tools/share/teleop_tools/hook/cmake_prefix_path.sh'
[28.259s] Level 1:colcon.colcon_core.environment:checking '/home/hanjh/F1_TENTH_UNITA/install/teleop_tools/bin'
[28.259s] Level 1:colcon.colcon_core.environment:checking '/home/hanjh/F1_TENTH_UNITA/install/teleop_tools/lib/pkgconfig/teleop_tools.pc'
[28.260s] Level 1:colcon.colcon_core.environment:checking '/home/hanjh/F1_TENTH_UNITA/install/teleop_tools/lib/python3.10/site-packages'
[28.260s] Level 1:colcon.colcon_core.environment:checking '/home/hanjh/F1_TENTH_UNITA/install/teleop_tools/bin'
[28.261s] INFO:colcon.colcon_core.shell:Creating package script '/home/hanjh/F1_TENTH_UNITA/install/teleop_tools/share/teleop_tools/package.ps1'
[28.263s] INFO:colcon.colcon_core.shell:Creating package descriptor '/home/hanjh/F1_TENTH_UNITA/install/teleop_tools/share/teleop_tools/package.dsv'
[28.264s] INFO:colcon.colcon_core.shell:Creating package script '/home/hanjh/F1_TENTH_UNITA/install/teleop_tools/share/teleop_tools/package.sh'
[28.265s] INFO:colcon.colcon_core.shell:Creating package script '/home/hanjh/F1_TENTH_UNITA/install/teleop_tools/share/teleop_tools/package.bash'
[28.266s] INFO:colcon.colcon_core.shell:Creating package script '/home/hanjh/F1_TENTH_UNITA/install/teleop_tools/share/teleop_tools/package.zsh'
[28.268s] Level 1:colcon.colcon_core.environment:create_file_with_runtime_dependencies(/home/hanjh/F1_TENTH_UNITA/install/teleop_tools/share/colcon-core/packages/teleop_tools)
[28.701s] DEBUG:colcon.colcon_core.event_handler.log_command:Invoked command in '/home/hanjh/F1_TENTH_UNITA/build/vesc_driver' returned '0': CMAKE_PREFIX_PATH=/home/hanjh/F1_TENTH_UNITA/install/vesc_msgs:/home/hanjh/F1_TENTH_UNITA/install/vesc:/home/hanjh/F1_TENTH_UNITA/install/vesc_driver:/home/hanjh/F1_TENTH_UNITA/install/vesc_ackermann:/home/hanjh/F1_TENTH_UNITA/install/teleop_tools:/home/hanjh/F1_TENTH_UNITA/install/teleop_tools_msgs:/home/hanjh/F1_TENTH_UNITA/install/f110_msgs:/home/hanjh/F1_TENTH_UNITA/install/ackermann_mux:/home/hanjh/ros2_ws/install/custom_interfaces:/home/hanjh/F1_TENTH_UNITA/install/f1tenth_stack:/home/hanjh/F1_TENTH_UNITA/install/joy_teleop:/home/hanjh/F1_TENTH_UNITA/install/steering_lookup:/home/hanjh/F1_TENTH_UNITA/install/state_machine:/home/hanjh/F1_TENTH_UNITA/install/slam_tuner:/home/hanjh/F1_TENTH_UNITA/install/state_estimation:/home/hanjh/F1_TENTH_UNITA/install/map_editor:/home/hanjh/F1_TENTH_UNITA/install/stack_master:/home/hanjh/F1_TENTH_UNITA/install/spline_planner:/home/hanjh/F1_TENTH_UNITA/install/sector_tuner:/home/hanjh/F1_TENTH_UNITA/install/perception:/home/hanjh/F1_TENTH_UNITA/install/opponent_publisher:/home/hanjh/F1_TENTH_UNITA/install/mouse_teleop:/home/hanjh/F1_TENTH_UNITA/install/lap_analyser:/home/hanjh/F1_TENTH_UNITA/install/key_teleop:/home/hanjh/F1_TENTH_UNITA/install/id_controller:/home/hanjh/F1_TENTH_UNITA/install/global_planner:/home/hanjh/F1_TENTH_UNITA/install/frenet_odom_republisher:/home/hanjh/F1_TENTH_UNITA/install/frenet_conversion:/home/hanjh/F1_TENTH_UNITA/install/f1tenth_gym_ros:/home/hanjh/F1_TENTH_UNITA/install/controller:/home/hanjh/ros2_ws/install/tutorial_topic:/home/hanjh/ros2_ws/install/tutorial_service:/home/hanjh/ros2_ws/install/tutorial_action:/home/hanjh/ros2_ws/install/node_exercise:/home/hanjh/ros2_ws/install/my_package:/home/hanjh/ros2_ws/install/moving_services:/home/hanjh/ros2_ws/install/logger_test:/home/hanjh/ros2_ws/install/elevator_vision:/home/hanjh/ros2_ws/install/ebimu_pkg:/home/hanjh/ros2_ws/install/debug_pkg:/home/hanjh/ros2_ws/install/custom_interface_example:/home/hanjh/ros2_ws/install/camera_perception_pkg:/opt/ros/humble LD_LIBRARY_PATH=/home/hanjh/F1_TENTH_UNITA/install/vesc_msgs/lib:/home/hanjh/F1_TENTH_UNITA/install/vesc_driver/lib:/home/hanjh/F1_TENTH_UNITA/install/vesc_ackermann/lib:/home/hanjh/F1_TENTH_UNITA/install/teleop_tools_msgs/lib:/home/hanjh/F1_TENTH_UNITA/install/f110_msgs/lib:/home/hanjh/ros2_ws/install/custom_interfaces/lib:/usr/lib/x86_64-linux-gnu/gazebo-11/plugins:/opt/ros/humble/opt/rviz_ogre_vendor/lib:/opt/ros/humble/lib/x86_64-linux-gnu:/opt/ros/humble/lib /usr/bin/cmake /home/hanjh/F1_TENTH_UNITA/src/race_stack/sensors/vesc/vesc_driver -DAMENT_CMAKE_SYMLINK_INSTALL=1 -DCMAKE_INSTALL_PREFIX=/home/hanjh/F1_TENTH_UNITA/install/vesc_driver
[28.705s] DEBUG:colcon.colcon_core.event_handler.log_command:Invoking command in '/home/hanjh/F1_TENTH_UNITA/build/vesc_driver': CMAKE_PREFIX_PATH=/home/hanjh/F1_TENTH_UNITA/install/vesc_msgs:/home/hanjh/F1_TENTH_UNITA/install/vesc:/home/hanjh/F1_TENTH_UNITA/install/vesc_driver:/home/hanjh/F1_TENTH_UNITA/install/vesc_ackermann:/home/hanjh/F1_TENTH_UNITA/install/teleop_tools:/home/hanjh/F1_TENTH_UNITA/install/teleop_tools_msgs:/home/hanjh/F1_TENTH_UNITA/install/f110_msgs:/home/hanjh/F1_TENTH_UNITA/install/ackermann_mux:/home/hanjh/ros2_ws/install/custom_interfaces:/home/hanjh/F1_TENTH_UNITA/install/f1tenth_stack:/home/hanjh/F1_TENTH_UNITA/install/joy_teleop:/home/hanjh/F1_TENTH_UNITA/install/steering_lookup:/home/hanjh/F1_TENTH_UNITA/install/state_machine:/home/hanjh/F1_TENTH_UNITA/install/slam_tuner:/home/hanjh/F1_TENTH_UNITA/install/state_estimation:/home/hanjh/F1_TENTH_UNITA/install/map_editor:/home/hanjh/F1_TENTH_UNITA/install/stack_master:/home/hanjh/F1_TENTH_UNITA/install/spline_planner:/home/hanjh/F1_TENTH_UNITA/install/sector_tuner:/home/hanjh/F1_TENTH_UNITA/install/perception:/home/hanjh/F1_TENTH_UNITA/install/opponent_publisher:/home/hanjh/F1_TENTH_UNITA/install/mouse_teleop:/home/hanjh/F1_TENTH_UNITA/install/lap_analyser:/home/hanjh/F1_TENTH_UNITA/install/key_teleop:/home/hanjh/F1_TENTH_UNITA/install/id_controller:/home/hanjh/F1_TENTH_UNITA/install/global_planner:/home/hanjh/F1_TENTH_UNITA/install/frenet_odom_republisher:/home/hanjh/F1_TENTH_UNITA/install/frenet_conversion:/home/hanjh/F1_TENTH_UNITA/install/f1tenth_gym_ros:/home/hanjh/F1_TENTH_UNITA/install/controller:/home/hanjh/ros2_ws/install/tutorial_topic:/home/hanjh/ros2_ws/install/tutorial_service:/home/hanjh/ros2_ws/install/tutorial_action:/home/hanjh/ros2_ws/install/node_exercise:/home/hanjh/ros2_ws/install/my_package:/home/hanjh/ros2_ws/install/moving_services:/home/hanjh/ros2_ws/install/logger_test:/home/hanjh/ros2_ws/install/elevator_vision:/home/hanjh/ros2_ws/install/ebimu_pkg:/home/hanjh/ros2_ws/install/debug_pkg:/home/hanjh/ros2_ws/install/custom_interface_example:/home/hanjh/ros2_ws/install/camera_perception_pkg:/opt/ros/humble LD_LIBRARY_PATH=/home/hanjh/F1_TENTH_UNITA/install/vesc_msgs/lib:/home/hanjh/F1_TENTH_UNITA/install/vesc_driver/lib:/home/hanjh/F1_TENTH_UNITA/install/vesc_ackermann/lib:/home/hanjh/F1_TENTH_UNITA/install/teleop_tools_msgs/lib:/home/hanjh/F1_TENTH_UNITA/install/f110_msgs/lib:/home/hanjh/ros2_ws/install/custom_interfaces/lib:/usr/lib/x86_64-linux-gnu/gazebo-11/plugins:/opt/ros/humble/opt/rviz_ogre_vendor/lib:/opt/ros/humble/lib/x86_64-linux-gnu:/opt/ros/humble/lib /usr/bin/cmake --build /home/hanjh/F1_TENTH_UNITA/build/vesc_driver -- -j16 -l16
[28.945s] DEBUG:colcon.colcon_core.event_handler.log_command:Invoked command in '/home/hanjh/F1_TENTH_UNITA/build/vesc_ackermann' returned '0': CMAKE_PREFIX_PATH=/home/hanjh/F1_TENTH_UNITA/install/vesc_msgs:/home/hanjh/F1_TENTH_UNITA/install/vesc:/home/hanjh/F1_TENTH_UNITA/install/vesc_driver:/home/hanjh/F1_TENTH_UNITA/install/vesc_ackermann:/home/hanjh/F1_TENTH_UNITA/install/teleop_tools:/home/hanjh/F1_TENTH_UNITA/install/teleop_tools_msgs:/home/hanjh/F1_TENTH_UNITA/install/f110_msgs:/home/hanjh/F1_TENTH_UNITA/install/ackermann_mux:/home/hanjh/ros2_ws/install/custom_interfaces:/home/hanjh/F1_TENTH_UNITA/install/f1tenth_stack:/home/hanjh/F1_TENTH_UNITA/install/joy_teleop:/home/hanjh/F1_TENTH_UNITA/install/steering_lookup:/home/hanjh/F1_TENTH_UNITA/install/state_machine:/home/hanjh/F1_TENTH_UNITA/install/slam_tuner:/home/hanjh/F1_TENTH_UNITA/install/state_estimation:/home/hanjh/F1_TENTH_UNITA/install/map_editor:/home/hanjh/F1_TENTH_UNITA/install/stack_master:/home/hanjh/F1_TENTH_UNITA/install/spline_planner:/home/hanjh/F1_TENTH_UNITA/install/sector_tuner:/home/hanjh/F1_TENTH_UNITA/install/perception:/home/hanjh/F1_TENTH_UNITA/install/opponent_publisher:/home/hanjh/F1_TENTH_UNITA/install/mouse_teleop:/home/hanjh/F1_TENTH_UNITA/install/lap_analyser:/home/hanjh/F1_TENTH_UNITA/install/key_teleop:/home/hanjh/F1_TENTH_UNITA/install/id_controller:/home/hanjh/F1_TENTH_UNITA/install/global_planner:/home/hanjh/F1_TENTH_UNITA/install/frenet_odom_republisher:/home/hanjh/F1_TENTH_UNITA/install/frenet_conversion:/home/hanjh/F1_TENTH_UNITA/install/f1tenth_gym_ros:/home/hanjh/F1_TENTH_UNITA/install/controller:/home/hanjh/ros2_ws/install/tutorial_topic:/home/hanjh/ros2_ws/install/tutorial_service:/home/hanjh/ros2_ws/install/tutorial_action:/home/hanjh/ros2_ws/install/node_exercise:/home/hanjh/ros2_ws/install/my_package:/home/hanjh/ros2_ws/install/moving_services:/home/hanjh/ros2_ws/install/logger_test:/home/hanjh/ros2_ws/install/elevator_vision:/home/hanjh/ros2_ws/install/ebimu_pkg:/home/hanjh/ros2_ws/install/debug_pkg:/home/hanjh/ros2_ws/install/custom_interface_example:/home/hanjh/ros2_ws/install/camera_perception_pkg:/opt/ros/humble LD_LIBRARY_PATH=/home/hanjh/F1_TENTH_UNITA/install/vesc_msgs/lib:/home/hanjh/F1_TENTH_UNITA/install/vesc_driver/lib:/home/hanjh/F1_TENTH_UNITA/install/vesc_ackermann/lib:/home/hanjh/F1_TENTH_UNITA/install/teleop_tools_msgs/lib:/home/hanjh/F1_TENTH_UNITA/install/f110_msgs/lib:/home/hanjh/ros2_ws/install/custom_interfaces/lib:/usr/lib/x86_64-linux-gnu/gazebo-11/plugins:/opt/ros/humble/opt/rviz_ogre_vendor/lib:/opt/ros/humble/lib/x86_64-linux-gnu:/opt/ros/humble/lib /usr/bin/cmake /home/hanjh/F1_TENTH_UNITA/src/race_stack/sensors/vesc/vesc_ackermann -DAMENT_CMAKE_SYMLINK_INSTALL=1 -DCMAKE_INSTALL_PREFIX=/home/hanjh/F1_TENTH_UNITA/install/vesc_ackermann
[28.949s] DEBUG:colcon.colcon_core.event_handler.log_command:Invoking command in '/home/hanjh/F1_TENTH_UNITA/build/vesc_ackermann': CMAKE_PREFIX_PATH=/home/hanjh/F1_TENTH_UNITA/install/vesc_msgs:/home/hanjh/F1_TENTH_UNITA/install/vesc:/home/hanjh/F1_TENTH_UNITA/install/vesc_driver:/home/hanjh/F1_TENTH_UNITA/install/vesc_ackermann:/home/hanjh/F1_TENTH_UNITA/install/teleop_tools:/home/hanjh/F1_TENTH_UNITA/install/teleop_tools_msgs:/home/hanjh/F1_TENTH_UNITA/install/f110_msgs:/home/hanjh/F1_TENTH_UNITA/install/ackermann_mux:/home/hanjh/ros2_ws/install/custom_interfaces:/home/hanjh/F1_TENTH_UNITA/install/f1tenth_stack:/home/hanjh/F1_TENTH_UNITA/install/joy_teleop:/home/hanjh/F1_TENTH_UNITA/install/steering_lookup:/home/hanjh/F1_TENTH_UNITA/install/state_machine:/home/hanjh/F1_TENTH_UNITA/install/slam_tuner:/home/hanjh/F1_TENTH_UNITA/install/state_estimation:/home/hanjh/F1_TENTH_UNITA/install/map_editor:/home/hanjh/F1_TENTH_UNITA/install/stack_master:/home/hanjh/F1_TENTH_UNITA/install/spline_planner:/home/hanjh/F1_TENTH_UNITA/install/sector_tuner:/home/hanjh/F1_TENTH_UNITA/install/perception:/home/hanjh/F1_TENTH_UNITA/install/opponent_publisher:/home/hanjh/F1_TENTH_UNITA/install/mouse_teleop:/home/hanjh/F1_TENTH_UNITA/install/lap_analyser:/home/hanjh/F1_TENTH_UNITA/install/key_teleop:/home/hanjh/F1_TENTH_UNITA/install/id_controller:/home/hanjh/F1_TENTH_UNITA/install/global_planner:/home/hanjh/F1_TENTH_UNITA/install/frenet_odom_republisher:/home/hanjh/F1_TENTH_UNITA/install/frenet_conversion:/home/hanjh/F1_TENTH_UNITA/install/f1tenth_gym_ros:/home/hanjh/F1_TENTH_UNITA/install/controller:/home/hanjh/ros2_ws/install/tutorial_topic:/home/hanjh/ros2_ws/install/tutorial_service:/home/hanjh/ros2_ws/install/tutorial_action:/home/hanjh/ros2_ws/install/node_exercise:/home/hanjh/ros2_ws/install/my_package:/home/hanjh/ros2_ws/install/moving_services:/home/hanjh/ros2_ws/install/logger_test:/home/hanjh/ros2_ws/install/elevator_vision:/home/hanjh/ros2_ws/install/ebimu_pkg:/home/hanjh/ros2_ws/install/debug_pkg:/home/hanjh/ros2_ws/install/custom_interface_example:/home/hanjh/ros2_ws/install/camera_perception_pkg:/opt/ros/humble LD_LIBRARY_PATH=/home/hanjh/F1_TENTH_UNITA/install/vesc_msgs/lib:/home/hanjh/F1_TENTH_UNITA/install/vesc_driver/lib:/home/hanjh/F1_TENTH_UNITA/install/vesc_ackermann/lib:/home/hanjh/F1_TENTH_UNITA/install/teleop_tools_msgs/lib:/home/hanjh/F1_TENTH_UNITA/install/f110_msgs/lib:/home/hanjh/ros2_ws/install/custom_interfaces/lib:/usr/lib/x86_64-linux-gnu/gazebo-11/plugins:/opt/ros/humble/opt/rviz_ogre_vendor/lib:/opt/ros/humble/lib/x86_64-linux-gnu:/opt/ros/humble/lib /usr/bin/cmake --build /home/hanjh/F1_TENTH_UNITA/build/vesc_ackermann -- -j16 -l16
[30.581s] Level 1:colcon.colcon_core.environment:create_environment_scripts_only(f110_msgs)
[30.582s] Level 1:colcon.colcon_core.environment:checking '/home/hanjh/F1_TENTH_UNITA/install/f110_msgs' for CMake module files
[30.585s] DEBUG:colcon.colcon_core.event_handler.log_command:Invoked command in '/home/hanjh/F1_TENTH_UNITA/build/f110_msgs' returned '0': CMAKE_PREFIX_PATH=${CMAKE_PREFIX_PATH}:/home/hanjh/F1_TENTH_UNITA/install/f1tenth_stack:/home/hanjh/F1_TENTH_UNITA/install/joy_teleop:/home/hanjh/F1_TENTH_UNITA/install/steering_lookup:/home/hanjh/F1_TENTH_UNITA/install/state_machine:/home/hanjh/F1_TENTH_UNITA/install/slam_tuner:/home/hanjh/F1_TENTH_UNITA/install/state_estimation:/home/hanjh/F1_TENTH_UNITA/install/map_editor:/home/hanjh/F1_TENTH_UNITA/install/stack_master:/home/hanjh/F1_TENTH_UNITA/install/spline_planner:/home/hanjh/F1_TENTH_UNITA/install/sector_tuner:/home/hanjh/F1_TENTH_UNITA/install/perception:/home/hanjh/F1_TENTH_UNITA/install/opponent_publisher:/home/hanjh/F1_TENTH_UNITA/install/mouse_teleop:/home/hanjh/F1_TENTH_UNITA/install/lap_analyser:/home/hanjh/F1_TENTH_UNITA/install/key_teleop:/home/hanjh/F1_TENTH_UNITA/install/id_controller:/home/hanjh/F1_TENTH_UNITA/install/global_planner:/home/hanjh/F1_TENTH_UNITA/install/frenet_odom_republisher:/home/hanjh/F1_TENTH_UNITA/install/frenet_conversion:/home/hanjh/F1_TENTH_UNITA/install/f1tenth_gym_ros:/home/hanjh/F1_TENTH_UNITA/install/controller:/home/hanjh/ros2_ws/install/tutorial_topic:/home/hanjh/ros2_ws/install/tutorial_service:/home/hanjh/ros2_ws/install/tutorial_action:/home/hanjh/ros2_ws/install/node_exercise:/home/hanjh/ros2_ws/install/my_package:/home/hanjh/ros2_ws/install/moving_services:/home/hanjh/ros2_ws/install/logger_test:/home/hanjh/ros2_ws/install/elevator_vision:/home/hanjh/ros2_ws/install/ebimu_pkg:/home/hanjh/ros2_ws/install/debug_pkg:/home/hanjh/ros2_ws/install/custom_interface_example:/home/hanjh/ros2_ws/install/camera_perception_pkg:/opt/ros/humble /usr/bin/cmake --install /home/hanjh/F1_TENTH_UNITA/build/f110_msgs
[30.587s] Level 1:colcon.colcon_core.environment:checking '/home/hanjh/F1_TENTH_UNITA/install/f110_msgs' for CMake config files
[30.593s] Level 1:colcon.colcon_core.shell:create_environment_hook('f110_msgs', 'cmake_prefix_path')
[30.595s] INFO:colcon.colcon_core.shell:Creating environment hook '/home/hanjh/F1_TENTH_UNITA/install/f110_msgs/share/f110_msgs/hook/cmake_prefix_path.ps1'
[30.597s] INFO:colcon.colcon_core.shell:Creating environment descriptor '/home/hanjh/F1_TENTH_UNITA/install/f110_msgs/share/f110_msgs/hook/cmake_prefix_path.dsv'
[30.599s] INFO:colcon.colcon_core.shell:Creating environment hook '/home/hanjh/F1_TENTH_UNITA/install/f110_msgs/share/f110_msgs/hook/cmake_prefix_path.sh'
[30.602s] Level 1:colcon.colcon_core.environment:checking '/home/hanjh/F1_TENTH_UNITA/install/f110_msgs/lib'
[30.603s] Level 1:colcon.colcon_core.shell:create_environment_hook('f110_msgs', 'ld_library_path_lib')
[30.604s] INFO:colcon.colcon_core.shell:Creating environment hook '/home/hanjh/F1_TENTH_UNITA/install/f110_msgs/share/f110_msgs/hook/ld_library_path_lib.ps1'
[30.606s] INFO:colcon.colcon_core.shell:Creating environment descriptor '/home/hanjh/F1_TENTH_UNITA/install/f110_msgs/share/f110_msgs/hook/ld_library_path_lib.dsv'
[30.607s] INFO:colcon.colcon_core.shell:Creating environment hook '/home/hanjh/F1_TENTH_UNITA/install/f110_msgs/share/f110_msgs/hook/ld_library_path_lib.sh'
[30.609s] Level 1:colcon.colcon_core.environment:checking '/home/hanjh/F1_TENTH_UNITA/install/f110_msgs/bin'
[30.609s] Level 1:colcon.colcon_core.environment:checking '/home/hanjh/F1_TENTH_UNITA/install/f110_msgs/lib/pkgconfig/f110_msgs.pc'
[30.610s] Level 1:colcon.colcon_core.environment:checking '/home/hanjh/F1_TENTH_UNITA/install/f110_msgs/lib/python3.10/site-packages'
[30.612s] Level 1:colcon.colcon_core.environment:checking '/home/hanjh/F1_TENTH_UNITA/install/f110_msgs/bin'
[30.613s] INFO:colcon.colcon_core.shell:Creating package script '/home/hanjh/F1_TENTH_UNITA/install/f110_msgs/share/f110_msgs/package.ps1'
[30.623s] INFO:colcon.colcon_core.shell:Creating package descriptor '/home/hanjh/F1_TENTH_UNITA/install/f110_msgs/share/f110_msgs/package.dsv'
[30.625s] INFO:colcon.colcon_core.shell:Creating package script '/home/hanjh/F1_TENTH_UNITA/install/f110_msgs/share/f110_msgs/package.sh'
[30.626s] INFO:colcon.colcon_core.shell:Creating package script '/home/hanjh/F1_TENTH_UNITA/install/f110_msgs/share/f110_msgs/package.bash'
[30.628s] INFO:colcon.colcon_core.shell:Creating package script '/home/hanjh/F1_TENTH_UNITA/install/f110_msgs/share/f110_msgs/package.zsh'
[30.629s] Level 1:colcon.colcon_core.environment:create_file_with_runtime_dependencies(/home/hanjh/F1_TENTH_UNITA/install/f110_msgs/share/colcon-core/packages/f110_msgs)
[30.638s] Level 1:colcon.colcon_core.environment:create_environment_scripts_only(f110_msgs)
[30.639s] Level 1:colcon.colcon_core.environment:checking '/home/hanjh/F1_TENTH_UNITA/install/f110_msgs' for CMake module files
[30.641s] Level 1:colcon.colcon_core.environment:checking '/home/hanjh/F1_TENTH_UNITA/install/f110_msgs' for CMake config files
[30.643s] Level 1:colcon.colcon_core.shell:create_environment_hook('f110_msgs', 'cmake_prefix_path')
[30.644s] INFO:colcon.colcon_core.shell:Creating environment hook '/home/hanjh/F1_TENTH_UNITA/install/f110_msgs/share/f110_msgs/hook/cmake_prefix_path.ps1'
[30.646s] INFO:colcon.colcon_core.shell:Creating environment descriptor '/home/hanjh/F1_TENTH_UNITA/install/f110_msgs/share/f110_msgs/hook/cmake_prefix_path.dsv'
[30.648s] INFO:colcon.colcon_core.shell:Creating environment hook '/home/hanjh/F1_TENTH_UNITA/install/f110_msgs/share/f110_msgs/hook/cmake_prefix_path.sh'
[30.650s] Level 1:colcon.colcon_core.environment:checking '/home/hanjh/F1_TENTH_UNITA/install/f110_msgs/lib'
[30.650s] Level 1:colcon.colcon_core.shell:create_environment_hook('f110_msgs', 'ld_library_path_lib')
[30.651s] INFO:colcon.colcon_core.shell:Creating environment hook '/home/hanjh/F1_TENTH_UNITA/install/f110_msgs/share/f110_msgs/hook/ld_library_path_lib.ps1'
[30.653s] INFO:colcon.colcon_core.shell:Creating environment descriptor '/home/hanjh/F1_TENTH_UNITA/install/f110_msgs/share/f110_msgs/hook/ld_library_path_lib.dsv'
[30.655s] INFO:colcon.colcon_core.shell:Creating environment hook '/home/hanjh/F1_TENTH_UNITA/install/f110_msgs/share/f110_msgs/hook/ld_library_path_lib.sh'
[30.656s] Level 1:colcon.colcon_core.environment:checking '/home/hanjh/F1_TENTH_UNITA/install/f110_msgs/bin'
[30.657s] Level 1:colcon.colcon_core.environment:checking '/home/hanjh/F1_TENTH_UNITA/install/f110_msgs/lib/pkgconfig/f110_msgs.pc'
[30.658s] Level 1:colcon.colcon_core.environment:checking '/home/hanjh/F1_TENTH_UNITA/install/f110_msgs/lib/python3.10/site-packages'
[30.659s] Level 1:colcon.colcon_core.environment:checking '/home/hanjh/F1_TENTH_UNITA/install/f110_msgs/bin'
[30.661s] INFO:colcon.colcon_core.shell:Creating package script '/home/hanjh/F1_TENTH_UNITA/install/f110_msgs/share/f110_msgs/package.ps1'
[30.665s] INFO:colcon.colcon_core.shell:Creating package descriptor '/home/hanjh/F1_TENTH_UNITA/install/f110_msgs/share/f110_msgs/package.dsv'
[30.667s] INFO:colcon.colcon_core.shell:Creating package script '/home/hanjh/F1_TENTH_UNITA/install/f110_msgs/share/f110_msgs/package.sh'
[30.669s] INFO:colcon.colcon_core.shell:Creating package script '/home/hanjh/F1_TENTH_UNITA/install/f110_msgs/share/f110_msgs/package.bash'
[30.670s] INFO:colcon.colcon_core.shell:Creating package script '/home/hanjh/F1_TENTH_UNITA/install/f110_msgs/share/f110_msgs/package.zsh'
[30.672s] Level 1:colcon.colcon_core.environment:create_file_with_runtime_dependencies(/home/hanjh/F1_TENTH_UNITA/install/f110_msgs/share/colcon-core/packages/f110_msgs)
[30.674s] INFO:colcon.colcon_ros.task.ament_python.build:Building ROS package in '/home/hanjh/F1_TENTH_UNITA/src/race_stack/utilities/nodes/map_editor' with build type 'ament_python'
[30.675s] Level 1:colcon.colcon_core.shell:create_environment_hook('map_editor', 'ament_prefix_path')
[30.676s] INFO:colcon.colcon_core.shell:Creating environment hook '/home/hanjh/F1_TENTH_UNITA/install/map_editor/share/map_editor/hook/ament_prefix_path.ps1'
[30.679s] INFO:colcon.colcon_core.shell:Creating environment descriptor '/home/hanjh/F1_TENTH_UNITA/install/map_editor/share/map_editor/hook/ament_prefix_path.dsv'
[30.680s] INFO:colcon.colcon_core.shell:Creating environment hook '/home/hanjh/F1_TENTH_UNITA/install/map_editor/share/map_editor/hook/ament_prefix_path.sh'
[30.682s] INFO:colcon.colcon_core.shell:Skip shell extension 'powershell' for command environment: Not usable outside of PowerShell
[30.683s] DEBUG:colcon.colcon_core.shell:Skip shell extension 'dsv' for command environment
[32.326s] INFO:colcon.colcon_core.task.python.build:Building Python package in '/home/hanjh/F1_TENTH_UNITA/src/race_stack/utilities/nodes/map_editor'
[32.327s] INFO:colcon.colcon_core.shell:Skip shell extension 'powershell' for command environment: Not usable outside of PowerShell
[32.327s] DEBUG:colcon.colcon_core.shell:Skip shell extension 'dsv' for command environment
[33.954s] DEBUG:colcon.colcon_core.event_handler.log_command:Invoking command in '/home/hanjh/F1_TENTH_UNITA/build/map_editor': AMENT_PREFIX_PATH=/home/hanjh/F1_TENTH_UNITA/install/stack_master:/home/hanjh/F1_TENTH_UNITA/install/global_planner:/home/hanjh/F1_TENTH_UNITA/install/f1tenth_stack:/home/hanjh/F1_TENTH_UNITA/install/vesc:/home/hanjh/F1_TENTH_UNITA/install/vesc_driver:/home/hanjh/F1_TENTH_UNITA/install/vesc_ackermann:/home/hanjh/F1_TENTH_UNITA/install/vesc_msgs:/home/hanjh/F1_TENTH_UNITA/install/teleop_tools:/home/hanjh/F1_TENTH_UNITA/install/joy_teleop:/home/hanjh/F1_TENTH_UNITA/install/teleop_tools_msgs:/home/hanjh/F1_TENTH_UNITA/install/steering_lookup:/home/hanjh/F1_TENTH_UNITA/install/state_machine:/home/hanjh/F1_TENTH_UNITA/install/slam_tuner:/home/hanjh/F1_TENTH_UNITA/install/state_estimation:/home/hanjh/F1_TENTH_UNITA/install/map_editor:/home/hanjh/F1_TENTH_UNITA/install/spline_planner:/home/hanjh/F1_TENTH_UNITA/install/sector_tuner:/home/hanjh/F1_TENTH_UNITA/install/perception:/home/hanjh/F1_TENTH_UNITA/install/opponent_publisher:/home/hanjh/F1_TENTH_UNITA/install/mouse_teleop:/home/hanjh/F1_TENTH_UNITA/install/lap_analyser:/home/hanjh/F1_TENTH_UNITA/install/key_teleop:/home/hanjh/F1_TENTH_UNITA/install/id_controller:/home/hanjh/F1_TENTH_UNITA/install/frenet_odom_republisher:/home/hanjh/F1_TENTH_UNITA/install/frenet_conversion:/home/hanjh/F1_TENTH_UNITA/install/f1tenth_gym_ros:/home/hanjh/F1_TENTH_UNITA/install/f110_msgs:/home/hanjh/F1_TENTH_UNITA/install/controller:/home/hanjh/F1_TENTH_UNITA/install/ackermann_mux:/home/hanjh/ros2_ws/install/tutorial_topic:/home/hanjh/ros2_ws/install/tutorial_service:/home/hanjh/ros2_ws/install/tutorial_action:/home/hanjh/ros2_ws/install/node_exercise:/home/hanjh/ros2_ws/install/my_package:/home/hanjh/ros2_ws/install/moving_services:/home/hanjh/ros2_ws/install/logger_test:/home/hanjh/ros2_ws/install/elevator_vision:/home/hanjh/ros2_ws/install/ebimu_pkg:/home/hanjh/ros2_ws/install/debug_pkg:/home/hanjh/ros2_ws/install/custom_interface_example:/home/hanjh/ros2_ws/install/custom_interfaces:/home/hanjh/ros2_ws/install/camera_perception_pkg:/opt/ros/humble CMAKE_PREFIX_PATH=/home/hanjh/F1_TENTH_UNITA/install/f110_msgs:/home/hanjh/F1_TENTH_UNITA/install/vesc:/home/hanjh/F1_TENTH_UNITA/install/vesc_driver:/home/hanjh/F1_TENTH_UNITA/install/vesc_ackermann:/home/hanjh/F1_TENTH_UNITA/install/vesc_msgs:/home/hanjh/F1_TENTH_UNITA/install/teleop_tools:/home/hanjh/F1_TENTH_UNITA/install/teleop_tools_msgs:/home/hanjh/F1_TENTH_UNITA/install/ackermann_mux:/home/hanjh/ros2_ws/install/custom_interfaces LD_LIBRARY_PATH=/home/hanjh/F1_TENTH_UNITA/install/f110_msgs/lib:/home/hanjh/F1_TENTH_UNITA/install/vesc_driver/lib:/home/hanjh/F1_TENTH_UNITA/install/vesc_ackermann/lib:/home/hanjh/F1_TENTH_UNITA/install/vesc_msgs/lib:/home/hanjh/F1_TENTH_UNITA/install/teleop_tools_msgs/lib:/home/hanjh/ros2_ws/install/custom_interfaces/lib:/usr/lib/x86_64-linux-gnu/gazebo-11/plugins:/opt/ros/humble/opt/rviz_ogre_vendor/lib:/opt/ros/humble/lib/x86_64-linux-gnu:/opt/ros/humble/lib PYTHONPATH=/home/hanjh/F1_TENTH_UNITA/build/map_editor/prefix_override:/usr/lib/python3/dist-packages/colcon_core/task/python/colcon_distutils_commands:/home/hanjh/F1_TENTH_UNITA/install/map_editor/lib/python3.10/site-packages:/home/hanjh/F1_TENTH_UNITA/build/stack_master:/home/hanjh/F1_TENTH_UNITA/install/stack_master/lib/python3.10/site-packages:/home/hanjh/F1_TENTH_UNITA/build/global_planner:/home/hanjh/F1_TENTH_UNITA/install/global_planner/lib/python3.10/site-packages:/home/hanjh/F1_TENTH_UNITA/build/f1tenth_stack:/home/hanjh/F1_TENTH_UNITA/install/f1tenth_stack/lib/python3.10/site-packages:/home/hanjh/F1_TENTH_UNITA/install/vesc_msgs/local/lib/python3.10/dist-packages:/home/hanjh/F1_TENTH_UNITA/build/joy_teleop:/home/hanjh/F1_TENTH_UNITA/install/joy_teleop/lib/python3.10/site-packages:/home/hanjh/F1_TENTH_UNITA/install/teleop_tools_msgs/local/lib/python3.10/dist-packages:/home/hanjh/F1_TENTH_UNITA/build/steering_lookup:/home/hanjh/F1_TENTH_UNITA/install/steering_lookup/lib/python3.10/site-packages:/home/hanjh/F1_TENTH_UNITA/build/state_machine:/home/hanjh/F1_TENTH_UNITA/install/state_machine/lib/python3.10/site-packages:/home/hanjh/F1_TENTH_UNITA/build/slam_tuner:/home/hanjh/F1_TENTH_UNITA/install/slam_tuner/lib/python3.10/site-packages:/home/hanjh/F1_TENTH_UNITA/build/state_estimation:/home/hanjh/F1_TENTH_UNITA/install/state_estimation/lib/python3.10/site-packages:/home/hanjh/F1_TENTH_UNITA/build/map_editor:/home/hanjh/F1_TENTH_UNITA/install/map_editor/lib/python3.10/site-packages:/home/hanjh/F1_TENTH_UNITA/build/spline_planner:/home/hanjh/F1_TENTH_UNITA/install/spline_planner/lib/python3.10/site-packages:/home/hanjh/F1_TENTH_UNITA/build/sector_tuner:/home/hanjh/F1_TENTH_UNITA/install/sector_tuner/lib/python3.10/site-packages:/home/hanjh/F1_TENTH_UNITA/build/perception:/home/hanjh/F1_TENTH_UNITA/install/perception/lib/python3.10/site-packages:/home/hanjh/F1_TENTH_UNITA/build/opponent_publisher:/home/hanjh/F1_TENTH_UNITA/install/opponent_publisher/lib/python3.10/site-packages:/home/hanjh/F1_TENTH_UNITA/build/mouse_teleop:/home/hanjh/F1_TENTH_UNITA/install/mouse_teleop/lib/python3.10/site-packages:/home/hanjh/F1_TENTH_UNITA/build/lap_analyser:/home/hanjh/F1_TENTH_UNITA/install/lap_analyser/lib/python3.10/site-packages:/home/hanjh/F1_TENTH_UNITA/build/key_teleop:/home/hanjh/F1_TENTH_UNITA/install/key_teleop/lib/python3.10/site-packages:/home/hanjh/F1_TENTH_UNITA/build/id_controller:/home/hanjh/F1_TENTH_UNITA/install/id_controller/lib/python3.10/site-packages:/home/hanjh/F1_TENTH_UNITA/build/frenet_odom_republisher:/home/hanjh/F1_TENTH_UNITA/install/frenet_odom_republisher/lib/python3.10/site-packages:/home/hanjh/F1_TENTH_UNITA/build/frenet_conversion:/home/hanjh/F1_TENTH_UNITA/install/frenet_conversion/lib/python3.10/site-packages:/home/hanjh/F1_TENTH_UNITA/build/f1tenth_gym_ros:/home/hanjh/F1_TENTH_UNITA/install/f1tenth_gym_ros/lib/python3.10/site-packages:/home/hanjh/F1_TENTH_UNITA/install/f110_msgs/local/lib/python3.10/dist-packages:/home/hanjh/F1_TENTH_UNITA/build/controller:/home/hanjh/F1_TENTH_UNITA/install/controller/lib/python3.10/site-packages:/home/hanjh/ros2_ws/build/tutorial_topic:/home/hanjh/ros2_ws/install/tutorial_topic/lib/python3.10/site-packages:/home/hanjh/ros2_ws/build/tutorial_service:/home/hanjh/ros2_ws/install/tutorial_service/lib/python3.10/site-packages:/home/hanjh/ros2_ws/build/tutorial_action:/home/hanjh/ros2_ws/install/tutorial_action/lib/python3.10/site-packages:/home/hanjh/ros2_ws/build/node_exercise:/home/hanjh/ros2_ws/install/node_exercise/lib/python3.10/site-packages:/home/hanjh/ros2_ws/build/my_package:/home/hanjh/ros2_ws/install/my_package/lib/python3.10/site-packages:/home/hanjh/ros2_ws/build/moving_services:/home/hanjh/ros2_ws/install/moving_services/lib/python3.10/site-packages:/home/hanjh/ros2_ws/build/logger_test:/home/hanjh/ros2_ws/install/logger_test/lib/python3.10/site-packages:/home/hanjh/ros2_ws/build/elevator_vision:/home/hanjh/ros2_ws/install/elevator_vision/lib/python3.10/site-packages:/home/hanjh/ros2_ws/build/ebimu_pkg:/home/hanjh/ros2_ws/install/ebimu_pkg/lib/python3.10/site-packages:/home/hanjh/ros2_ws/build/debug_pkg:/home/hanjh/ros2_ws/install/debug_pkg/lib/python3.10/site-packages:/home/hanjh/ros2_ws/build/custom_interface_example:/home/hanjh/ros2_ws/install/custom_interface_example/lib/python3.10/site-packages:/home/hanjh/ros2_ws/install/custom_interfaces/local/lib/python3.10/dist-packages:/home/hanjh/ros2_ws/build/camera_perception_pkg:/home/hanjh/ros2_ws/install/camera_perception_pkg/lib/python3.10/site-packages:/opt/ros/humble/lib/python3.10/site-packages:/opt/ros/humble/local/lib/python3.10/dist-packages /usr/bin/python3 -W ignore:setup.py install is deprecated -W ignore:easy_install command is deprecated setup.py develop --editable --build-directory /home/hanjh/F1_TENTH_UNITA/build/map_editor/build --no-deps symlink_data
[35.899s] Level 1:colcon.colcon_core.shell:create_environment_hook('map_editor', 'pythonpath_develop')
[35.900s] INFO:colcon.colcon_core.shell:Creating environment hook '/home/hanjh/F1_TENTH_UNITA/build/map_editor/share/map_editor/hook/pythonpath_develop.ps1'
[35.902s] DEBUG:colcon.colcon_core.event_handler.log_command:Invoked command in '/home/hanjh/F1_TENTH_UNITA/build/map_editor' returned '0': AMENT_PREFIX_PATH=/home/hanjh/F1_TENTH_UNITA/install/stack_master:/home/hanjh/F1_TENTH_UNITA/install/global_planner:/home/hanjh/F1_TENTH_UNITA/install/f1tenth_stack:/home/hanjh/F1_TENTH_UNITA/install/vesc:/home/hanjh/F1_TENTH_UNITA/install/vesc_driver:/home/hanjh/F1_TENTH_UNITA/install/vesc_ackermann:/home/hanjh/F1_TENTH_UNITA/install/vesc_msgs:/home/hanjh/F1_TENTH_UNITA/install/teleop_tools:/home/hanjh/F1_TENTH_UNITA/install/joy_teleop:/home/hanjh/F1_TENTH_UNITA/install/teleop_tools_msgs:/home/hanjh/F1_TENTH_UNITA/install/steering_lookup:/home/hanjh/F1_TENTH_UNITA/install/state_machine:/home/hanjh/F1_TENTH_UNITA/install/slam_tuner:/home/hanjh/F1_TENTH_UNITA/install/state_estimation:/home/hanjh/F1_TENTH_UNITA/install/map_editor:/home/hanjh/F1_TENTH_UNITA/install/spline_planner:/home/hanjh/F1_TENTH_UNITA/install/sector_tuner:/home/hanjh/F1_TENTH_UNITA/install/perception:/home/hanjh/F1_TENTH_UNITA/install/opponent_publisher:/home/hanjh/F1_TENTH_UNITA/install/mouse_teleop:/home/hanjh/F1_TENTH_UNITA/install/lap_analyser:/home/hanjh/F1_TENTH_UNITA/install/key_teleop:/home/hanjh/F1_TENTH_UNITA/install/id_controller:/home/hanjh/F1_TENTH_UNITA/install/frenet_odom_republisher:/home/hanjh/F1_TENTH_UNITA/install/frenet_conversion:/home/hanjh/F1_TENTH_UNITA/install/f1tenth_gym_ros:/home/hanjh/F1_TENTH_UNITA/install/f110_msgs:/home/hanjh/F1_TENTH_UNITA/install/controller:/home/hanjh/F1_TENTH_UNITA/install/ackermann_mux:/home/hanjh/ros2_ws/install/tutorial_topic:/home/hanjh/ros2_ws/install/tutorial_service:/home/hanjh/ros2_ws/install/tutorial_action:/home/hanjh/ros2_ws/install/node_exercise:/home/hanjh/ros2_ws/install/my_package:/home/hanjh/ros2_ws/install/moving_services:/home/hanjh/ros2_ws/install/logger_test:/home/hanjh/ros2_ws/install/elevator_vision:/home/hanjh/ros2_ws/install/ebimu_pkg:/home/hanjh/ros2_ws/install/debug_pkg:/home/hanjh/ros2_ws/install/custom_interface_example:/home/hanjh/ros2_ws/install/custom_interfaces:/home/hanjh/ros2_ws/install/camera_perception_pkg:/opt/ros/humble CMAKE_PREFIX_PATH=/home/hanjh/F1_TENTH_UNITA/install/f110_msgs:/home/hanjh/F1_TENTH_UNITA/install/vesc:/home/hanjh/F1_TENTH_UNITA/install/vesc_driver:/home/hanjh/F1_TENTH_UNITA/install/vesc_ackermann:/home/hanjh/F1_TENTH_UNITA/install/vesc_msgs:/home/hanjh/F1_TENTH_UNITA/install/teleop_tools:/home/hanjh/F1_TENTH_UNITA/install/teleop_tools_msgs:/home/hanjh/F1_TENTH_UNITA/install/ackermann_mux:/home/hanjh/ros2_ws/install/custom_interfaces LD_LIBRARY_PATH=/home/hanjh/F1_TENTH_UNITA/install/f110_msgs/lib:/home/hanjh/F1_TENTH_UNITA/install/vesc_driver/lib:/home/hanjh/F1_TENTH_UNITA/install/vesc_ackermann/lib:/home/hanjh/F1_TENTH_UNITA/install/vesc_msgs/lib:/home/hanjh/F1_TENTH_UNITA/install/teleop_tools_msgs/lib:/home/hanjh/ros2_ws/install/custom_interfaces/lib:/usr/lib/x86_64-linux-gnu/gazebo-11/plugins:/opt/ros/humble/opt/rviz_ogre_vendor/lib:/opt/ros/humble/lib/x86_64-linux-gnu:/opt/ros/humble/lib PYTHONPATH=/home/hanjh/F1_TENTH_UNITA/build/map_editor/prefix_override:/usr/lib/python3/dist-packages/colcon_core/task/python/colcon_distutils_commands:/home/hanjh/F1_TENTH_UNITA/install/map_editor/lib/python3.10/site-packages:/home/hanjh/F1_TENTH_UNITA/build/stack_master:/home/hanjh/F1_TENTH_UNITA/install/stack_master/lib/python3.10/site-packages:/home/hanjh/F1_TENTH_UNITA/build/global_planner:/home/hanjh/F1_TENTH_UNITA/install/global_planner/lib/python3.10/site-packages:/home/hanjh/F1_TENTH_UNITA/build/f1tenth_stack:/home/hanjh/F1_TENTH_UNITA/install/f1tenth_stack/lib/python3.10/site-packages:/home/hanjh/F1_TENTH_UNITA/install/vesc_msgs/local/lib/python3.10/dist-packages:/home/hanjh/F1_TENTH_UNITA/build/joy_teleop:/home/hanjh/F1_TENTH_UNITA/install/joy_teleop/lib/python3.10/site-packages:/home/hanjh/F1_TENTH_UNITA/install/teleop_tools_msgs/local/lib/python3.10/dist-packages:/home/hanjh/F1_TENTH_UNITA/build/steering_lookup:/home/hanjh/F1_TENTH_UNITA/install/steering_lookup/lib/python3.10/site-packages:/home/hanjh/F1_TENTH_UNITA/build/state_machine:/home/hanjh/F1_TENTH_UNITA/install/state_machine/lib/python3.10/site-packages:/home/hanjh/F1_TENTH_UNITA/build/slam_tuner:/home/hanjh/F1_TENTH_UNITA/install/slam_tuner/lib/python3.10/site-packages:/home/hanjh/F1_TENTH_UNITA/build/state_estimation:/home/hanjh/F1_TENTH_UNITA/install/state_estimation/lib/python3.10/site-packages:/home/hanjh/F1_TENTH_UNITA/build/map_editor:/home/hanjh/F1_TENTH_UNITA/install/map_editor/lib/python3.10/site-packages:/home/hanjh/F1_TENTH_UNITA/build/spline_planner:/home/hanjh/F1_TENTH_UNITA/install/spline_planner/lib/python3.10/site-packages:/home/hanjh/F1_TENTH_UNITA/build/sector_tuner:/home/hanjh/F1_TENTH_UNITA/install/sector_tuner/lib/python3.10/site-packages:/home/hanjh/F1_TENTH_UNITA/build/perception:/home/hanjh/F1_TENTH_UNITA/install/perception/lib/python3.10/site-packages:/home/hanjh/F1_TENTH_UNITA/build/opponent_publisher:/home/hanjh/F1_TENTH_UNITA/install/opponent_publisher/lib/python3.10/site-packages:/home/hanjh/F1_TENTH_UNITA/build/mouse_teleop:/home/hanjh/F1_TENTH_UNITA/install/mouse_teleop/lib/python3.10/site-packages:/home/hanjh/F1_TENTH_UNITA/build/lap_analyser:/home/hanjh/F1_TENTH_UNITA/install/lap_analyser/lib/python3.10/site-packages:/home/hanjh/F1_TENTH_UNITA/build/key_teleop:/home/hanjh/F1_TENTH_UNITA/install/key_teleop/lib/python3.10/site-packages:/home/hanjh/F1_TENTH_UNITA/build/id_controller:/home/hanjh/F1_TENTH_UNITA/install/id_controller/lib/python3.10/site-packages:/home/hanjh/F1_TENTH_UNITA/build/frenet_odom_republisher:/home/hanjh/F1_TENTH_UNITA/install/frenet_odom_republisher/lib/python3.10/site-packages:/home/hanjh/F1_TENTH_UNITA/build/frenet_conversion:/home/hanjh/F1_TENTH_UNITA/install/frenet_conversion/lib/python3.10/site-packages:/home/hanjh/F1_TENTH_UNITA/build/f1tenth_gym_ros:/home/hanjh/F1_TENTH_UNITA/install/f1tenth_gym_ros/lib/python3.10/site-packages:/home/hanjh/F1_TENTH_UNITA/install/f110_msgs/local/lib/python3.10/dist-packages:/home/hanjh/F1_TENTH_UNITA/build/controller:/home/hanjh/F1_TENTH_UNITA/install/controller/lib/python3.10/site-packages:/home/hanjh/ros2_ws/build/tutorial_topic:/home/hanjh/ros2_ws/install/tutorial_topic/lib/python3.10/site-packages:/home/hanjh/ros2_ws/build/tutorial_service:/home/hanjh/ros2_ws/install/tutorial_service/lib/python3.10/site-packages:/home/hanjh/ros2_ws/build/tutorial_action:/home/hanjh/ros2_ws/install/tutorial_action/lib/python3.10/site-packages:/home/hanjh/ros2_ws/build/node_exercise:/home/hanjh/ros2_ws/install/node_exercise/lib/python3.10/site-packages:/home/hanjh/ros2_ws/build/my_package:/home/hanjh/ros2_ws/install/my_package/lib/python3.10/site-packages:/home/hanjh/ros2_ws/build/moving_services:/home/hanjh/ros2_ws/install/moving_services/lib/python3.10/site-packages:/home/hanjh/ros2_ws/build/logger_test:/home/hanjh/ros2_ws/install/logger_test/lib/python3.10/site-packages:/home/hanjh/ros2_ws/build/elevator_vision:/home/hanjh/ros2_ws/install/elevator_vision/lib/python3.10/site-packages:/home/hanjh/ros2_ws/build/ebimu_pkg:/home/hanjh/ros2_ws/install/ebimu_pkg/lib/python3.10/site-packages:/home/hanjh/ros2_ws/build/debug_pkg:/home/hanjh/ros2_ws/install/debug_pkg/lib/python3.10/site-packages:/home/hanjh/ros2_ws/build/custom_interface_example:/home/hanjh/ros2_ws/install/custom_interface_example/lib/python3.10/site-packages:/home/hanjh/ros2_ws/install/custom_interfaces/local/lib/python3.10/dist-packages:/home/hanjh/ros2_ws/build/camera_perception_pkg:/home/hanjh/ros2_ws/install/camera_perception_pkg/lib/python3.10/site-packages:/opt/ros/humble/lib/python3.10/site-packages:/opt/ros/humble/local/lib/python3.10/dist-packages /usr/bin/python3 -W ignore:setup.py install is deprecated -W ignore:easy_install command is deprecated setup.py develop --editable --build-directory /home/hanjh/F1_TENTH_UNITA/build/map_editor/build --no-deps symlink_data
[35.903s] INFO:colcon.colcon_core.shell:Creating environment descriptor '/home/hanjh/F1_TENTH_UNITA/build/map_editor/share/map_editor/hook/pythonpath_develop.dsv'
[35.903s] INFO:colcon.colcon_core.shell:Creating environment hook '/home/hanjh/F1_TENTH_UNITA/build/map_editor/share/map_editor/hook/pythonpath_develop.sh'
[35.904s] Level 1:colcon.colcon_core.environment:checking '/home/hanjh/F1_TENTH_UNITA/install/map_editor' for CMake module files
[35.905s] Level 1:colcon.colcon_core.environment:checking '/home/hanjh/F1_TENTH_UNITA/install/map_editor' for CMake config files
[35.906s] Level 1:colcon.colcon_core.environment:checking '/home/hanjh/F1_TENTH_UNITA/install/map_editor/lib'
[35.906s] Level 1:colcon.colcon_core.environment:checking '/home/hanjh/F1_TENTH_UNITA/install/map_editor/bin'
[35.906s] Level 1:colcon.colcon_core.environment:checking '/home/hanjh/F1_TENTH_UNITA/install/map_editor/lib/pkgconfig/map_editor.pc'
[35.906s] Level 1:colcon.colcon_core.environment:checking '/home/hanjh/F1_TENTH_UNITA/install/map_editor/lib/python3.10/site-packages'
[35.906s] Level 1:colcon.colcon_core.shell:create_environment_hook('map_editor', 'pythonpath')
[35.907s] INFO:colcon.colcon_core.shell:Creating environment hook '/home/hanjh/F1_TENTH_UNITA/install/map_editor/share/map_editor/hook/pythonpath.ps1'
[35.907s] INFO:colcon.colcon_core.shell:Creating environment descriptor '/home/hanjh/F1_TENTH_UNITA/install/map_editor/share/map_editor/hook/pythonpath.dsv'
[35.908s] INFO:colcon.colcon_core.shell:Creating environment hook '/home/hanjh/F1_TENTH_UNITA/install/map_editor/share/map_editor/hook/pythonpath.sh'
[35.909s] Level 1:colcon.colcon_core.environment:checking '/home/hanjh/F1_TENTH_UNITA/install/map_editor/bin'
[35.909s] Level 1:colcon.colcon_core.environment:create_environment_scripts_only(map_editor)
[35.910s] INFO:colcon.colcon_core.shell:Creating package script '/home/hanjh/F1_TENTH_UNITA/install/map_editor/share/map_editor/package.ps1'
[35.911s] INFO:colcon.colcon_core.shell:Creating package descriptor '/home/hanjh/F1_TENTH_UNITA/install/map_editor/share/map_editor/package.dsv'
[35.912s] INFO:colcon.colcon_core.shell:Creating package script '/home/hanjh/F1_TENTH_UNITA/install/map_editor/share/map_editor/package.sh'
[35.912s] INFO:colcon.colcon_core.shell:Creating package script '/home/hanjh/F1_TENTH_UNITA/install/map_editor/share/map_editor/package.bash'
[35.913s] INFO:colcon.colcon_core.shell:Creating package script '/home/hanjh/F1_TENTH_UNITA/install/map_editor/share/map_editor/package.zsh'
[35.913s] Level 1:colcon.colcon_core.environment:create_file_with_runtime_dependencies(/home/hanjh/F1_TENTH_UNITA/install/map_editor/share/colcon-core/packages/map_editor)
[40.222s] DEBUG:colcon.colcon_core.event_handler.log_command:Invoked command in '/home/hanjh/F1_TENTH_UNITA/build/ackermann_mux' returned '0': CMAKE_PREFIX_PATH=${CMAKE_PREFIX_PATH}:/home/hanjh/F1_TENTH_UNITA/install/f1tenth_stack:/home/hanjh/F1_TENTH_UNITA/install/joy_teleop:/home/hanjh/F1_TENTH_UNITA/install/steering_lookup:/home/hanjh/F1_TENTH_UNITA/install/state_machine:/home/hanjh/F1_TENTH_UNITA/install/slam_tuner:/home/hanjh/F1_TENTH_UNITA/install/state_estimation:/home/hanjh/F1_TENTH_UNITA/install/map_editor:/home/hanjh/F1_TENTH_UNITA/install/stack_master:/home/hanjh/F1_TENTH_UNITA/install/spline_planner:/home/hanjh/F1_TENTH_UNITA/install/sector_tuner:/home/hanjh/F1_TENTH_UNITA/install/perception:/home/hanjh/F1_TENTH_UNITA/install/opponent_publisher:/home/hanjh/F1_TENTH_UNITA/install/mouse_teleop:/home/hanjh/F1_TENTH_UNITA/install/lap_analyser:/home/hanjh/F1_TENTH_UNITA/install/key_teleop:/home/hanjh/F1_TENTH_UNITA/install/id_controller:/home/hanjh/F1_TENTH_UNITA/install/global_planner:/home/hanjh/F1_TENTH_UNITA/install/frenet_odom_republisher:/home/hanjh/F1_TENTH_UNITA/install/frenet_conversion:/home/hanjh/F1_TENTH_UNITA/install/f1tenth_gym_ros:/home/hanjh/F1_TENTH_UNITA/install/controller:/home/hanjh/ros2_ws/install/tutorial_topic:/home/hanjh/ros2_ws/install/tutorial_service:/home/hanjh/ros2_ws/install/tutorial_action:/home/hanjh/ros2_ws/install/node_exercise:/home/hanjh/ros2_ws/install/my_package:/home/hanjh/ros2_ws/install/moving_services:/home/hanjh/ros2_ws/install/logger_test:/home/hanjh/ros2_ws/install/elevator_vision:/home/hanjh/ros2_ws/install/ebimu_pkg:/home/hanjh/ros2_ws/install/debug_pkg:/home/hanjh/ros2_ws/install/custom_interface_example:/home/hanjh/ros2_ws/install/camera_perception_pkg:/opt/ros/humble /usr/bin/cmake --build /home/hanjh/F1_TENTH_UNITA/build/ackermann_mux -- -j16 -l16
[40.227s] DEBUG:colcon.colcon_core.event_handler.log_command:Invoking command in '/home/hanjh/F1_TENTH_UNITA/build/ackermann_mux': CMAKE_PREFIX_PATH=${CMAKE_PREFIX_PATH}:/home/hanjh/F1_TENTH_UNITA/install/f1tenth_stack:/home/hanjh/F1_TENTH_UNITA/install/joy_teleop:/home/hanjh/F1_TENTH_UNITA/install/steering_lookup:/home/hanjh/F1_TENTH_UNITA/install/state_machine:/home/hanjh/F1_TENTH_UNITA/install/slam_tuner:/home/hanjh/F1_TENTH_UNITA/install/state_estimation:/home/hanjh/F1_TENTH_UNITA/install/map_editor:/home/hanjh/F1_TENTH_UNITA/install/stack_master:/home/hanjh/F1_TENTH_UNITA/install/spline_planner:/home/hanjh/F1_TENTH_UNITA/install/sector_tuner:/home/hanjh/F1_TENTH_UNITA/install/perception:/home/hanjh/F1_TENTH_UNITA/install/opponent_publisher:/home/hanjh/F1_TENTH_UNITA/install/mouse_teleop:/home/hanjh/F1_TENTH_UNITA/install/lap_analyser:/home/hanjh/F1_TENTH_UNITA/install/key_teleop:/home/hanjh/F1_TENTH_UNITA/install/id_controller:/home/hanjh/F1_TENTH_UNITA/install/global_planner:/home/hanjh/F1_TENTH_UNITA/install/frenet_odom_republisher:/home/hanjh/F1_TENTH_UNITA/install/frenet_conversion:/home/hanjh/F1_TENTH_UNITA/install/f1tenth_gym_ros:/home/hanjh/F1_TENTH_UNITA/install/controller:/home/hanjh/ros2_ws/install/tutorial_topic:/home/hanjh/ros2_ws/install/tutorial_service:/home/hanjh/ros2_ws/install/tutorial_action:/home/hanjh/ros2_ws/install/node_exercise:/home/hanjh/ros2_ws/install/my_package:/home/hanjh/ros2_ws/install/moving_services:/home/hanjh/ros2_ws/install/logger_test:/home/hanjh/ros2_ws/install/elevator_vision:/home/hanjh/ros2_ws/install/ebimu_pkg:/home/hanjh/ros2_ws/install/debug_pkg:/home/hanjh/ros2_ws/install/custom_interface_example:/home/hanjh/ros2_ws/install/camera_perception_pkg:/opt/ros/humble /usr/bin/cmake --install /home/hanjh/F1_TENTH_UNITA/build/ackermann_mux
[40.748s] Level 1:colcon.colcon_core.environment:create_environment_scripts_only(ackermann_mux)
[40.749s] Level 1:colcon.colcon_core.environment:checking '/home/hanjh/F1_TENTH_UNITA/install/ackermann_mux' for CMake module files
[40.750s] DEBUG:colcon.colcon_core.event_handler.log_command:Invoked command in '/home/hanjh/F1_TENTH_UNITA/build/ackermann_mux' returned '0': CMAKE_PREFIX_PATH=${CMAKE_PREFIX_PATH}:/home/hanjh/F1_TENTH_UNITA/install/f1tenth_stack:/home/hanjh/F1_TENTH_UNITA/install/joy_teleop:/home/hanjh/F1_TENTH_UNITA/install/steering_lookup:/home/hanjh/F1_TENTH_UNITA/install/state_machine:/home/hanjh/F1_TENTH_UNITA/install/slam_tuner:/home/hanjh/F1_TENTH_UNITA/install/state_estimation:/home/hanjh/F1_TENTH_UNITA/install/map_editor:/home/hanjh/F1_TENTH_UNITA/install/stack_master:/home/hanjh/F1_TENTH_UNITA/install/spline_planner:/home/hanjh/F1_TENTH_UNITA/install/sector_tuner:/home/hanjh/F1_TENTH_UNITA/install/perception:/home/hanjh/F1_TENTH_UNITA/install/opponent_publisher:/home/hanjh/F1_TENTH_UNITA/install/mouse_teleop:/home/hanjh/F1_TENTH_UNITA/install/lap_analyser:/home/hanjh/F1_TENTH_UNITA/install/key_teleop:/home/hanjh/F1_TENTH_UNITA/install/id_controller:/home/hanjh/F1_TENTH_UNITA/install/global_planner:/home/hanjh/F1_TENTH_UNITA/install/frenet_odom_republisher:/home/hanjh/F1_TENTH_UNITA/install/frenet_conversion:/home/hanjh/F1_TENTH_UNITA/install/f1tenth_gym_ros:/home/hanjh/F1_TENTH_UNITA/install/controller:/home/hanjh/ros2_ws/install/tutorial_topic:/home/hanjh/ros2_ws/install/tutorial_service:/home/hanjh/ros2_ws/install/tutorial_action:/home/hanjh/ros2_ws/install/node_exercise:/home/hanjh/ros2_ws/install/my_package:/home/hanjh/ros2_ws/install/moving_services:/home/hanjh/ros2_ws/install/logger_test:/home/hanjh/ros2_ws/install/elevator_vision:/home/hanjh/ros2_ws/install/ebimu_pkg:/home/hanjh/ros2_ws/install/debug_pkg:/home/hanjh/ros2_ws/install/custom_interface_example:/home/hanjh/ros2_ws/install/camera_perception_pkg:/opt/ros/humble /usr/bin/cmake --install /home/hanjh/F1_TENTH_UNITA/build/ackermann_mux
[40.752s] Level 1:colcon.colcon_core.environment:checking '/home/hanjh/F1_TENTH_UNITA/install/ackermann_mux' for CMake config files
[40.752s] Level 1:colcon.colcon_core.shell:create_environment_hook('ackermann_mux', 'cmake_prefix_path')
[40.753s] INFO:colcon.colcon_core.shell:Creating environment hook '/home/hanjh/F1_TENTH_UNITA/install/ackermann_mux/share/ackermann_mux/hook/cmake_prefix_path.ps1'
[40.755s] INFO:colcon.colcon_core.shell:Creating environment descriptor '/home/hanjh/F1_TENTH_UNITA/install/ackermann_mux/share/ackermann_mux/hook/cmake_prefix_path.dsv'
[40.755s] INFO:colcon.colcon_core.shell:Creating environment hook '/home/hanjh/F1_TENTH_UNITA/install/ackermann_mux/share/ackermann_mux/hook/cmake_prefix_path.sh'
[40.757s] Level 1:colcon.colcon_core.environment:checking '/home/hanjh/F1_TENTH_UNITA/install/ackermann_mux/lib'
[40.757s] Level 1:colcon.colcon_core.environment:checking '/home/hanjh/F1_TENTH_UNITA/install/ackermann_mux/bin'
[40.757s] Level 1:colcon.colcon_core.environment:checking '/home/hanjh/F1_TENTH_UNITA/install/ackermann_mux/lib/pkgconfig/ackermann_mux.pc'
[40.758s] Level 1:colcon.colcon_core.environment:checking '/home/hanjh/F1_TENTH_UNITA/install/ackermann_mux/lib/python3.10/site-packages'
[40.759s] Level 1:colcon.colcon_core.environment:checking '/home/hanjh/F1_TENTH_UNITA/install/ackermann_mux/bin'
[40.760s] INFO:colcon.colcon_core.shell:Creating package script '/home/hanjh/F1_TENTH_UNITA/install/ackermann_mux/share/ackermann_mux/package.ps1'
[40.761s] INFO:colcon.colcon_core.shell:Creating package descriptor '/home/hanjh/F1_TENTH_UNITA/install/ackermann_mux/share/ackermann_mux/package.dsv'
[40.762s] INFO:colcon.colcon_core.shell:Creating package script '/home/hanjh/F1_TENTH_UNITA/install/ackermann_mux/share/ackermann_mux/package.sh'
[40.764s] INFO:colcon.colcon_core.shell:Creating package script '/home/hanjh/F1_TENTH_UNITA/install/ackermann_mux/share/ackermann_mux/package.bash'
[40.765s] INFO:colcon.colcon_core.shell:Creating package script '/home/hanjh/F1_TENTH_UNITA/install/ackermann_mux/share/ackermann_mux/package.zsh'
[40.766s] Level 1:colcon.colcon_core.environment:create_file_with_runtime_dependencies(/home/hanjh/F1_TENTH_UNITA/install/ackermann_mux/share/colcon-core/packages/ackermann_mux)
[40.768s] Level 1:colcon.colcon_core.environment:create_environment_scripts_only(ackermann_mux)
[40.769s] Level 1:colcon.colcon_core.environment:checking '/home/hanjh/F1_TENTH_UNITA/install/ackermann_mux' for CMake module files
[40.770s] Level 1:colcon.colcon_core.environment:checking '/home/hanjh/F1_TENTH_UNITA/install/ackermann_mux' for CMake config files
[40.771s] Level 1:colcon.colcon_core.shell:create_environment_hook('ackermann_mux', 'cmake_prefix_path')
[40.771s] INFO:colcon.colcon_core.shell:Creating environment hook '/home/hanjh/F1_TENTH_UNITA/install/ackermann_mux/share/ackermann_mux/hook/cmake_prefix_path.ps1'
[40.772s] INFO:colcon.colcon_core.shell:Creating environment descriptor '/home/hanjh/F1_TENTH_UNITA/install/ackermann_mux/share/ackermann_mux/hook/cmake_prefix_path.dsv'
[40.773s] INFO:colcon.colcon_core.shell:Creating environment hook '/home/hanjh/F1_TENTH_UNITA/install/ackermann_mux/share/ackermann_mux/hook/cmake_prefix_path.sh'
[40.774s] Level 1:colcon.colcon_core.environment:checking '/home/hanjh/F1_TENTH_UNITA/install/ackermann_mux/lib'
[40.774s] Level 1:colcon.colcon_core.environment:checking '/home/hanjh/F1_TENTH_UNITA/install/ackermann_mux/bin'
[40.774s] Level 1:colcon.colcon_core.environment:checking '/home/hanjh/F1_TENTH_UNITA/install/ackermann_mux/lib/pkgconfig/ackermann_mux.pc'
[40.774s] Level 1:colcon.colcon_core.environment:checking '/home/hanjh/F1_TENTH_UNITA/install/ackermann_mux/lib/python3.10/site-packages'
[40.775s] Level 1:colcon.colcon_core.environment:checking '/home/hanjh/F1_TENTH_UNITA/install/ackermann_mux/bin'
[40.775s] INFO:colcon.colcon_core.shell:Creating package script '/home/hanjh/F1_TENTH_UNITA/install/ackermann_mux/share/ackermann_mux/package.ps1'
[40.776s] INFO:colcon.colcon_core.shell:Creating package descriptor '/home/hanjh/F1_TENTH_UNITA/install/ackermann_mux/share/ackermann_mux/package.dsv'
[40.777s] INFO:colcon.colcon_core.shell:Creating package script '/home/hanjh/F1_TENTH_UNITA/install/ackermann_mux/share/ackermann_mux/package.sh'
[40.778s] INFO:colcon.colcon_core.shell:Creating package script '/home/hanjh/F1_TENTH_UNITA/install/ackermann_mux/share/ackermann_mux/package.bash'
[40.778s] INFO:colcon.colcon_core.shell:Creating package script '/home/hanjh/F1_TENTH_UNITA/install/ackermann_mux/share/ackermann_mux/package.zsh'
[40.779s] Level 1:colcon.colcon_core.environment:create_file_with_runtime_dependencies(/home/hanjh/F1_TENTH_UNITA/install/ackermann_mux/share/colcon-core/packages/ackermann_mux)
[49.642s] DEBUG:colcon.colcon_core.event_handler.log_command:Invoked command in '/home/hanjh/F1_TENTH_UNITA/build/vesc_driver' returned '0': CMAKE_PREFIX_PATH=/home/hanjh/F1_TENTH_UNITA/install/vesc_msgs:/home/hanjh/F1_TENTH_UNITA/install/vesc:/home/hanjh/F1_TENTH_UNITA/install/vesc_driver:/home/hanjh/F1_TENTH_UNITA/install/vesc_ackermann:/home/hanjh/F1_TENTH_UNITA/install/teleop_tools:/home/hanjh/F1_TENTH_UNITA/install/teleop_tools_msgs:/home/hanjh/F1_TENTH_UNITA/install/f110_msgs:/home/hanjh/F1_TENTH_UNITA/install/ackermann_mux:/home/hanjh/ros2_ws/install/custom_interfaces:/home/hanjh/F1_TENTH_UNITA/install/f1tenth_stack:/home/hanjh/F1_TENTH_UNITA/install/joy_teleop:/home/hanjh/F1_TENTH_UNITA/install/steering_lookup:/home/hanjh/F1_TENTH_UNITA/install/state_machine:/home/hanjh/F1_TENTH_UNITA/install/slam_tuner:/home/hanjh/F1_TENTH_UNITA/install/state_estimation:/home/hanjh/F1_TENTH_UNITA/install/map_editor:/home/hanjh/F1_TENTH_UNITA/install/stack_master:/home/hanjh/F1_TENTH_UNITA/install/spline_planner:/home/hanjh/F1_TENTH_UNITA/install/sector_tuner:/home/hanjh/F1_TENTH_UNITA/install/perception:/home/hanjh/F1_TENTH_UNITA/install/opponent_publisher:/home/hanjh/F1_TENTH_UNITA/install/mouse_teleop:/home/hanjh/F1_TENTH_UNITA/install/lap_analyser:/home/hanjh/F1_TENTH_UNITA/install/key_teleop:/home/hanjh/F1_TENTH_UNITA/install/id_controller:/home/hanjh/F1_TENTH_UNITA/install/global_planner:/home/hanjh/F1_TENTH_UNITA/install/frenet_odom_republisher:/home/hanjh/F1_TENTH_UNITA/install/frenet_conversion:/home/hanjh/F1_TENTH_UNITA/install/f1tenth_gym_ros:/home/hanjh/F1_TENTH_UNITA/install/controller:/home/hanjh/ros2_ws/install/tutorial_topic:/home/hanjh/ros2_ws/install/tutorial_service:/home/hanjh/ros2_ws/install/tutorial_action:/home/hanjh/ros2_ws/install/node_exercise:/home/hanjh/ros2_ws/install/my_package:/home/hanjh/ros2_ws/install/moving_services:/home/hanjh/ros2_ws/install/logger_test:/home/hanjh/ros2_ws/install/elevator_vision:/home/hanjh/ros2_ws/install/ebimu_pkg:/home/hanjh/ros2_ws/install/debug_pkg:/home/hanjh/ros2_ws/install/custom_interface_example:/home/hanjh/ros2_ws/install/camera_perception_pkg:/opt/ros/humble LD_LIBRARY_PATH=/home/hanjh/F1_TENTH_UNITA/install/vesc_msgs/lib:/home/hanjh/F1_TENTH_UNITA/install/vesc_driver/lib:/home/hanjh/F1_TENTH_UNITA/install/vesc_ackermann/lib:/home/hanjh/F1_TENTH_UNITA/install/teleop_tools_msgs/lib:/home/hanjh/F1_TENTH_UNITA/install/f110_msgs/lib:/home/hanjh/ros2_ws/install/custom_interfaces/lib:/usr/lib/x86_64-linux-gnu/gazebo-11/plugins:/opt/ros/humble/opt/rviz_ogre_vendor/lib:/opt/ros/humble/lib/x86_64-linux-gnu:/opt/ros/humble/lib /usr/bin/cmake --build /home/hanjh/F1_TENTH_UNITA/build/vesc_driver -- -j16 -l16
[49.645s] DEBUG:colcon.colcon_core.event_handler.log_command:Invoking command in '/home/hanjh/F1_TENTH_UNITA/build/vesc_driver': CMAKE_PREFIX_PATH=/home/hanjh/F1_TENTH_UNITA/install/vesc_msgs:/home/hanjh/F1_TENTH_UNITA/install/vesc:/home/hanjh/F1_TENTH_UNITA/install/vesc_driver:/home/hanjh/F1_TENTH_UNITA/install/vesc_ackermann:/home/hanjh/F1_TENTH_UNITA/install/teleop_tools:/home/hanjh/F1_TENTH_UNITA/install/teleop_tools_msgs:/home/hanjh/F1_TENTH_UNITA/install/f110_msgs:/home/hanjh/F1_TENTH_UNITA/install/ackermann_mux:/home/hanjh/ros2_ws/install/custom_interfaces:/home/hanjh/F1_TENTH_UNITA/install/f1tenth_stack:/home/hanjh/F1_TENTH_UNITA/install/joy_teleop:/home/hanjh/F1_TENTH_UNITA/install/steering_lookup:/home/hanjh/F1_TENTH_UNITA/install/state_machine:/home/hanjh/F1_TENTH_UNITA/install/slam_tuner:/home/hanjh/F1_TENTH_UNITA/install/state_estimation:/home/hanjh/F1_TENTH_UNITA/install/map_editor:/home/hanjh/F1_TENTH_UNITA/install/stack_master:/home/hanjh/F1_TENTH_UNITA/install/spline_planner:/home/hanjh/F1_TENTH_UNITA/install/sector_tuner:/home/hanjh/F1_TENTH_UNITA/install/perception:/home/hanjh/F1_TENTH_UNITA/install/opponent_publisher:/home/hanjh/F1_TENTH_UNITA/install/mouse_teleop:/home/hanjh/F1_TENTH_UNITA/install/lap_analyser:/home/hanjh/F1_TENTH_UNITA/install/key_teleop:/home/hanjh/F1_TENTH_UNITA/install/id_controller:/home/hanjh/F1_TENTH_UNITA/install/global_planner:/home/hanjh/F1_TENTH_UNITA/install/frenet_odom_republisher:/home/hanjh/F1_TENTH_UNITA/install/frenet_conversion:/home/hanjh/F1_TENTH_UNITA/install/f1tenth_gym_ros:/home/hanjh/F1_TENTH_UNITA/install/controller:/home/hanjh/ros2_ws/install/tutorial_topic:/home/hanjh/ros2_ws/install/tutorial_service:/home/hanjh/ros2_ws/install/tutorial_action:/home/hanjh/ros2_ws/install/node_exercise:/home/hanjh/ros2_ws/install/my_package:/home/hanjh/ros2_ws/install/moving_services:/home/hanjh/ros2_ws/install/logger_test:/home/hanjh/ros2_ws/install/elevator_vision:/home/hanjh/ros2_ws/install/ebimu_pkg:/home/hanjh/ros2_ws/install/debug_pkg:/home/hanjh/ros2_ws/install/custom_interface_example:/home/hanjh/ros2_ws/install/camera_perception_pkg:/opt/ros/humble LD_LIBRARY_PATH=/home/hanjh/F1_TENTH_UNITA/install/vesc_msgs/lib:/home/hanjh/F1_TENTH_UNITA/install/vesc_driver/lib:/home/hanjh/F1_TENTH_UNITA/install/vesc_ackermann/lib:/home/hanjh/F1_TENTH_UNITA/install/teleop_tools_msgs/lib:/home/hanjh/F1_TENTH_UNITA/install/f110_msgs/lib:/home/hanjh/ros2_ws/install/custom_interfaces/lib:/usr/lib/x86_64-linux-gnu/gazebo-11/plugins:/opt/ros/humble/opt/rviz_ogre_vendor/lib:/opt/ros/humble/lib/x86_64-linux-gnu:/opt/ros/humble/lib /usr/bin/cmake --install /home/hanjh/F1_TENTH_UNITA/build/vesc_driver
[49.792s] DEBUG:colcon.colcon_core.event_handler.log_command:Invoked command in '/home/hanjh/F1_TENTH_UNITA/build/vesc_ackermann' returned '0': CMAKE_PREFIX_PATH=/home/hanjh/F1_TENTH_UNITA/install/vesc_msgs:/home/hanjh/F1_TENTH_UNITA/install/vesc:/home/hanjh/F1_TENTH_UNITA/install/vesc_driver:/home/hanjh/F1_TENTH_UNITA/install/vesc_ackermann:/home/hanjh/F1_TENTH_UNITA/install/teleop_tools:/home/hanjh/F1_TENTH_UNITA/install/teleop_tools_msgs:/home/hanjh/F1_TENTH_UNITA/install/f110_msgs:/home/hanjh/F1_TENTH_UNITA/install/ackermann_mux:/home/hanjh/ros2_ws/install/custom_interfaces:/home/hanjh/F1_TENTH_UNITA/install/f1tenth_stack:/home/hanjh/F1_TENTH_UNITA/install/joy_teleop:/home/hanjh/F1_TENTH_UNITA/install/steering_lookup:/home/hanjh/F1_TENTH_UNITA/install/state_machine:/home/hanjh/F1_TENTH_UNITA/install/slam_tuner:/home/hanjh/F1_TENTH_UNITA/install/state_estimation:/home/hanjh/F1_TENTH_UNITA/install/map_editor:/home/hanjh/F1_TENTH_UNITA/install/stack_master:/home/hanjh/F1_TENTH_UNITA/install/spline_planner:/home/hanjh/F1_TENTH_UNITA/install/sector_tuner:/home/hanjh/F1_TENTH_UNITA/install/perception:/home/hanjh/F1_TENTH_UNITA/install/opponent_publisher:/home/hanjh/F1_TENTH_UNITA/install/mouse_teleop:/home/hanjh/F1_TENTH_UNITA/install/lap_analyser:/home/hanjh/F1_TENTH_UNITA/install/key_teleop:/home/hanjh/F1_TENTH_UNITA/install/id_controller:/home/hanjh/F1_TENTH_UNITA/install/global_planner:/home/hanjh/F1_TENTH_UNITA/install/frenet_odom_republisher:/home/hanjh/F1_TENTH_UNITA/install/frenet_conversion:/home/hanjh/F1_TENTH_UNITA/install/f1tenth_gym_ros:/home/hanjh/F1_TENTH_UNITA/install/controller:/home/hanjh/ros2_ws/install/tutorial_topic:/home/hanjh/ros2_ws/install/tutorial_service:/home/hanjh/ros2_ws/install/tutorial_action:/home/hanjh/ros2_ws/install/node_exercise:/home/hanjh/ros2_ws/install/my_package:/home/hanjh/ros2_ws/install/moving_services:/home/hanjh/ros2_ws/install/logger_test:/home/hanjh/ros2_ws/install/elevator_vision:/home/hanjh/ros2_ws/install/ebimu_pkg:/home/hanjh/ros2_ws/install/debug_pkg:/home/hanjh/ros2_ws/install/custom_interface_example:/home/hanjh/ros2_ws/install/camera_perception_pkg:/opt/ros/humble LD_LIBRARY_PATH=/home/hanjh/F1_TENTH_UNITA/install/vesc_msgs/lib:/home/hanjh/F1_TENTH_UNITA/install/vesc_driver/lib:/home/hanjh/F1_TENTH_UNITA/install/vesc_ackermann/lib:/home/hanjh/F1_TENTH_UNITA/install/teleop_tools_msgs/lib:/home/hanjh/F1_TENTH_UNITA/install/f110_msgs/lib:/home/hanjh/ros2_ws/install/custom_interfaces/lib:/usr/lib/x86_64-linux-gnu/gazebo-11/plugins:/opt/ros/humble/opt/rviz_ogre_vendor/lib:/opt/ros/humble/lib/x86_64-linux-gnu:/opt/ros/humble/lib /usr/bin/cmake --build /home/hanjh/F1_TENTH_UNITA/build/vesc_ackermann -- -j16 -l16
[49.795s] DEBUG:colcon.colcon_core.event_handler.log_command:Invoking command in '/home/hanjh/F1_TENTH_UNITA/build/vesc_ackermann': CMAKE_PREFIX_PATH=/home/hanjh/F1_TENTH_UNITA/install/vesc_msgs:/home/hanjh/F1_TENTH_UNITA/install/vesc:/home/hanjh/F1_TENTH_UNITA/install/vesc_driver:/home/hanjh/F1_TENTH_UNITA/install/vesc_ackermann:/home/hanjh/F1_TENTH_UNITA/install/teleop_tools:/home/hanjh/F1_TENTH_UNITA/install/teleop_tools_msgs:/home/hanjh/F1_TENTH_UNITA/install/f110_msgs:/home/hanjh/F1_TENTH_UNITA/install/ackermann_mux:/home/hanjh/ros2_ws/install/custom_interfaces:/home/hanjh/F1_TENTH_UNITA/install/f1tenth_stack:/home/hanjh/F1_TENTH_UNITA/install/joy_teleop:/home/hanjh/F1_TENTH_UNITA/install/steering_lookup:/home/hanjh/F1_TENTH_UNITA/install/state_machine:/home/hanjh/F1_TENTH_UNITA/install/slam_tuner:/home/hanjh/F1_TENTH_UNITA/install/state_estimation:/home/hanjh/F1_TENTH_UNITA/install/map_editor:/home/hanjh/F1_TENTH_UNITA/install/stack_master:/home/hanjh/F1_TENTH_UNITA/install/spline_planner:/home/hanjh/F1_TENTH_UNITA/install/sector_tuner:/home/hanjh/F1_TENTH_UNITA/install/perception:/home/hanjh/F1_TENTH_UNITA/install/opponent_publisher:/home/hanjh/F1_TENTH_UNITA/install/mouse_teleop:/home/hanjh/F1_TENTH_UNITA/install/lap_analyser:/home/hanjh/F1_TENTH_UNITA/install/key_teleop:/home/hanjh/F1_TENTH_UNITA/install/id_controller:/home/hanjh/F1_TENTH_UNITA/install/global_planner:/home/hanjh/F1_TENTH_UNITA/install/frenet_odom_republisher:/home/hanjh/F1_TENTH_UNITA/install/frenet_conversion:/home/hanjh/F1_TENTH_UNITA/install/f1tenth_gym_ros:/home/hanjh/F1_TENTH_UNITA/install/controller:/home/hanjh/ros2_ws/install/tutorial_topic:/home/hanjh/ros2_ws/install/tutorial_service:/home/hanjh/ros2_ws/install/tutorial_action:/home/hanjh/ros2_ws/install/node_exercise:/home/hanjh/ros2_ws/install/my_package:/home/hanjh/ros2_ws/install/moving_services:/home/hanjh/ros2_ws/install/logger_test:/home/hanjh/ros2_ws/install/elevator_vision:/home/hanjh/ros2_ws/install/ebimu_pkg:/home/hanjh/ros2_ws/install/debug_pkg:/home/hanjh/ros2_ws/install/custom_interface_example:/home/hanjh/ros2_ws/install/camera_perception_pkg:/opt/ros/humble LD_LIBRARY_PATH=/home/hanjh/F1_TENTH_UNITA/install/vesc_msgs/lib:/home/hanjh/F1_TENTH_UNITA/install/vesc_driver/lib:/home/hanjh/F1_TENTH_UNITA/install/vesc_ackermann/lib:/home/hanjh/F1_TENTH_UNITA/install/teleop_tools_msgs/lib:/home/hanjh/F1_TENTH_UNITA/install/f110_msgs/lib:/home/hanjh/ros2_ws/install/custom_interfaces/lib:/usr/lib/x86_64-linux-gnu/gazebo-11/plugins:/opt/ros/humble/opt/rviz_ogre_vendor/lib:/opt/ros/humble/lib/x86_64-linux-gnu:/opt/ros/humble/lib /usr/bin/cmake --install /home/hanjh/F1_TENTH_UNITA/build/vesc_ackermann
[50.090s] Level 1:colcon.colcon_core.environment:create_environment_scripts_only(vesc_driver)
[50.091s] DEBUG:colcon.colcon_core.event_handler.log_command:Invoked command in '/home/hanjh/F1_TENTH_UNITA/build/vesc_driver' returned '0': CMAKE_PREFIX_PATH=/home/hanjh/F1_TENTH_UNITA/install/vesc_msgs:/home/hanjh/F1_TENTH_UNITA/install/vesc:/home/hanjh/F1_TENTH_UNITA/install/vesc_driver:/home/hanjh/F1_TENTH_UNITA/install/vesc_ackermann:/home/hanjh/F1_TENTH_UNITA/install/teleop_tools:/home/hanjh/F1_TENTH_UNITA/install/teleop_tools_msgs:/home/hanjh/F1_TENTH_UNITA/install/f110_msgs:/home/hanjh/F1_TENTH_UNITA/install/ackermann_mux:/home/hanjh/ros2_ws/install/custom_interfaces:/home/hanjh/F1_TENTH_UNITA/install/f1tenth_stack:/home/hanjh/F1_TENTH_UNITA/install/joy_teleop:/home/hanjh/F1_TENTH_UNITA/install/steering_lookup:/home/hanjh/F1_TENTH_UNITA/install/state_machine:/home/hanjh/F1_TENTH_UNITA/install/slam_tuner:/home/hanjh/F1_TENTH_UNITA/install/state_estimation:/home/hanjh/F1_TENTH_UNITA/install/map_editor:/home/hanjh/F1_TENTH_UNITA/install/stack_master:/home/hanjh/F1_TENTH_UNITA/install/spline_planner:/home/hanjh/F1_TENTH_UNITA/install/sector_tuner:/home/hanjh/F1_TENTH_UNITA/install/perception:/home/hanjh/F1_TENTH_UNITA/install/opponent_publisher:/home/hanjh/F1_TENTH_UNITA/install/mouse_teleop:/home/hanjh/F1_TENTH_UNITA/install/lap_analyser:/home/hanjh/F1_TENTH_UNITA/install/key_teleop:/home/hanjh/F1_TENTH_UNITA/install/id_controller:/home/hanjh/F1_TENTH_UNITA/install/global_planner:/home/hanjh/F1_TENTH_UNITA/install/frenet_odom_republisher:/home/hanjh/F1_TENTH_UNITA/install/frenet_conversion:/home/hanjh/F1_TENTH_UNITA/install/f1tenth_gym_ros:/home/hanjh/F1_TENTH_UNITA/install/controller:/home/hanjh/ros2_ws/install/tutorial_topic:/home/hanjh/ros2_ws/install/tutorial_service:/home/hanjh/ros2_ws/install/tutorial_action:/home/hanjh/ros2_ws/install/node_exercise:/home/hanjh/ros2_ws/install/my_package:/home/hanjh/ros2_ws/install/moving_services:/home/hanjh/ros2_ws/install/logger_test:/home/hanjh/ros2_ws/install/elevator_vision:/home/hanjh/ros2_ws/install/ebimu_pkg:/home/hanjh/ros2_ws/install/debug_pkg:/home/hanjh/ros2_ws/install/custom_interface_example:/home/hanjh/ros2_ws/install/camera_perception_pkg:/opt/ros/humble LD_LIBRARY_PATH=/home/hanjh/F1_TENTH_UNITA/install/vesc_msgs/lib:/home/hanjh/F1_TENTH_UNITA/install/vesc_driver/lib:/home/hanjh/F1_TENTH_UNITA/install/vesc_ackermann/lib:/home/hanjh/F1_TENTH_UNITA/install/teleop_tools_msgs/lib:/home/hanjh/F1_TENTH_UNITA/install/f110_msgs/lib:/home/hanjh/ros2_ws/install/custom_interfaces/lib:/usr/lib/x86_64-linux-gnu/gazebo-11/plugins:/opt/ros/humble/opt/rviz_ogre_vendor/lib:/opt/ros/humble/lib/x86_64-linux-gnu:/opt/ros/humble/lib /usr/bin/cmake --install /home/hanjh/F1_TENTH_UNITA/build/vesc_driver
[50.091s] Level 1:colcon.colcon_core.environment:checking '/home/hanjh/F1_TENTH_UNITA/install/vesc_driver' for CMake module files
[50.092s] Level 1:colcon.colcon_core.environment:checking '/home/hanjh/F1_TENTH_UNITA/install/vesc_driver' for CMake config files
[50.093s] Level 1:colcon.colcon_core.shell:create_environment_hook('vesc_driver', 'cmake_prefix_path')
[50.093s] INFO:colcon.colcon_core.shell:Creating environment hook '/home/hanjh/F1_TENTH_UNITA/install/vesc_driver/share/vesc_driver/hook/cmake_prefix_path.ps1'
[50.094s] INFO:colcon.colcon_core.shell:Creating environment descriptor '/home/hanjh/F1_TENTH_UNITA/install/vesc_driver/share/vesc_driver/hook/cmake_prefix_path.dsv'
[50.094s] INFO:colcon.colcon_core.shell:Creating environment hook '/home/hanjh/F1_TENTH_UNITA/install/vesc_driver/share/vesc_driver/hook/cmake_prefix_path.sh'
[50.095s] Level 1:colcon.colcon_core.environment:checking '/home/hanjh/F1_TENTH_UNITA/install/vesc_driver/lib'
[50.095s] Level 1:colcon.colcon_core.shell:create_environment_hook('vesc_driver', 'ld_library_path_lib')
[50.095s] INFO:colcon.colcon_core.shell:Creating environment hook '/home/hanjh/F1_TENTH_UNITA/install/vesc_driver/share/vesc_driver/hook/ld_library_path_lib.ps1'
[50.096s] INFO:colcon.colcon_core.shell:Creating environment descriptor '/home/hanjh/F1_TENTH_UNITA/install/vesc_driver/share/vesc_driver/hook/ld_library_path_lib.dsv'
[50.096s] INFO:colcon.colcon_core.shell:Creating environment hook '/home/hanjh/F1_TENTH_UNITA/install/vesc_driver/share/vesc_driver/hook/ld_library_path_lib.sh'
[50.097s] Level 1:colcon.colcon_core.environment:checking '/home/hanjh/F1_TENTH_UNITA/install/vesc_driver/bin'
[50.097s] Level 1:colcon.colcon_core.environment:checking '/home/hanjh/F1_TENTH_UNITA/install/vesc_driver/lib/pkgconfig/vesc_driver.pc'
[50.097s] Level 1:colcon.colcon_core.environment:checking '/home/hanjh/F1_TENTH_UNITA/install/vesc_driver/lib/python3.10/site-packages'
[50.097s] Level 1:colcon.colcon_core.environment:checking '/home/hanjh/F1_TENTH_UNITA/install/vesc_driver/bin'
[50.098s] INFO:colcon.colcon_core.shell:Creating package script '/home/hanjh/F1_TENTH_UNITA/install/vesc_driver/share/vesc_driver/package.ps1'
[50.099s] INFO:colcon.colcon_core.shell:Creating package descriptor '/home/hanjh/F1_TENTH_UNITA/install/vesc_driver/share/vesc_driver/package.dsv'
[50.100s] INFO:colcon.colcon_core.shell:Creating package script '/home/hanjh/F1_TENTH_UNITA/install/vesc_driver/share/vesc_driver/package.sh'
[50.100s] INFO:colcon.colcon_core.shell:Creating package script '/home/hanjh/F1_TENTH_UNITA/install/vesc_driver/share/vesc_driver/package.bash'
[50.101s] INFO:colcon.colcon_core.shell:Creating package script '/home/hanjh/F1_TENTH_UNITA/install/vesc_driver/share/vesc_driver/package.zsh'
[50.101s] Level 1:colcon.colcon_core.environment:create_file_with_runtime_dependencies(/home/hanjh/F1_TENTH_UNITA/install/vesc_driver/share/colcon-core/packages/vesc_driver)
[50.102s] Level 1:colcon.colcon_core.environment:create_environment_scripts_only(vesc_driver)
[50.102s] Level 1:colcon.colcon_core.environment:checking '/home/hanjh/F1_TENTH_UNITA/install/vesc_driver' for CMake module files
[50.103s] Level 1:colcon.colcon_core.environment:checking '/home/hanjh/F1_TENTH_UNITA/install/vesc_driver' for CMake config files
[50.103s] Level 1:colcon.colcon_core.shell:create_environment_hook('vesc_driver', 'cmake_prefix_path')
[50.103s] INFO:colcon.colcon_core.shell:Creating environment hook '/home/hanjh/F1_TENTH_UNITA/install/vesc_driver/share/vesc_driver/hook/cmake_prefix_path.ps1'
[50.104s] INFO:colcon.colcon_core.shell:Creating environment descriptor '/home/hanjh/F1_TENTH_UNITA/install/vesc_driver/share/vesc_driver/hook/cmake_prefix_path.dsv'
[50.104s] INFO:colcon.colcon_core.shell:Creating environment hook '/home/hanjh/F1_TENTH_UNITA/install/vesc_driver/share/vesc_driver/hook/cmake_prefix_path.sh'
[50.105s] Level 1:colcon.colcon_core.environment:checking '/home/hanjh/F1_TENTH_UNITA/install/vesc_driver/lib'
[50.105s] Level 1:colcon.colcon_core.shell:create_environment_hook('vesc_driver', 'ld_library_path_lib')
[50.105s] INFO:colcon.colcon_core.shell:Creating environment hook '/home/hanjh/F1_TENTH_UNITA/install/vesc_driver/share/vesc_driver/hook/ld_library_path_lib.ps1'
[50.106s] INFO:colcon.colcon_core.shell:Creating environment descriptor '/home/hanjh/F1_TENTH_UNITA/install/vesc_driver/share/vesc_driver/hook/ld_library_path_lib.dsv'
[50.106s] INFO:colcon.colcon_core.shell:Creating environment hook '/home/hanjh/F1_TENTH_UNITA/install/vesc_driver/share/vesc_driver/hook/ld_library_path_lib.sh'
[50.107s] Level 1:colcon.colcon_core.environment:checking '/home/hanjh/F1_TENTH_UNITA/install/vesc_driver/bin'
[50.107s] Level 1:colcon.colcon_core.environment:checking '/home/hanjh/F1_TENTH_UNITA/install/vesc_driver/lib/pkgconfig/vesc_driver.pc'
[50.107s] Level 1:colcon.colcon_core.environment:checking '/home/hanjh/F1_TENTH_UNITA/install/vesc_driver/lib/python3.10/site-packages'
[50.108s] Level 1:colcon.colcon_core.environment:checking '/home/hanjh/F1_TENTH_UNITA/install/vesc_driver/bin'
[50.108s] INFO:colcon.colcon_core.shell:Creating package script '/home/hanjh/F1_TENTH_UNITA/install/vesc_driver/share/vesc_driver/package.ps1'
[50.109s] INFO:colcon.colcon_core.shell:Creating package descriptor '/home/hanjh/F1_TENTH_UNITA/install/vesc_driver/share/vesc_driver/package.dsv'
[50.111s] INFO:colcon.colcon_core.shell:Creating package script '/home/hanjh/F1_TENTH_UNITA/install/vesc_driver/share/vesc_driver/package.sh'
[50.112s] INFO:colcon.colcon_core.shell:Creating package script '/home/hanjh/F1_TENTH_UNITA/install/vesc_driver/share/vesc_driver/package.bash'
[50.112s] INFO:colcon.colcon_core.shell:Creating package script '/home/hanjh/F1_TENTH_UNITA/install/vesc_driver/share/vesc_driver/package.zsh'
[50.113s] Level 1:colcon.colcon_core.environment:create_file_with_runtime_dependencies(/home/hanjh/F1_TENTH_UNITA/install/vesc_driver/share/colcon-core/packages/vesc_driver)
[50.204s] Level 1:colcon.colcon_core.environment:create_environment_scripts_only(vesc_ackermann)
[50.205s] Level 1:colcon.colcon_core.environment:checking '/home/hanjh/F1_TENTH_UNITA/install/vesc_ackermann' for CMake module files
[50.206s] DEBUG:colcon.colcon_core.event_handler.log_command:Invoked command in '/home/hanjh/F1_TENTH_UNITA/build/vesc_ackermann' returned '0': CMAKE_PREFIX_PATH=/home/hanjh/F1_TENTH_UNITA/install/vesc_msgs:/home/hanjh/F1_TENTH_UNITA/install/vesc:/home/hanjh/F1_TENTH_UNITA/install/vesc_driver:/home/hanjh/F1_TENTH_UNITA/install/vesc_ackermann:/home/hanjh/F1_TENTH_UNITA/install/teleop_tools:/home/hanjh/F1_TENTH_UNITA/install/teleop_tools_msgs:/home/hanjh/F1_TENTH_UNITA/install/f110_msgs:/home/hanjh/F1_TENTH_UNITA/install/ackermann_mux:/home/hanjh/ros2_ws/install/custom_interfaces:/home/hanjh/F1_TENTH_UNITA/install/f1tenth_stack:/home/hanjh/F1_TENTH_UNITA/install/joy_teleop:/home/hanjh/F1_TENTH_UNITA/install/steering_lookup:/home/hanjh/F1_TENTH_UNITA/install/state_machine:/home/hanjh/F1_TENTH_UNITA/install/slam_tuner:/home/hanjh/F1_TENTH_UNITA/install/state_estimation:/home/hanjh/F1_TENTH_UNITA/install/map_editor:/home/hanjh/F1_TENTH_UNITA/install/stack_master:/home/hanjh/F1_TENTH_UNITA/install/spline_planner:/home/hanjh/F1_TENTH_UNITA/install/sector_tuner:/home/hanjh/F1_TENTH_UNITA/install/perception:/home/hanjh/F1_TENTH_UNITA/install/opponent_publisher:/home/hanjh/F1_TENTH_UNITA/install/mouse_teleop:/home/hanjh/F1_TENTH_UNITA/install/lap_analyser:/home/hanjh/F1_TENTH_UNITA/install/key_teleop:/home/hanjh/F1_TENTH_UNITA/install/id_controller:/home/hanjh/F1_TENTH_UNITA/install/global_planner:/home/hanjh/F1_TENTH_UNITA/install/frenet_odom_republisher:/home/hanjh/F1_TENTH_UNITA/install/frenet_conversion:/home/hanjh/F1_TENTH_UNITA/install/f1tenth_gym_ros:/home/hanjh/F1_TENTH_UNITA/install/controller:/home/hanjh/ros2_ws/install/tutorial_topic:/home/hanjh/ros2_ws/install/tutorial_service:/home/hanjh/ros2_ws/install/tutorial_action:/home/hanjh/ros2_ws/install/node_exercise:/home/hanjh/ros2_ws/install/my_package:/home/hanjh/ros2_ws/install/moving_services:/home/hanjh/ros2_ws/install/logger_test:/home/hanjh/ros2_ws/install/elevator_vision:/home/hanjh/ros2_ws/install/ebimu_pkg:/home/hanjh/ros2_ws/install/debug_pkg:/home/hanjh/ros2_ws/install/custom_interface_example:/home/hanjh/ros2_ws/install/camera_perception_pkg:/opt/ros/humble LD_LIBRARY_PATH=/home/hanjh/F1_TENTH_UNITA/install/vesc_msgs/lib:/home/hanjh/F1_TENTH_UNITA/install/vesc_driver/lib:/home/hanjh/F1_TENTH_UNITA/install/vesc_ackermann/lib:/home/hanjh/F1_TENTH_UNITA/install/teleop_tools_msgs/lib:/home/hanjh/F1_TENTH_UNITA/install/f110_msgs/lib:/home/hanjh/ros2_ws/install/custom_interfaces/lib:/usr/lib/x86_64-linux-gnu/gazebo-11/plugins:/opt/ros/humble/opt/rviz_ogre_vendor/lib:/opt/ros/humble/lib/x86_64-linux-gnu:/opt/ros/humble/lib /usr/bin/cmake --install /home/hanjh/F1_TENTH_UNITA/build/vesc_ackermann
[50.207s] Level 1:colcon.colcon_core.environment:checking '/home/hanjh/F1_TENTH_UNITA/install/vesc_ackermann' for CMake config files
[50.208s] Level 1:colcon.colcon_core.shell:create_environment_hook('vesc_ackermann', 'cmake_prefix_path')
[50.208s] INFO:colcon.colcon_core.shell:Creating environment hook '/home/hanjh/F1_TENTH_UNITA/install/vesc_ackermann/share/vesc_ackermann/hook/cmake_prefix_path.ps1'
[50.210s] INFO:colcon.colcon_core.shell:Creating environment descriptor '/home/hanjh/F1_TENTH_UNITA/install/vesc_ackermann/share/vesc_ackermann/hook/cmake_prefix_path.dsv'
[50.210s] INFO:colcon.colcon_core.shell:Creating environment hook '/home/hanjh/F1_TENTH_UNITA/install/vesc_ackermann/share/vesc_ackermann/hook/cmake_prefix_path.sh'
[50.211s] Level 1:colcon.colcon_core.environment:checking '/home/hanjh/F1_TENTH_UNITA/install/vesc_ackermann/lib'
[50.212s] Level 1:colcon.colcon_core.shell:create_environment_hook('vesc_ackermann', 'ld_library_path_lib')
[50.212s] INFO:colcon.colcon_core.shell:Creating environment hook '/home/hanjh/F1_TENTH_UNITA/install/vesc_ackermann/share/vesc_ackermann/hook/ld_library_path_lib.ps1'
[50.213s] INFO:colcon.colcon_core.shell:Creating environment descriptor '/home/hanjh/F1_TENTH_UNITA/install/vesc_ackermann/share/vesc_ackermann/hook/ld_library_path_lib.dsv'
[50.213s] INFO:colcon.colcon_core.shell:Creating environment hook '/home/hanjh/F1_TENTH_UNITA/install/vesc_ackermann/share/vesc_ackermann/hook/ld_library_path_lib.sh'
[50.214s] Level 1:colcon.colcon_core.environment:checking '/home/hanjh/F1_TENTH_UNITA/install/vesc_ackermann/bin'
[50.214s] Level 1:colcon.colcon_core.environment:checking '/home/hanjh/F1_TENTH_UNITA/install/vesc_ackermann/lib/pkgconfig/vesc_ackermann.pc'
[50.215s] Level 1:colcon.colcon_core.environment:checking '/home/hanjh/F1_TENTH_UNITA/install/vesc_ackermann/lib/python3.10/site-packages'
[50.215s] Level 1:colcon.colcon_core.environment:checking '/home/hanjh/F1_TENTH_UNITA/install/vesc_ackermann/bin'
[50.216s] INFO:colcon.colcon_core.shell:Creating package script '/home/hanjh/F1_TENTH_UNITA/install/vesc_ackermann/share/vesc_ackermann/package.ps1'
[50.217s] INFO:colcon.colcon_core.shell:Creating package descriptor '/home/hanjh/F1_TENTH_UNITA/install/vesc_ackermann/share/vesc_ackermann/package.dsv'
[50.218s] INFO:colcon.colcon_core.shell:Creating package script '/home/hanjh/F1_TENTH_UNITA/install/vesc_ackermann/share/vesc_ackermann/package.sh'
[50.219s] INFO:colcon.colcon_core.shell:Creating package script '/home/hanjh/F1_TENTH_UNITA/install/vesc_ackermann/share/vesc_ackermann/package.bash'
[50.219s] INFO:colcon.colcon_core.shell:Creating package script '/home/hanjh/F1_TENTH_UNITA/install/vesc_ackermann/share/vesc_ackermann/package.zsh'
[50.220s] Level 1:colcon.colcon_core.environment:create_file_with_runtime_dependencies(/home/hanjh/F1_TENTH_UNITA/install/vesc_ackermann/share/colcon-core/packages/vesc_ackermann)
[50.221s] Level 1:colcon.colcon_core.environment:create_environment_scripts_only(vesc_ackermann)
[50.222s] Level 1:colcon.colcon_core.environment:checking '/home/hanjh/F1_TENTH_UNITA/install/vesc_ackermann' for CMake module files
[50.223s] Level 1:colcon.colcon_core.environment:checking '/home/hanjh/F1_TENTH_UNITA/install/vesc_ackermann' for CMake config files
[50.224s] Level 1:colcon.colcon_core.shell:create_environment_hook('vesc_ackermann', 'cmake_prefix_path')
[50.225s] INFO:colcon.colcon_core.shell:Creating environment hook '/home/hanjh/F1_TENTH_UNITA/install/vesc_ackermann/share/vesc_ackermann/hook/cmake_prefix_path.ps1'
[50.225s] INFO:colcon.colcon_core.shell:Creating environment descriptor '/home/hanjh/F1_TENTH_UNITA/install/vesc_ackermann/share/vesc_ackermann/hook/cmake_prefix_path.dsv'
[50.226s] INFO:colcon.colcon_core.shell:Creating environment hook '/home/hanjh/F1_TENTH_UNITA/install/vesc_ackermann/share/vesc_ackermann/hook/cmake_prefix_path.sh'
[50.227s] Level 1:colcon.colcon_core.environment:checking '/home/hanjh/F1_TENTH_UNITA/install/vesc_ackermann/lib'
[50.228s] Level 1:colcon.colcon_core.shell:create_environment_hook('vesc_ackermann', 'ld_library_path_lib')
[50.228s] INFO:colcon.colcon_core.shell:Creating environment hook '/home/hanjh/F1_TENTH_UNITA/install/vesc_ackermann/share/vesc_ackermann/hook/ld_library_path_lib.ps1'
[50.228s] INFO:colcon.colcon_core.shell:Creating environment descriptor '/home/hanjh/F1_TENTH_UNITA/install/vesc_ackermann/share/vesc_ackermann/hook/ld_library_path_lib.dsv'
[50.229s] INFO:colcon.colcon_core.shell:Creating environment hook '/home/hanjh/F1_TENTH_UNITA/install/vesc_ackermann/share/vesc_ackermann/hook/ld_library_path_lib.sh'
[50.229s] Level 1:colcon.colcon_core.environment:checking '/home/hanjh/F1_TENTH_UNITA/install/vesc_ackermann/bin'
[50.229s] Level 1:colcon.colcon_core.environment:checking '/home/hanjh/F1_TENTH_UNITA/install/vesc_ackermann/lib/pkgconfig/vesc_ackermann.pc'
[50.230s] Level 1:colcon.colcon_core.environment:checking '/home/hanjh/F1_TENTH_UNITA/install/vesc_ackermann/lib/python3.10/site-packages'
[50.230s] Level 1:colcon.colcon_core.environment:checking '/home/hanjh/F1_TENTH_UNITA/install/vesc_ackermann/bin'
[50.230s] INFO:colcon.colcon_core.shell:Creating package script '/home/hanjh/F1_TENTH_UNITA/install/vesc_ackermann/share/vesc_ackermann/package.ps1'
[50.231s] INFO:colcon.colcon_core.shell:Creating package descriptor '/home/hanjh/F1_TENTH_UNITA/install/vesc_ackermann/share/vesc_ackermann/package.dsv'
[50.232s] INFO:colcon.colcon_core.shell:Creating package script '/home/hanjh/F1_TENTH_UNITA/install/vesc_ackermann/share/vesc_ackermann/package.sh'
[50.232s] INFO:colcon.colcon_core.shell:Creating package script '/home/hanjh/F1_TENTH_UNITA/install/vesc_ackermann/share/vesc_ackermann/package.bash'
[50.233s] INFO:colcon.colcon_core.shell:Creating package script '/home/hanjh/F1_TENTH_UNITA/install/vesc_ackermann/share/vesc_ackermann/package.zsh'
[50.233s] Level 1:colcon.colcon_core.environment:create_file_with_runtime_dependencies(/home/hanjh/F1_TENTH_UNITA/install/vesc_ackermann/share/colcon-core/packages/vesc_ackermann)
[50.234s] INFO:colcon.colcon_ros.task.ament_cmake.build:Building ROS package in '/home/hanjh/F1_TENTH_UNITA/src/race_stack/sensors/vesc/vesc' with build type 'ament_cmake'
[50.234s] INFO:colcon.colcon_cmake.task.cmake.build:Building CMake package in '/home/hanjh/F1_TENTH_UNITA/src/race_stack/sensors/vesc/vesc'
[50.234s] INFO:colcon.colcon_core.shell:Skip shell extension 'powershell' for command environment: Not usable outside of PowerShell
[50.234s] DEBUG:colcon.colcon_core.shell:Skip shell extension 'dsv' for command environment
[50.264s] DEBUG:colcon.colcon_core.event_handler.log_command:Invoking command in '/home/hanjh/F1_TENTH_UNITA/build/vesc': CMAKE_PREFIX_PATH=/home/hanjh/F1_TENTH_UNITA/install/vesc_driver:/home/hanjh/F1_TENTH_UNITA/install/vesc_ackermann:/home/hanjh/F1_TENTH_UNITA/install/vesc_msgs:/home/hanjh/F1_TENTH_UNITA/install/vesc:/home/hanjh/F1_TENTH_UNITA/install/teleop_tools:/home/hanjh/F1_TENTH_UNITA/install/teleop_tools_msgs:/home/hanjh/F1_TENTH_UNITA/install/f110_msgs:/home/hanjh/F1_TENTH_UNITA/install/ackermann_mux:/home/hanjh/ros2_ws/install/custom_interfaces:/home/hanjh/F1_TENTH_UNITA/install/f1tenth_stack:/home/hanjh/F1_TENTH_UNITA/install/joy_teleop:/home/hanjh/F1_TENTH_UNITA/install/steering_lookup:/home/hanjh/F1_TENTH_UNITA/install/state_machine:/home/hanjh/F1_TENTH_UNITA/install/slam_tuner:/home/hanjh/F1_TENTH_UNITA/install/state_estimation:/home/hanjh/F1_TENTH_UNITA/install/map_editor:/home/hanjh/F1_TENTH_UNITA/install/stack_master:/home/hanjh/F1_TENTH_UNITA/install/spline_planner:/home/hanjh/F1_TENTH_UNITA/install/sector_tuner:/home/hanjh/F1_TENTH_UNITA/install/perception:/home/hanjh/F1_TENTH_UNITA/install/opponent_publisher:/home/hanjh/F1_TENTH_UNITA/install/mouse_teleop:/home/hanjh/F1_TENTH_UNITA/install/lap_analyser:/home/hanjh/F1_TENTH_UNITA/install/key_teleop:/home/hanjh/F1_TENTH_UNITA/install/id_controller:/home/hanjh/F1_TENTH_UNITA/install/global_planner:/home/hanjh/F1_TENTH_UNITA/install/frenet_odom_republisher:/home/hanjh/F1_TENTH_UNITA/install/frenet_conversion:/home/hanjh/F1_TENTH_UNITA/install/f1tenth_gym_ros:/home/hanjh/F1_TENTH_UNITA/install/controller:/home/hanjh/ros2_ws/install/tutorial_topic:/home/hanjh/ros2_ws/install/tutorial_service:/home/hanjh/ros2_ws/install/tutorial_action:/home/hanjh/ros2_ws/install/node_exercise:/home/hanjh/ros2_ws/install/my_package:/home/hanjh/ros2_ws/install/moving_services:/home/hanjh/ros2_ws/install/logger_test:/home/hanjh/ros2_ws/install/elevator_vision:/home/hanjh/ros2_ws/install/ebimu_pkg:/home/hanjh/ros2_ws/install/debug_pkg:/home/hanjh/ros2_ws/install/custom_interface_example:/home/hanjh/ros2_ws/install/camera_perception_pkg:/opt/ros/humble /usr/bin/cmake /home/hanjh/F1_TENTH_UNITA/src/race_stack/sensors/vesc/vesc -DAMENT_CMAKE_SYMLINK_INSTALL=1 -DCMAKE_INSTALL_PREFIX=/home/hanjh/F1_TENTH_UNITA/install/vesc
[51.363s] DEBUG:colcon.colcon_core.event_handler.log_command:Invoked command in '/home/hanjh/F1_TENTH_UNITA/build/vesc' returned '0': CMAKE_PREFIX_PATH=/home/hanjh/F1_TENTH_UNITA/install/vesc_driver:/home/hanjh/F1_TENTH_UNITA/install/vesc_ackermann:/home/hanjh/F1_TENTH_UNITA/install/vesc_msgs:/home/hanjh/F1_TENTH_UNITA/install/vesc:/home/hanjh/F1_TENTH_UNITA/install/teleop_tools:/home/hanjh/F1_TENTH_UNITA/install/teleop_tools_msgs:/home/hanjh/F1_TENTH_UNITA/install/f110_msgs:/home/hanjh/F1_TENTH_UNITA/install/ackermann_mux:/home/hanjh/ros2_ws/install/custom_interfaces:/home/hanjh/F1_TENTH_UNITA/install/f1tenth_stack:/home/hanjh/F1_TENTH_UNITA/install/joy_teleop:/home/hanjh/F1_TENTH_UNITA/install/steering_lookup:/home/hanjh/F1_TENTH_UNITA/install/state_machine:/home/hanjh/F1_TENTH_UNITA/install/slam_tuner:/home/hanjh/F1_TENTH_UNITA/install/state_estimation:/home/hanjh/F1_TENTH_UNITA/install/map_editor:/home/hanjh/F1_TENTH_UNITA/install/stack_master:/home/hanjh/F1_TENTH_UNITA/install/spline_planner:/home/hanjh/F1_TENTH_UNITA/install/sector_tuner:/home/hanjh/F1_TENTH_UNITA/install/perception:/home/hanjh/F1_TENTH_UNITA/install/opponent_publisher:/home/hanjh/F1_TENTH_UNITA/install/mouse_teleop:/home/hanjh/F1_TENTH_UNITA/install/lap_analyser:/home/hanjh/F1_TENTH_UNITA/install/key_teleop:/home/hanjh/F1_TENTH_UNITA/install/id_controller:/home/hanjh/F1_TENTH_UNITA/install/global_planner:/home/hanjh/F1_TENTH_UNITA/install/frenet_odom_republisher:/home/hanjh/F1_TENTH_UNITA/install/frenet_conversion:/home/hanjh/F1_TENTH_UNITA/install/f1tenth_gym_ros:/home/hanjh/F1_TENTH_UNITA/install/controller:/home/hanjh/ros2_ws/install/tutorial_topic:/home/hanjh/ros2_ws/install/tutorial_service:/home/hanjh/ros2_ws/install/tutorial_action:/home/hanjh/ros2_ws/install/node_exercise:/home/hanjh/ros2_ws/install/my_package:/home/hanjh/ros2_ws/install/moving_services:/home/hanjh/ros2_ws/install/logger_test:/home/hanjh/ros2_ws/install/elevator_vision:/home/hanjh/ros2_ws/install/ebimu_pkg:/home/hanjh/ros2_ws/install/debug_pkg:/home/hanjh/ros2_ws/install/custom_interface_example:/home/hanjh/ros2_ws/install/camera_perception_pkg:/opt/ros/humble /usr/bin/cmake /home/hanjh/F1_TENTH_UNITA/src/race_stack/sensors/vesc/vesc -DAMENT_CMAKE_SYMLINK_INSTALL=1 -DCMAKE_INSTALL_PREFIX=/home/hanjh/F1_TENTH_UNITA/install/vesc
[51.366s] DEBUG:colcon.colcon_core.event_handler.log_command:Invoking command in '/home/hanjh/F1_TENTH_UNITA/build/vesc': CMAKE_PREFIX_PATH=/home/hanjh/F1_TENTH_UNITA/install/vesc_driver:/home/hanjh/F1_TENTH_UNITA/install/vesc_ackermann:/home/hanjh/F1_TENTH_UNITA/install/vesc_msgs:/home/hanjh/F1_TENTH_UNITA/install/vesc:/home/hanjh/F1_TENTH_UNITA/install/teleop_tools:/home/hanjh/F1_TENTH_UNITA/install/teleop_tools_msgs:/home/hanjh/F1_TENTH_UNITA/install/f110_msgs:/home/hanjh/F1_TENTH_UNITA/install/ackermann_mux:/home/hanjh/ros2_ws/install/custom_interfaces:/home/hanjh/F1_TENTH_UNITA/install/f1tenth_stack:/home/hanjh/F1_TENTH_UNITA/install/joy_teleop:/home/hanjh/F1_TENTH_UNITA/install/steering_lookup:/home/hanjh/F1_TENTH_UNITA/install/state_machine:/home/hanjh/F1_TENTH_UNITA/install/slam_tuner:/home/hanjh/F1_TENTH_UNITA/install/state_estimation:/home/hanjh/F1_TENTH_UNITA/install/map_editor:/home/hanjh/F1_TENTH_UNITA/install/stack_master:/home/hanjh/F1_TENTH_UNITA/install/spline_planner:/home/hanjh/F1_TENTH_UNITA/install/sector_tuner:/home/hanjh/F1_TENTH_UNITA/install/perception:/home/hanjh/F1_TENTH_UNITA/install/opponent_publisher:/home/hanjh/F1_TENTH_UNITA/install/mouse_teleop:/home/hanjh/F1_TENTH_UNITA/install/lap_analyser:/home/hanjh/F1_TENTH_UNITA/install/key_teleop:/home/hanjh/F1_TENTH_UNITA/install/id_controller:/home/hanjh/F1_TENTH_UNITA/install/global_planner:/home/hanjh/F1_TENTH_UNITA/install/frenet_odom_republisher:/home/hanjh/F1_TENTH_UNITA/install/frenet_conversion:/home/hanjh/F1_TENTH_UNITA/install/f1tenth_gym_ros:/home/hanjh/F1_TENTH_UNITA/install/controller:/home/hanjh/ros2_ws/install/tutorial_topic:/home/hanjh/ros2_ws/install/tutorial_service:/home/hanjh/ros2_ws/install/tutorial_action:/home/hanjh/ros2_ws/install/node_exercise:/home/hanjh/ros2_ws/install/my_package:/home/hanjh/ros2_ws/install/moving_services:/home/hanjh/ros2_ws/install/logger_test:/home/hanjh/ros2_ws/install/elevator_vision:/home/hanjh/ros2_ws/install/ebimu_pkg:/home/hanjh/ros2_ws/install/debug_pkg:/home/hanjh/ros2_ws/install/custom_interface_example:/home/hanjh/ros2_ws/install/camera_perception_pkg:/opt/ros/humble /usr/bin/cmake --build /home/hanjh/F1_TENTH_UNITA/build/vesc -- -j16 -l16
[51.421s] DEBUG:colcon.colcon_core.event_handler.log_command:Invoked command in '/home/hanjh/F1_TENTH_UNITA/build/vesc' returned '0': CMAKE_PREFIX_PATH=/home/hanjh/F1_TENTH_UNITA/install/vesc_driver:/home/hanjh/F1_TENTH_UNITA/install/vesc_ackermann:/home/hanjh/F1_TENTH_UNITA/install/vesc_msgs:/home/hanjh/F1_TENTH_UNITA/install/vesc:/home/hanjh/F1_TENTH_UNITA/install/teleop_tools:/home/hanjh/F1_TENTH_UNITA/install/teleop_tools_msgs:/home/hanjh/F1_TENTH_UNITA/install/f110_msgs:/home/hanjh/F1_TENTH_UNITA/install/ackermann_mux:/home/hanjh/ros2_ws/install/custom_interfaces:/home/hanjh/F1_TENTH_UNITA/install/f1tenth_stack:/home/hanjh/F1_TENTH_UNITA/install/joy_teleop:/home/hanjh/F1_TENTH_UNITA/install/steering_lookup:/home/hanjh/F1_TENTH_UNITA/install/state_machine:/home/hanjh/F1_TENTH_UNITA/install/slam_tuner:/home/hanjh/F1_TENTH_UNITA/install/state_estimation:/home/hanjh/F1_TENTH_UNITA/install/map_editor:/home/hanjh/F1_TENTH_UNITA/install/stack_master:/home/hanjh/F1_TENTH_UNITA/install/spline_planner:/home/hanjh/F1_TENTH_UNITA/install/sector_tuner:/home/hanjh/F1_TENTH_UNITA/install/perception:/home/hanjh/F1_TENTH_UNITA/install/opponent_publisher:/home/hanjh/F1_TENTH_UNITA/install/mouse_teleop:/home/hanjh/F1_TENTH_UNITA/install/lap_analyser:/home/hanjh/F1_TENTH_UNITA/install/key_teleop:/home/hanjh/F1_TENTH_UNITA/install/id_controller:/home/hanjh/F1_TENTH_UNITA/install/global_planner:/home/hanjh/F1_TENTH_UNITA/install/frenet_odom_republisher:/home/hanjh/F1_TENTH_UNITA/install/frenet_conversion:/home/hanjh/F1_TENTH_UNITA/install/f1tenth_gym_ros:/home/hanjh/F1_TENTH_UNITA/install/controller:/home/hanjh/ros2_ws/install/tutorial_topic:/home/hanjh/ros2_ws/install/tutorial_service:/home/hanjh/ros2_ws/install/tutorial_action:/home/hanjh/ros2_ws/install/node_exercise:/home/hanjh/ros2_ws/install/my_package:/home/hanjh/ros2_ws/install/moving_services:/home/hanjh/ros2_ws/install/logger_test:/home/hanjh/ros2_ws/install/elevator_vision:/home/hanjh/ros2_ws/install/ebimu_pkg:/home/hanjh/ros2_ws/install/debug_pkg:/home/hanjh/ros2_ws/install/custom_interface_example:/home/hanjh/ros2_ws/install/camera_perception_pkg:/opt/ros/humble /usr/bin/cmake --build /home/hanjh/F1_TENTH_UNITA/build/vesc -- -j16 -l16
[51.424s] DEBUG:colcon.colcon_core.event_handler.log_command:Invoking command in '/home/hanjh/F1_TENTH_UNITA/build/vesc': CMAKE_PREFIX_PATH=/home/hanjh/F1_TENTH_UNITA/install/vesc_driver:/home/hanjh/F1_TENTH_UNITA/install/vesc_ackermann:/home/hanjh/F1_TENTH_UNITA/install/vesc_msgs:/home/hanjh/F1_TENTH_UNITA/install/vesc:/home/hanjh/F1_TENTH_UNITA/install/teleop_tools:/home/hanjh/F1_TENTH_UNITA/install/teleop_tools_msgs:/home/hanjh/F1_TENTH_UNITA/install/f110_msgs:/home/hanjh/F1_TENTH_UNITA/install/ackermann_mux:/home/hanjh/ros2_ws/install/custom_interfaces:/home/hanjh/F1_TENTH_UNITA/install/f1tenth_stack:/home/hanjh/F1_TENTH_UNITA/install/joy_teleop:/home/hanjh/F1_TENTH_UNITA/install/steering_lookup:/home/hanjh/F1_TENTH_UNITA/install/state_machine:/home/hanjh/F1_TENTH_UNITA/install/slam_tuner:/home/hanjh/F1_TENTH_UNITA/install/state_estimation:/home/hanjh/F1_TENTH_UNITA/install/map_editor:/home/hanjh/F1_TENTH_UNITA/install/stack_master:/home/hanjh/F1_TENTH_UNITA/install/spline_planner:/home/hanjh/F1_TENTH_UNITA/install/sector_tuner:/home/hanjh/F1_TENTH_UNITA/install/perception:/home/hanjh/F1_TENTH_UNITA/install/opponent_publisher:/home/hanjh/F1_TENTH_UNITA/install/mouse_teleop:/home/hanjh/F1_TENTH_UNITA/install/lap_analyser:/home/hanjh/F1_TENTH_UNITA/install/key_teleop:/home/hanjh/F1_TENTH_UNITA/install/id_controller:/home/hanjh/F1_TENTH_UNITA/install/global_planner:/home/hanjh/F1_TENTH_UNITA/install/frenet_odom_republisher:/home/hanjh/F1_TENTH_UNITA/install/frenet_conversion:/home/hanjh/F1_TENTH_UNITA/install/f1tenth_gym_ros:/home/hanjh/F1_TENTH_UNITA/install/controller:/home/hanjh/ros2_ws/install/tutorial_topic:/home/hanjh/ros2_ws/install/tutorial_service:/home/hanjh/ros2_ws/install/tutorial_action:/home/hanjh/ros2_ws/install/node_exercise:/home/hanjh/ros2_ws/install/my_package:/home/hanjh/ros2_ws/install/moving_services:/home/hanjh/ros2_ws/install/logger_test:/home/hanjh/ros2_ws/install/elevator_vision:/home/hanjh/ros2_ws/install/ebimu_pkg:/home/hanjh/ros2_ws/install/debug_pkg:/home/hanjh/ros2_ws/install/custom_interface_example:/home/hanjh/ros2_ws/install/camera_perception_pkg:/opt/ros/humble /usr/bin/cmake --install /home/hanjh/F1_TENTH_UNITA/build/vesc
[51.611s] Level 1:colcon.colcon_core.environment:create_environment_scripts_only(vesc)
[51.611s] Level 1:colcon.colcon_core.environment:checking '/home/hanjh/F1_TENTH_UNITA/install/vesc' for CMake module files
[51.612s] DEBUG:colcon.colcon_core.event_handler.log_command:Invoked command in '/home/hanjh/F1_TENTH_UNITA/build/vesc' returned '0': CMAKE_PREFIX_PATH=/home/hanjh/F1_TENTH_UNITA/install/vesc_driver:/home/hanjh/F1_TENTH_UNITA/install/vesc_ackermann:/home/hanjh/F1_TENTH_UNITA/install/vesc_msgs:/home/hanjh/F1_TENTH_UNITA/install/vesc:/home/hanjh/F1_TENTH_UNITA/install/teleop_tools:/home/hanjh/F1_TENTH_UNITA/install/teleop_tools_msgs:/home/hanjh/F1_TENTH_UNITA/install/f110_msgs:/home/hanjh/F1_TENTH_UNITA/install/ackermann_mux:/home/hanjh/ros2_ws/install/custom_interfaces:/home/hanjh/F1_TENTH_UNITA/install/f1tenth_stack:/home/hanjh/F1_TENTH_UNITA/install/joy_teleop:/home/hanjh/F1_TENTH_UNITA/install/steering_lookup:/home/hanjh/F1_TENTH_UNITA/install/state_machine:/home/hanjh/F1_TENTH_UNITA/install/slam_tuner:/home/hanjh/F1_TENTH_UNITA/install/state_estimation:/home/hanjh/F1_TENTH_UNITA/install/map_editor:/home/hanjh/F1_TENTH_UNITA/install/stack_master:/home/hanjh/F1_TENTH_UNITA/install/spline_planner:/home/hanjh/F1_TENTH_UNITA/install/sector_tuner:/home/hanjh/F1_TENTH_UNITA/install/perception:/home/hanjh/F1_TENTH_UNITA/install/opponent_publisher:/home/hanjh/F1_TENTH_UNITA/install/mouse_teleop:/home/hanjh/F1_TENTH_UNITA/install/lap_analyser:/home/hanjh/F1_TENTH_UNITA/install/key_teleop:/home/hanjh/F1_TENTH_UNITA/install/id_controller:/home/hanjh/F1_TENTH_UNITA/install/global_planner:/home/hanjh/F1_TENTH_UNITA/install/frenet_odom_republisher:/home/hanjh/F1_TENTH_UNITA/install/frenet_conversion:/home/hanjh/F1_TENTH_UNITA/install/f1tenth_gym_ros:/home/hanjh/F1_TENTH_UNITA/install/controller:/home/hanjh/ros2_ws/install/tutorial_topic:/home/hanjh/ros2_ws/install/tutorial_service:/home/hanjh/ros2_ws/install/tutorial_action:/home/hanjh/ros2_ws/install/node_exercise:/home/hanjh/ros2_ws/install/my_package:/home/hanjh/ros2_ws/install/moving_services:/home/hanjh/ros2_ws/install/logger_test:/home/hanjh/ros2_ws/install/elevator_vision:/home/hanjh/ros2_ws/install/ebimu_pkg:/home/hanjh/ros2_ws/install/debug_pkg:/home/hanjh/ros2_ws/install/custom_interface_example:/home/hanjh/ros2_ws/install/camera_perception_pkg:/opt/ros/humble /usr/bin/cmake --install /home/hanjh/F1_TENTH_UNITA/build/vesc
[51.613s] Level 1:colcon.colcon_core.environment:checking '/home/hanjh/F1_TENTH_UNITA/install/vesc' for CMake config files
[51.613s] Level 1:colcon.colcon_core.shell:create_environment_hook('vesc', 'cmake_prefix_path')
[51.614s] INFO:colcon.colcon_core.shell:Creating environment hook '/home/hanjh/F1_TENTH_UNITA/install/vesc/share/vesc/hook/cmake_prefix_path.ps1'
[51.615s] INFO:colcon.colcon_core.shell:Creating environment descriptor '/home/hanjh/F1_TENTH_UNITA/install/vesc/share/vesc/hook/cmake_prefix_path.dsv'
[51.615s] INFO:colcon.colcon_core.shell:Creating environment hook '/home/hanjh/F1_TENTH_UNITA/install/vesc/share/vesc/hook/cmake_prefix_path.sh'
[51.616s] Level 1:colcon.colcon_core.environment:checking '/home/hanjh/F1_TENTH_UNITA/install/vesc/bin'
[51.616s] Level 1:colcon.colcon_core.environment:checking '/home/hanjh/F1_TENTH_UNITA/install/vesc/lib/pkgconfig/vesc.pc'
[51.616s] Level 1:colcon.colcon_core.environment:checking '/home/hanjh/F1_TENTH_UNITA/install/vesc/lib/python3.10/site-packages'
[51.617s] Level 1:colcon.colcon_core.environment:checking '/home/hanjh/F1_TENTH_UNITA/install/vesc/bin'
[51.617s] INFO:colcon.colcon_core.shell:Creating package script '/home/hanjh/F1_TENTH_UNITA/install/vesc/share/vesc/package.ps1'
[51.618s] INFO:colcon.colcon_core.shell:Creating package descriptor '/home/hanjh/F1_TENTH_UNITA/install/vesc/share/vesc/package.dsv'
[51.618s] INFO:colcon.colcon_core.shell:Creating package script '/home/hanjh/F1_TENTH_UNITA/install/vesc/share/vesc/package.sh'
[51.618s] INFO:colcon.colcon_core.shell:Creating package script '/home/hanjh/F1_TENTH_UNITA/install/vesc/share/vesc/package.bash'
[51.619s] INFO:colcon.colcon_core.shell:Creating package script '/home/hanjh/F1_TENTH_UNITA/install/vesc/share/vesc/package.zsh'
[51.619s] Level 1:colcon.colcon_core.environment:create_file_with_runtime_dependencies(/home/hanjh/F1_TENTH_UNITA/install/vesc/share/colcon-core/packages/vesc)
[51.619s] Level 1:colcon.colcon_core.environment:create_environment_scripts_only(vesc)
[51.620s] Level 1:colcon.colcon_core.environment:checking '/home/hanjh/F1_TENTH_UNITA/install/vesc' for CMake module files
[51.620s] Level 1:colcon.colcon_core.environment:checking '/home/hanjh/F1_TENTH_UNITA/install/vesc' for CMake config files
[51.620s] Level 1:colcon.colcon_core.shell:create_environment_hook('vesc', 'cmake_prefix_path')
[51.620s] INFO:colcon.colcon_core.shell:Creating environment hook '/home/hanjh/F1_TENTH_UNITA/install/vesc/share/vesc/hook/cmake_prefix_path.ps1'
[51.621s] INFO:colcon.colcon_core.shell:Creating environment descriptor '/home/hanjh/F1_TENTH_UNITA/install/vesc/share/vesc/hook/cmake_prefix_path.dsv'
[51.621s] INFO:colcon.colcon_core.shell:Creating environment hook '/home/hanjh/F1_TENTH_UNITA/install/vesc/share/vesc/hook/cmake_prefix_path.sh'
[51.622s] Level 1:colcon.colcon_core.environment:checking '/home/hanjh/F1_TENTH_UNITA/install/vesc/bin'
[51.622s] Level 1:colcon.colcon_core.environment:checking '/home/hanjh/F1_TENTH_UNITA/install/vesc/lib/pkgconfig/vesc.pc'
[51.622s] Level 1:colcon.colcon_core.environment:checking '/home/hanjh/F1_TENTH_UNITA/install/vesc/lib/python3.10/site-packages'
[51.622s] Level 1:colcon.colcon_core.environment:checking '/home/hanjh/F1_TENTH_UNITA/install/vesc/bin'
[51.623s] INFO:colcon.colcon_core.shell:Creating package script '/home/hanjh/F1_TENTH_UNITA/install/vesc/share/vesc/package.ps1'
[51.623s] INFO:colcon.colcon_core.shell:Creating package descriptor '/home/hanjh/F1_TENTH_UNITA/install/vesc/share/vesc/package.dsv'
[51.624s] INFO:colcon.colcon_core.shell:Creating package script '/home/hanjh/F1_TENTH_UNITA/install/vesc/share/vesc/package.sh'
[51.624s] INFO:colcon.colcon_core.shell:Creating package script '/home/hanjh/F1_TENTH_UNITA/install/vesc/share/vesc/package.bash'
[51.624s] INFO:colcon.colcon_core.shell:Creating package script '/home/hanjh/F1_TENTH_UNITA/install/vesc/share/vesc/package.zsh'
[51.625s] Level 1:colcon.colcon_core.environment:create_file_with_runtime_dependencies(/home/hanjh/F1_TENTH_UNITA/install/vesc/share/colcon-core/packages/vesc)
[51.625s] INFO:colcon.colcon_ros.task.ament_python.build:Building ROS package in '/home/hanjh/F1_TENTH_UNITA/src/race_stack/base_system/f1tenth_system/f1tenth_stack' with build type 'ament_python'
[51.625s] Level 1:colcon.colcon_core.shell:create_environment_hook('f1tenth_stack', 'ament_prefix_path')
[51.626s] INFO:colcon.colcon_core.shell:Creating environment hook '/home/hanjh/F1_TENTH_UNITA/install/f1tenth_stack/share/f1tenth_stack/hook/ament_prefix_path.ps1'
[51.627s] INFO:colcon.colcon_core.shell:Creating environment descriptor '/home/hanjh/F1_TENTH_UNITA/install/f1tenth_stack/share/f1tenth_stack/hook/ament_prefix_path.dsv'
[51.627s] INFO:colcon.colcon_core.shell:Creating environment hook '/home/hanjh/F1_TENTH_UNITA/install/f1tenth_stack/share/f1tenth_stack/hook/ament_prefix_path.sh'
[51.628s] INFO:colcon.colcon_core.shell:Skip shell extension 'powershell' for command environment: Not usable outside of PowerShell
[51.628s] DEBUG:colcon.colcon_core.shell:Skip shell extension 'dsv' for command environment
[52.120s] INFO:colcon.colcon_core.task.python.build:Building Python package in '/home/hanjh/F1_TENTH_UNITA/src/race_stack/base_system/f1tenth_system/f1tenth_stack'
[52.120s] INFO:colcon.colcon_core.shell:Skip shell extension 'powershell' for command environment: Not usable outside of PowerShell
[52.120s] DEBUG:colcon.colcon_core.shell:Skip shell extension 'dsv' for command environment
[52.712s] DEBUG:colcon.colcon_core.event_handler.log_command:Invoking command in '/home/hanjh/F1_TENTH_UNITA/build/f1tenth_stack': AMENT_PREFIX_PATH=/home/hanjh/F1_TENTH_UNITA/install/joy_teleop:/home/hanjh/F1_TENTH_UNITA/install/f1tenth_stack:/home/hanjh/F1_TENTH_UNITA/install/vesc:/home/hanjh/F1_TENTH_UNITA/install/vesc_driver:/home/hanjh/F1_TENTH_UNITA/install/vesc_ackermann:/home/hanjh/F1_TENTH_UNITA/install/vesc_msgs:/home/hanjh/F1_TENTH_UNITA/install/teleop_tools:/home/hanjh/F1_TENTH_UNITA/install/teleop_tools_msgs:/home/hanjh/F1_TENTH_UNITA/install/steering_lookup:/home/hanjh/F1_TENTH_UNITA/install/state_machine:/home/hanjh/F1_TENTH_UNITA/install/slam_tuner:/home/hanjh/F1_TENTH_UNITA/install/state_estimation:/home/hanjh/F1_TENTH_UNITA/install/map_editor:/home/hanjh/F1_TENTH_UNITA/install/stack_master:/home/hanjh/F1_TENTH_UNITA/install/spline_planner:/home/hanjh/F1_TENTH_UNITA/install/sector_tuner:/home/hanjh/F1_TENTH_UNITA/install/perception:/home/hanjh/F1_TENTH_UNITA/install/opponent_publisher:/home/hanjh/F1_TENTH_UNITA/install/mouse_teleop:/home/hanjh/F1_TENTH_UNITA/install/lap_analyser:/home/hanjh/F1_TENTH_UNITA/install/key_teleop:/home/hanjh/F1_TENTH_UNITA/install/id_controller:/home/hanjh/F1_TENTH_UNITA/install/global_planner:/home/hanjh/F1_TENTH_UNITA/install/frenet_odom_republisher:/home/hanjh/F1_TENTH_UNITA/install/frenet_conversion:/home/hanjh/F1_TENTH_UNITA/install/f1tenth_gym_ros:/home/hanjh/F1_TENTH_UNITA/install/f110_msgs:/home/hanjh/F1_TENTH_UNITA/install/controller:/home/hanjh/F1_TENTH_UNITA/install/ackermann_mux:/home/hanjh/ros2_ws/install/tutorial_topic:/home/hanjh/ros2_ws/install/tutorial_service:/home/hanjh/ros2_ws/install/tutorial_action:/home/hanjh/ros2_ws/install/node_exercise:/home/hanjh/ros2_ws/install/my_package:/home/hanjh/ros2_ws/install/moving_services:/home/hanjh/ros2_ws/install/logger_test:/home/hanjh/ros2_ws/install/elevator_vision:/home/hanjh/ros2_ws/install/ebimu_pkg:/home/hanjh/ros2_ws/install/debug_pkg:/home/hanjh/ros2_ws/install/custom_interface_example:/home/hanjh/ros2_ws/install/custom_interfaces:/home/hanjh/ros2_ws/install/camera_perception_pkg:/opt/ros/humble CMAKE_PREFIX_PATH=/home/hanjh/F1_TENTH_UNITA/install/vesc:/home/hanjh/F1_TENTH_UNITA/install/vesc_driver:/home/hanjh/F1_TENTH_UNITA/install/vesc_ackermann:/home/hanjh/F1_TENTH_UNITA/install/vesc_msgs:/home/hanjh/F1_TENTH_UNITA/install/teleop_tools_msgs:/home/hanjh/F1_TENTH_UNITA/install/ackermann_mux:/home/hanjh/F1_TENTH_UNITA/install/teleop_tools:/home/hanjh/F1_TENTH_UNITA/install/f110_msgs:/home/hanjh/ros2_ws/install/custom_interfaces PYTHONPATH=/home/hanjh/F1_TENTH_UNITA/build/f1tenth_stack/prefix_override:/usr/lib/python3/dist-packages/colcon_core/task/python/colcon_distutils_commands:/home/hanjh/F1_TENTH_UNITA/install/f1tenth_stack/lib/python3.10/site-packages:/home/hanjh/F1_TENTH_UNITA/build/joy_teleop:/home/hanjh/F1_TENTH_UNITA/install/joy_teleop/lib/python3.10/site-packages:/home/hanjh/F1_TENTH_UNITA/build/f1tenth_stack:/home/hanjh/F1_TENTH_UNITA/install/f1tenth_stack/lib/python3.10/site-packages:/home/hanjh/F1_TENTH_UNITA/install/vesc_msgs/local/lib/python3.10/dist-packages:/home/hanjh/F1_TENTH_UNITA/install/teleop_tools_msgs/local/lib/python3.10/dist-packages:/home/hanjh/F1_TENTH_UNITA/build/steering_lookup:/home/hanjh/F1_TENTH_UNITA/install/steering_lookup/lib/python3.10/site-packages:/home/hanjh/F1_TENTH_UNITA/build/state_machine:/home/hanjh/F1_TENTH_UNITA/install/state_machine/lib/python3.10/site-packages:/home/hanjh/F1_TENTH_UNITA/build/slam_tuner:/home/hanjh/F1_TENTH_UNITA/install/slam_tuner/lib/python3.10/site-packages:/home/hanjh/F1_TENTH_UNITA/build/state_estimation:/home/hanjh/F1_TENTH_UNITA/install/state_estimation/lib/python3.10/site-packages:/home/hanjh/F1_TENTH_UNITA/build/map_editor:/home/hanjh/F1_TENTH_UNITA/install/map_editor/lib/python3.10/site-packages:/home/hanjh/F1_TENTH_UNITA/build/stack_master:/home/hanjh/F1_TENTH_UNITA/install/stack_master/lib/python3.10/site-packages:/home/hanjh/F1_TENTH_UNITA/build/spline_planner:/home/hanjh/F1_TENTH_UNITA/install/spline_planner/lib/python3.10/site-packages:/home/hanjh/F1_TENTH_UNITA/build/sector_tuner:/home/hanjh/F1_TENTH_UNITA/install/sector_tuner/lib/python3.10/site-packages:/home/hanjh/F1_TENTH_UNITA/build/perception:/home/hanjh/F1_TENTH_UNITA/install/perception/lib/python3.10/site-packages:/home/hanjh/F1_TENTH_UNITA/build/opponent_publisher:/home/hanjh/F1_TENTH_UNITA/install/opponent_publisher/lib/python3.10/site-packages:/home/hanjh/F1_TENTH_UNITA/build/mouse_teleop:/home/hanjh/F1_TENTH_UNITA/install/mouse_teleop/lib/python3.10/site-packages:/home/hanjh/F1_TENTH_UNITA/build/lap_analyser:/home/hanjh/F1_TENTH_UNITA/install/lap_analyser/lib/python3.10/site-packages:/home/hanjh/F1_TENTH_UNITA/build/key_teleop:/home/hanjh/F1_TENTH_UNITA/install/key_teleop/lib/python3.10/site-packages:/home/hanjh/F1_TENTH_UNITA/build/id_controller:/home/hanjh/F1_TENTH_UNITA/install/id_controller/lib/python3.10/site-packages:/home/hanjh/F1_TENTH_UNITA/build/global_planner:/home/hanjh/F1_TENTH_UNITA/install/global_planner/lib/python3.10/site-packages:/home/hanjh/F1_TENTH_UNITA/build/frenet_odom_republisher:/home/hanjh/F1_TENTH_UNITA/install/frenet_odom_republisher/lib/python3.10/site-packages:/home/hanjh/F1_TENTH_UNITA/build/frenet_conversion:/home/hanjh/F1_TENTH_UNITA/install/frenet_conversion/lib/python3.10/site-packages:/home/hanjh/F1_TENTH_UNITA/build/f1tenth_gym_ros:/home/hanjh/F1_TENTH_UNITA/install/f1tenth_gym_ros/lib/python3.10/site-packages:/home/hanjh/F1_TENTH_UNITA/install/f110_msgs/local/lib/python3.10/dist-packages:/home/hanjh/F1_TENTH_UNITA/build/controller:/home/hanjh/F1_TENTH_UNITA/install/controller/lib/python3.10/site-packages:/home/hanjh/ros2_ws/build/tutorial_topic:/home/hanjh/ros2_ws/install/tutorial_topic/lib/python3.10/site-packages:/home/hanjh/ros2_ws/build/tutorial_service:/home/hanjh/ros2_ws/install/tutorial_service/lib/python3.10/site-packages:/home/hanjh/ros2_ws/build/tutorial_action:/home/hanjh/ros2_ws/install/tutorial_action/lib/python3.10/site-packages:/home/hanjh/ros2_ws/build/node_exercise:/home/hanjh/ros2_ws/install/node_exercise/lib/python3.10/site-packages:/home/hanjh/ros2_ws/build/my_package:/home/hanjh/ros2_ws/install/my_package/lib/python3.10/site-packages:/home/hanjh/ros2_ws/build/moving_services:/home/hanjh/ros2_ws/install/moving_services/lib/python3.10/site-packages:/home/hanjh/ros2_ws/build/logger_test:/home/hanjh/ros2_ws/install/logger_test/lib/python3.10/site-packages:/home/hanjh/ros2_ws/build/elevator_vision:/home/hanjh/ros2_ws/install/elevator_vision/lib/python3.10/site-packages:/home/hanjh/ros2_ws/build/ebimu_pkg:/home/hanjh/ros2_ws/install/ebimu_pkg/lib/python3.10/site-packages:/home/hanjh/ros2_ws/build/debug_pkg:/home/hanjh/ros2_ws/install/debug_pkg/lib/python3.10/site-packages:/home/hanjh/ros2_ws/build/custom_interface_example:/home/hanjh/ros2_ws/install/custom_interface_example/lib/python3.10/site-packages:/home/hanjh/ros2_ws/install/custom_interfaces/local/lib/python3.10/dist-packages:/home/hanjh/ros2_ws/build/camera_perception_pkg:/home/hanjh/ros2_ws/install/camera_perception_pkg/lib/python3.10/site-packages:/opt/ros/humble/lib/python3.10/site-packages:/opt/ros/humble/local/lib/python3.10/dist-packages /usr/bin/python3 -W ignore:setup.py install is deprecated -W ignore:easy_install command is deprecated setup.py develop --editable --build-directory /home/hanjh/F1_TENTH_UNITA/build/f1tenth_stack/build --no-deps symlink_data
[53.592s] Level 1:colcon.colcon_core.shell:create_environment_hook('f1tenth_stack', 'pythonpath_develop')
[53.593s] INFO:colcon.colcon_core.shell:Creating environment hook '/home/hanjh/F1_TENTH_UNITA/build/f1tenth_stack/share/f1tenth_stack/hook/pythonpath_develop.ps1'
[53.594s] DEBUG:colcon.colcon_core.event_handler.log_command:Invoked command in '/home/hanjh/F1_TENTH_UNITA/build/f1tenth_stack' returned '0': AMENT_PREFIX_PATH=/home/hanjh/F1_TENTH_UNITA/install/joy_teleop:/home/hanjh/F1_TENTH_UNITA/install/f1tenth_stack:/home/hanjh/F1_TENTH_UNITA/install/vesc:/home/hanjh/F1_TENTH_UNITA/install/vesc_driver:/home/hanjh/F1_TENTH_UNITA/install/vesc_ackermann:/home/hanjh/F1_TENTH_UNITA/install/vesc_msgs:/home/hanjh/F1_TENTH_UNITA/install/teleop_tools:/home/hanjh/F1_TENTH_UNITA/install/teleop_tools_msgs:/home/hanjh/F1_TENTH_UNITA/install/steering_lookup:/home/hanjh/F1_TENTH_UNITA/install/state_machine:/home/hanjh/F1_TENTH_UNITA/install/slam_tuner:/home/hanjh/F1_TENTH_UNITA/install/state_estimation:/home/hanjh/F1_TENTH_UNITA/install/map_editor:/home/hanjh/F1_TENTH_UNITA/install/stack_master:/home/hanjh/F1_TENTH_UNITA/install/spline_planner:/home/hanjh/F1_TENTH_UNITA/install/sector_tuner:/home/hanjh/F1_TENTH_UNITA/install/perception:/home/hanjh/F1_TENTH_UNITA/install/opponent_publisher:/home/hanjh/F1_TENTH_UNITA/install/mouse_teleop:/home/hanjh/F1_TENTH_UNITA/install/lap_analyser:/home/hanjh/F1_TENTH_UNITA/install/key_teleop:/home/hanjh/F1_TENTH_UNITA/install/id_controller:/home/hanjh/F1_TENTH_UNITA/install/global_planner:/home/hanjh/F1_TENTH_UNITA/install/frenet_odom_republisher:/home/hanjh/F1_TENTH_UNITA/install/frenet_conversion:/home/hanjh/F1_TENTH_UNITA/install/f1tenth_gym_ros:/home/hanjh/F1_TENTH_UNITA/install/f110_msgs:/home/hanjh/F1_TENTH_UNITA/install/controller:/home/hanjh/F1_TENTH_UNITA/install/ackermann_mux:/home/hanjh/ros2_ws/install/tutorial_topic:/home/hanjh/ros2_ws/install/tutorial_service:/home/hanjh/ros2_ws/install/tutorial_action:/home/hanjh/ros2_ws/install/node_exercise:/home/hanjh/ros2_ws/install/my_package:/home/hanjh/ros2_ws/install/moving_services:/home/hanjh/ros2_ws/install/logger_test:/home/hanjh/ros2_ws/install/elevator_vision:/home/hanjh/ros2_ws/install/ebimu_pkg:/home/hanjh/ros2_ws/install/debug_pkg:/home/hanjh/ros2_ws/install/custom_interface_example:/home/hanjh/ros2_ws/install/custom_interfaces:/home/hanjh/ros2_ws/install/camera_perception_pkg:/opt/ros/humble CMAKE_PREFIX_PATH=/home/hanjh/F1_TENTH_UNITA/install/vesc:/home/hanjh/F1_TENTH_UNITA/install/vesc_driver:/home/hanjh/F1_TENTH_UNITA/install/vesc_ackermann:/home/hanjh/F1_TENTH_UNITA/install/vesc_msgs:/home/hanjh/F1_TENTH_UNITA/install/teleop_tools_msgs:/home/hanjh/F1_TENTH_UNITA/install/ackermann_mux:/home/hanjh/F1_TENTH_UNITA/install/teleop_tools:/home/hanjh/F1_TENTH_UNITA/install/f110_msgs:/home/hanjh/ros2_ws/install/custom_interfaces PYTHONPATH=/home/hanjh/F1_TENTH_UNITA/build/f1tenth_stack/prefix_override:/usr/lib/python3/dist-packages/colcon_core/task/python/colcon_distutils_commands:/home/hanjh/F1_TENTH_UNITA/install/f1tenth_stack/lib/python3.10/site-packages:/home/hanjh/F1_TENTH_UNITA/build/joy_teleop:/home/hanjh/F1_TENTH_UNITA/install/joy_teleop/lib/python3.10/site-packages:/home/hanjh/F1_TENTH_UNITA/build/f1tenth_stack:/home/hanjh/F1_TENTH_UNITA/install/f1tenth_stack/lib/python3.10/site-packages:/home/hanjh/F1_TENTH_UNITA/install/vesc_msgs/local/lib/python3.10/dist-packages:/home/hanjh/F1_TENTH_UNITA/install/teleop_tools_msgs/local/lib/python3.10/dist-packages:/home/hanjh/F1_TENTH_UNITA/build/steering_lookup:/home/hanjh/F1_TENTH_UNITA/install/steering_lookup/lib/python3.10/site-packages:/home/hanjh/F1_TENTH_UNITA/build/state_machine:/home/hanjh/F1_TENTH_UNITA/install/state_machine/lib/python3.10/site-packages:/home/hanjh/F1_TENTH_UNITA/build/slam_tuner:/home/hanjh/F1_TENTH_UNITA/install/slam_tuner/lib/python3.10/site-packages:/home/hanjh/F1_TENTH_UNITA/build/state_estimation:/home/hanjh/F1_TENTH_UNITA/install/state_estimation/lib/python3.10/site-packages:/home/hanjh/F1_TENTH_UNITA/build/map_editor:/home/hanjh/F1_TENTH_UNITA/install/map_editor/lib/python3.10/site-packages:/home/hanjh/F1_TENTH_UNITA/build/stack_master:/home/hanjh/F1_TENTH_UNITA/install/stack_master/lib/python3.10/site-packages:/home/hanjh/F1_TENTH_UNITA/build/spline_planner:/home/hanjh/F1_TENTH_UNITA/install/spline_planner/lib/python3.10/site-packages:/home/hanjh/F1_TENTH_UNITA/build/sector_tuner:/home/hanjh/F1_TENTH_UNITA/install/sector_tuner/lib/python3.10/site-packages:/home/hanjh/F1_TENTH_UNITA/build/perception:/home/hanjh/F1_TENTH_UNITA/install/perception/lib/python3.10/site-packages:/home/hanjh/F1_TENTH_UNITA/build/opponent_publisher:/home/hanjh/F1_TENTH_UNITA/install/opponent_publisher/lib/python3.10/site-packages:/home/hanjh/F1_TENTH_UNITA/build/mouse_teleop:/home/hanjh/F1_TENTH_UNITA/install/mouse_teleop/lib/python3.10/site-packages:/home/hanjh/F1_TENTH_UNITA/build/lap_analyser:/home/hanjh/F1_TENTH_UNITA/install/lap_analyser/lib/python3.10/site-packages:/home/hanjh/F1_TENTH_UNITA/build/key_teleop:/home/hanjh/F1_TENTH_UNITA/install/key_teleop/lib/python3.10/site-packages:/home/hanjh/F1_TENTH_UNITA/build/id_controller:/home/hanjh/F1_TENTH_UNITA/install/id_controller/lib/python3.10/site-packages:/home/hanjh/F1_TENTH_UNITA/build/global_planner:/home/hanjh/F1_TENTH_UNITA/install/global_planner/lib/python3.10/site-packages:/home/hanjh/F1_TENTH_UNITA/build/frenet_odom_republisher:/home/hanjh/F1_TENTH_UNITA/install/frenet_odom_republisher/lib/python3.10/site-packages:/home/hanjh/F1_TENTH_UNITA/build/frenet_conversion:/home/hanjh/F1_TENTH_UNITA/install/frenet_conversion/lib/python3.10/site-packages:/home/hanjh/F1_TENTH_UNITA/build/f1tenth_gym_ros:/home/hanjh/F1_TENTH_UNITA/install/f1tenth_gym_ros/lib/python3.10/site-packages:/home/hanjh/F1_TENTH_UNITA/install/f110_msgs/local/lib/python3.10/dist-packages:/home/hanjh/F1_TENTH_UNITA/build/controller:/home/hanjh/F1_TENTH_UNITA/install/controller/lib/python3.10/site-packages:/home/hanjh/ros2_ws/build/tutorial_topic:/home/hanjh/ros2_ws/install/tutorial_topic/lib/python3.10/site-packages:/home/hanjh/ros2_ws/build/tutorial_service:/home/hanjh/ros2_ws/install/tutorial_service/lib/python3.10/site-packages:/home/hanjh/ros2_ws/build/tutorial_action:/home/hanjh/ros2_ws/install/tutorial_action/lib/python3.10/site-packages:/home/hanjh/ros2_ws/build/node_exercise:/home/hanjh/ros2_ws/install/node_exercise/lib/python3.10/site-packages:/home/hanjh/ros2_ws/build/my_package:/home/hanjh/ros2_ws/install/my_package/lib/python3.10/site-packages:/home/hanjh/ros2_ws/build/moving_services:/home/hanjh/ros2_ws/install/moving_services/lib/python3.10/site-packages:/home/hanjh/ros2_ws/build/logger_test:/home/hanjh/ros2_ws/install/logger_test/lib/python3.10/site-packages:/home/hanjh/ros2_ws/build/elevator_vision:/home/hanjh/ros2_ws/install/elevator_vision/lib/python3.10/site-packages:/home/hanjh/ros2_ws/build/ebimu_pkg:/home/hanjh/ros2_ws/install/ebimu_pkg/lib/python3.10/site-packages:/home/hanjh/ros2_ws/build/debug_pkg:/home/hanjh/ros2_ws/install/debug_pkg/lib/python3.10/site-packages:/home/hanjh/ros2_ws/build/custom_interface_example:/home/hanjh/ros2_ws/install/custom_interface_example/lib/python3.10/site-packages:/home/hanjh/ros2_ws/install/custom_interfaces/local/lib/python3.10/dist-packages:/home/hanjh/ros2_ws/build/camera_perception_pkg:/home/hanjh/ros2_ws/install/camera_perception_pkg/lib/python3.10/site-packages:/opt/ros/humble/lib/python3.10/site-packages:/opt/ros/humble/local/lib/python3.10/dist-packages /usr/bin/python3 -W ignore:setup.py install is deprecated -W ignore:easy_install command is deprecated setup.py develop --editable --build-directory /home/hanjh/F1_TENTH_UNITA/build/f1tenth_stack/build --no-deps symlink_data
[53.595s] INFO:colcon.colcon_core.shell:Creating environment descriptor '/home/hanjh/F1_TENTH_UNITA/build/f1tenth_stack/share/f1tenth_stack/hook/pythonpath_develop.dsv'
[53.595s] INFO:colcon.colcon_core.shell:Creating environment hook '/home/hanjh/F1_TENTH_UNITA/build/f1tenth_stack/share/f1tenth_stack/hook/pythonpath_develop.sh'
[53.596s] Level 1:colcon.colcon_core.environment:checking '/home/hanjh/F1_TENTH_UNITA/install/f1tenth_stack' for CMake module files
[53.597s] Level 1:colcon.colcon_core.environment:checking '/home/hanjh/F1_TENTH_UNITA/install/f1tenth_stack' for CMake config files
[53.598s] Level 1:colcon.colcon_core.environment:checking '/home/hanjh/F1_TENTH_UNITA/install/f1tenth_stack/lib'
[53.598s] Level 1:colcon.colcon_core.environment:checking '/home/hanjh/F1_TENTH_UNITA/install/f1tenth_stack/bin'
[53.598s] Level 1:colcon.colcon_core.environment:checking '/home/hanjh/F1_TENTH_UNITA/install/f1tenth_stack/lib/pkgconfig/f1tenth_stack.pc'
[53.599s] Level 1:colcon.colcon_core.environment:checking '/home/hanjh/F1_TENTH_UNITA/install/f1tenth_stack/lib/python3.10/site-packages'
[53.599s] Level 1:colcon.colcon_core.shell:create_environment_hook('f1tenth_stack', 'pythonpath')
[53.599s] INFO:colcon.colcon_core.shell:Creating environment hook '/home/hanjh/F1_TENTH_UNITA/install/f1tenth_stack/share/f1tenth_stack/hook/pythonpath.ps1'
[53.600s] INFO:colcon.colcon_core.shell:Creating environment descriptor '/home/hanjh/F1_TENTH_UNITA/install/f1tenth_stack/share/f1tenth_stack/hook/pythonpath.dsv'
[53.601s] INFO:colcon.colcon_core.shell:Creating environment hook '/home/hanjh/F1_TENTH_UNITA/install/f1tenth_stack/share/f1tenth_stack/hook/pythonpath.sh'
[53.602s] Level 1:colcon.colcon_core.environment:checking '/home/hanjh/F1_TENTH_UNITA/install/f1tenth_stack/bin'
[53.602s] Level 1:colcon.colcon_core.environment:create_environment_scripts_only(f1tenth_stack)
[53.602s] INFO:colcon.colcon_core.shell:Creating package script '/home/hanjh/F1_TENTH_UNITA/install/f1tenth_stack/share/f1tenth_stack/package.ps1'
[53.603s] INFO:colcon.colcon_core.shell:Creating package descriptor '/home/hanjh/F1_TENTH_UNITA/install/f1tenth_stack/share/f1tenth_stack/package.dsv'
[53.603s] INFO:colcon.colcon_core.shell:Creating package script '/home/hanjh/F1_TENTH_UNITA/install/f1tenth_stack/share/f1tenth_stack/package.sh'
[53.604s] INFO:colcon.colcon_core.shell:Creating package script '/home/hanjh/F1_TENTH_UNITA/install/f1tenth_stack/share/f1tenth_stack/package.bash'
[53.604s] INFO:colcon.colcon_core.shell:Creating package script '/home/hanjh/F1_TENTH_UNITA/install/f1tenth_stack/share/f1tenth_stack/package.zsh'
[53.604s] Level 1:colcon.colcon_core.environment:create_file_with_runtime_dependencies(/home/hanjh/F1_TENTH_UNITA/install/f1tenth_stack/share/colcon-core/packages/f1tenth_stack)
[53.605s] DEBUG:colcon.colcon_parallel_executor.executor.parallel:closing loop
[53.605s] DEBUG:colcon.colcon_parallel_executor.executor.parallel:loop closed
[53.605s] DEBUG:colcon.colcon_parallel_executor.executor.parallel:run_until_complete finished with '0'
[53.605s] DEBUG:colcon.colcon_core.event_reactor:joining thread
[53.615s] INFO:colcon.colcon_core.plugin_system:Skipping extension 'colcon_notification.desktop_notification.terminal_notifier': Not used on non-Darwin systems
[53.615s] INFO:colcon.colcon_core.plugin_system:Skipping extension 'colcon_notification.desktop_notification.win32': Not used on non-Windows systems
[53.615s] INFO:colcon.colcon_notification.desktop_notification:Sending desktop notification using 'notify2'
[53.634s] DEBUG:colcon.colcon_core.event_reactor:joined thread
[53.634s] INFO:colcon.colcon_core.shell:Creating prefix script '/home/hanjh/F1_TENTH_UNITA/install/local_setup.ps1'
[53.636s] INFO:colcon.colcon_core.shell:Creating prefix util module '/home/hanjh/F1_TENTH_UNITA/install/_local_setup_util_ps1.py'
[53.637s] INFO:colcon.colcon_core.shell:Creating prefix chain script '/home/hanjh/F1_TENTH_UNITA/install/setup.ps1'
[53.640s] INFO:colcon.colcon_core.shell:Creating prefix script '/home/hanjh/F1_TENTH_UNITA/install/local_setup.sh'
[53.641s] INFO:colcon.colcon_core.shell:Creating prefix util module '/home/hanjh/F1_TENTH_UNITA/install/_local_setup_util_sh.py'
[53.641s] INFO:colcon.colcon_core.shell:Creating prefix chain script '/home/hanjh/F1_TENTH_UNITA/install/setup.sh'
[53.643s] INFO:colcon.colcon_core.shell:Creating prefix script '/home/hanjh/F1_TENTH_UNITA/install/local_setup.bash'
[53.644s] INFO:colcon.colcon_core.shell:Creating prefix chain script '/home/hanjh/F1_TENTH_UNITA/install/setup.bash'
[53.646s] INFO:colcon.colcon_core.shell:Creating prefix script '/home/hanjh/F1_TENTH_UNITA/install/local_setup.zsh'
[53.647s] INFO:colcon.colcon_core.shell:Creating prefix chain script '/home/hanjh/F1_TENTH_UNITA/install/setup.zsh'
