[0.114s] DEBUG:colcon:Command line arguments: ['/usr/bin/colcon', 'build', '--symlink-install']
[0.114s] DEBUG:colcon:Parsed command line arguments: Namespace(log_base=None, log_level=None, verb_name='build', build_base='build', install_base='install', merge_install=False, symlink_install=True, test_result_base=None, continue_on_error=False, executor='parallel', parallel_workers=16, event_handlers=None, ignore_user_meta=False, metas=['./colcon.meta'], base_paths=['.'], packages_ignore=None, packages_ignore_regex=None, paths=None, packages_up_to=None, packages_up_to_regex=None, packages_above=None, packages_above_and_dependencies=None, packages_above_depth=None, packages_select_by_dep=None, packages_skip_by_dep=None, packages_skip_up_to=None, packages_select_build_failed=False, packages_skip_build_finished=False, packages_select_test_failures=False, packages_skip_test_passed=False, packages_select=None, packages_skip=None, packages_select_regex=None, packages_skip_regex=None, packages_start=None, packages_end=None, allow_overriding=[], cmake_args=None, cmake_target=None, cmake_target_skip_unavailable=False, cmake_clean_cache=False, cmake_clean_first=False, cmake_force_configure=False, ament_cmake_args=None, catkin_cmake_args=None, catkin_skip_building_tests=False, verb_parser=<colcon_defaults.argument_parser.defaults.DefaultArgumentsDecorator object at 0x77663b1db5e0>, verb_extension=<colcon_core.verb.build.BuildVerb object at 0x77663b194430>, main=<bound method BuildVerb.main of <colcon_core.verb.build.BuildVerb object at 0x77663b194430>>)
[0.352s] Level 1:colcon.colcon_core.package_discovery:discover_packages(colcon_meta) check parameters
[0.352s] Level 1:colcon.colcon_core.package_discovery:discover_packages(recursive) check parameters
[0.352s] Level 1:colcon.colcon_core.package_discovery:discover_packages(ignore) check parameters
[0.352s] Level 1:colcon.colcon_core.package_discovery:discover_packages(path) check parameters
[0.352s] Level 1:colcon.colcon_core.package_discovery:discover_packages(colcon_meta) discover
[0.352s] Level 1:colcon.colcon_core.package_discovery:discover_packages(recursive) discover
[0.352s] INFO:colcon.colcon_core.package_discovery:Crawling recursively for packages in '/home/hanjh/F1_TENTH_UNITA'
[0.352s] Level 1:colcon.colcon_core.package_identification:_identify(.) by extensions ['ignore', 'ignore_ament_install']
[0.352s] Level 1:colcon.colcon_core.package_identification:_identify(.) by extension 'ignore'
[0.352s] Level 1:colcon.colcon_core.package_identification:_identify(.) by extension 'ignore_ament_install'
[0.352s] Level 1:colcon.colcon_core.package_identification:_identify(.) by extensions ['colcon_pkg']
[0.352s] Level 1:colcon.colcon_core.package_identification:_identify(.) by extension 'colcon_pkg'
[0.352s] Level 1:colcon.colcon_core.package_identification:_identify(.) by extensions ['colcon_meta']
[0.352s] Level 1:colcon.colcon_core.package_identification:_identify(.) by extension 'colcon_meta'
[0.352s] Level 1:colcon.colcon_core.package_identification:_identify(.) by extensions ['ros']
[0.352s] Level 1:colcon.colcon_core.package_identification:_identify(.) by extension 'ros'
[0.377s] Level 1:colcon.colcon_core.package_identification:_identify(.) by extensions ['cmake', 'python']
[0.378s] Level 1:colcon.colcon_core.package_identification:_identify(.) by extension 'cmake'
[0.378s] Level 1:colcon.colcon_core.package_identification:_identify(.) by extension 'python'
[0.378s] Level 1:colcon.colcon_core.package_identification:_identify(.) by extensions ['python_setup_py']
[0.378s] Level 1:colcon.colcon_core.package_identification:_identify(.) by extension 'python_setup_py'
[0.378s] Level 1:colcon.colcon_core.package_identification:_identify(build) by extensions ['ignore', 'ignore_ament_install']
[0.378s] Level 1:colcon.colcon_core.package_identification:_identify(build) by extension 'ignore'
[0.378s] Level 1:colcon.colcon_core.package_identification:_identify(build) ignored
[0.378s] Level 1:colcon.colcon_core.package_identification:_identify(data) by extensions ['ignore', 'ignore_ament_install']
[0.378s] Level 1:colcon.colcon_core.package_identification:_identify(data) by extension 'ignore'
[0.378s] Level 1:colcon.colcon_core.package_identification:_identify(data) by extension 'ignore_ament_install'
[0.378s] Level 1:colcon.colcon_core.package_identification:_identify(data) by extensions ['colcon_pkg']
[0.378s] Level 1:colcon.colcon_core.package_identification:_identify(data) by extension 'colcon_pkg'
[0.378s] Level 1:colcon.colcon_core.package_identification:_identify(data) by extensions ['colcon_meta']
[0.378s] Level 1:colcon.colcon_core.package_identification:_identify(data) by extension 'colcon_meta'
[0.378s] Level 1:colcon.colcon_core.package_identification:_identify(data) by extensions ['ros']
[0.378s] Level 1:colcon.colcon_core.package_identification:_identify(data) by extension 'ros'
[0.378s] Level 1:colcon.colcon_core.package_identification:_identify(data) by extensions ['cmake', 'python']
[0.378s] Level 1:colcon.colcon_core.package_identification:_identify(data) by extension 'cmake'
[0.379s] Level 1:colcon.colcon_core.package_identification:_identify(data) by extension 'python'
[0.379s] Level 1:colcon.colcon_core.package_identification:_identify(data) by extensions ['python_setup_py']
[0.379s] Level 1:colcon.colcon_core.package_identification:_identify(data) by extension 'python_setup_py'
[0.379s] Level 1:colcon.colcon_core.package_identification:_identify(data/lap_analyser) by extensions ['ignore', 'ignore_ament_install']
[0.379s] Level 1:colcon.colcon_core.package_identification:_identify(data/lap_analyser) by extension 'ignore'
[0.379s] Level 1:colcon.colcon_core.package_identification:_identify(data/lap_analyser) by extension 'ignore_ament_install'
[0.379s] Level 1:colcon.colcon_core.package_identification:_identify(data/lap_analyser) by extensions ['colcon_pkg']
[0.379s] Level 1:colcon.colcon_core.package_identification:_identify(data/lap_analyser) by extension 'colcon_pkg'
[0.379s] Level 1:colcon.colcon_core.package_identification:_identify(data/lap_analyser) by extensions ['colcon_meta']
[0.379s] Level 1:colcon.colcon_core.package_identification:_identify(data/lap_analyser) by extension 'colcon_meta'
[0.379s] Level 1:colcon.colcon_core.package_identification:_identify(data/lap_analyser) by extensions ['ros']
[0.379s] Level 1:colcon.colcon_core.package_identification:_identify(data/lap_analyser) by extension 'ros'
[0.379s] Level 1:colcon.colcon_core.package_identification:_identify(data/lap_analyser) by extensions ['cmake', 'python']
[0.379s] Level 1:colcon.colcon_core.package_identification:_identify(data/lap_analyser) by extension 'cmake'
[0.379s] Level 1:colcon.colcon_core.package_identification:_identify(data/lap_analyser) by extension 'python'
[0.379s] Level 1:colcon.colcon_core.package_identification:_identify(data/lap_analyser) by extensions ['python_setup_py']
[0.379s] Level 1:colcon.colcon_core.package_identification:_identify(data/lap_analyser) by extension 'python_setup_py'
[0.379s] Level 1:colcon.colcon_core.package_identification:_identify(install) by extensions ['ignore', 'ignore_ament_install']
[0.379s] Level 1:colcon.colcon_core.package_identification:_identify(install) by extension 'ignore'
[0.379s] Level 1:colcon.colcon_core.package_identification:_identify(install) ignored
[0.379s] Level 1:colcon.colcon_core.package_identification:_identify(log) by extensions ['ignore', 'ignore_ament_install']
[0.379s] Level 1:colcon.colcon_core.package_identification:_identify(log) by extension 'ignore'
[0.379s] Level 1:colcon.colcon_core.package_identification:_identify(log) ignored
[0.380s] Level 1:colcon.colcon_core.package_identification:_identify(src) by extensions ['ignore', 'ignore_ament_install']
[0.380s] Level 1:colcon.colcon_core.package_identification:_identify(src) by extension 'ignore'
[0.380s] Level 1:colcon.colcon_core.package_identification:_identify(src) by extension 'ignore_ament_install'
[0.380s] Level 1:colcon.colcon_core.package_identification:_identify(src) by extensions ['colcon_pkg']
[0.380s] Level 1:colcon.colcon_core.package_identification:_identify(src) by extension 'colcon_pkg'
[0.380s] Level 1:colcon.colcon_core.package_identification:_identify(src) by extensions ['colcon_meta']
[0.380s] Level 1:colcon.colcon_core.package_identification:_identify(src) by extension 'colcon_meta'
[0.380s] Level 1:colcon.colcon_core.package_identification:_identify(src) by extensions ['ros']
[0.380s] Level 1:colcon.colcon_core.package_identification:_identify(src) by extension 'ros'
[0.380s] Level 1:colcon.colcon_core.package_identification:_identify(src) by extensions ['cmake', 'python']
[0.380s] Level 1:colcon.colcon_core.package_identification:_identify(src) by extension 'cmake'
[0.380s] Level 1:colcon.colcon_core.package_identification:_identify(src) by extension 'python'
[0.380s] Level 1:colcon.colcon_core.package_identification:_identify(src) by extensions ['python_setup_py']
[0.380s] Level 1:colcon.colcon_core.package_identification:_identify(src) by extension 'python_setup_py'
[0.380s] Level 1:colcon.colcon_core.package_identification:_identify(src/race_stack) by extensions ['ignore', 'ignore_ament_install']
[0.380s] Level 1:colcon.colcon_core.package_identification:_identify(src/race_stack) by extension 'ignore'
[0.380s] Level 1:colcon.colcon_core.package_identification:_identify(src/race_stack) by extension 'ignore_ament_install'
[0.380s] Level 1:colcon.colcon_core.package_identification:_identify(src/race_stack) by extensions ['colcon_pkg']
[0.380s] Level 1:colcon.colcon_core.package_identification:_identify(src/race_stack) by extension 'colcon_pkg'
[0.380s] Level 1:colcon.colcon_core.package_identification:_identify(src/race_stack) by extensions ['colcon_meta']
[0.380s] Level 1:colcon.colcon_core.package_identification:_identify(src/race_stack) by extension 'colcon_meta'
[0.380s] Level 1:colcon.colcon_core.package_identification:_identify(src/race_stack) by extensions ['ros']
[0.380s] Level 1:colcon.colcon_core.package_identification:_identify(src/race_stack) by extension 'ros'
[0.380s] Level 1:colcon.colcon_core.package_identification:_identify(src/race_stack) by extensions ['cmake', 'python']
[0.380s] Level 1:colcon.colcon_core.package_identification:_identify(src/race_stack) by extension 'cmake'
[0.380s] Level 1:colcon.colcon_core.package_identification:_identify(src/race_stack) by extension 'python'
[0.380s] Level 1:colcon.colcon_core.package_identification:_identify(src/race_stack) by extensions ['python_setup_py']
[0.380s] Level 1:colcon.colcon_core.package_identification:_identify(src/race_stack) by extension 'python_setup_py'
[0.381s] Level 1:colcon.colcon_core.package_identification:_identify(src/race_stack/base_system) by extensions ['ignore', 'ignore_ament_install']
[0.381s] Level 1:colcon.colcon_core.package_identification:_identify(src/race_stack/base_system) by extension 'ignore'
[0.381s] Level 1:colcon.colcon_core.package_identification:_identify(src/race_stack/base_system) by extension 'ignore_ament_install'
[0.381s] Level 1:colcon.colcon_core.package_identification:_identify(src/race_stack/base_system) by extensions ['colcon_pkg']
[0.381s] Level 1:colcon.colcon_core.package_identification:_identify(src/race_stack/base_system) by extension 'colcon_pkg'
[0.381s] Level 1:colcon.colcon_core.package_identification:_identify(src/race_stack/base_system) by extensions ['colcon_meta']
[0.381s] Level 1:colcon.colcon_core.package_identification:_identify(src/race_stack/base_system) by extension 'colcon_meta'
[0.381s] Level 1:colcon.colcon_core.package_identification:_identify(src/race_stack/base_system) by extensions ['ros']
[0.381s] Level 1:colcon.colcon_core.package_identification:_identify(src/race_stack/base_system) by extension 'ros'
[0.381s] Level 1:colcon.colcon_core.package_identification:_identify(src/race_stack/base_system) by extensions ['cmake', 'python']
[0.381s] Level 1:colcon.colcon_core.package_identification:_identify(src/race_stack/base_system) by extension 'cmake'
[0.381s] Level 1:colcon.colcon_core.package_identification:_identify(src/race_stack/base_system) by extension 'python'
[0.381s] Level 1:colcon.colcon_core.package_identification:_identify(src/race_stack/base_system) by extensions ['python_setup_py']
[0.381s] Level 1:colcon.colcon_core.package_identification:_identify(src/race_stack/base_system) by extension 'python_setup_py'
[0.381s] Level 1:colcon.colcon_core.package_identification:_identify(src/race_stack/base_system/f110_simulator) by extensions ['ignore', 'ignore_ament_install']
[0.381s] Level 1:colcon.colcon_core.package_identification:_identify(src/race_stack/base_system/f110_simulator) by extension 'ignore'
[0.381s] Level 1:colcon.colcon_core.package_identification:_identify(src/race_stack/base_system/f110_simulator) by extension 'ignore_ament_install'
[0.381s] Level 1:colcon.colcon_core.package_identification:_identify(src/race_stack/base_system/f110_simulator) by extensions ['colcon_pkg']
[0.381s] Level 1:colcon.colcon_core.package_identification:_identify(src/race_stack/base_system/f110_simulator) by extension 'colcon_pkg'
[0.381s] Level 1:colcon.colcon_core.package_identification:_identify(src/race_stack/base_system/f110_simulator) by extensions ['colcon_meta']
[0.381s] Level 1:colcon.colcon_core.package_identification:_identify(src/race_stack/base_system/f110_simulator) by extension 'colcon_meta'
[0.381s] Level 1:colcon.colcon_core.package_identification:_identify(src/race_stack/base_system/f110_simulator) by extensions ['ros']
[0.381s] Level 1:colcon.colcon_core.package_identification:_identify(src/race_stack/base_system/f110_simulator) by extension 'ros'
[0.381s] Level 1:colcon.colcon_core.package_identification:_identify(src/race_stack/base_system/f110_simulator) by extensions ['cmake', 'python']
[0.381s] Level 1:colcon.colcon_core.package_identification:_identify(src/race_stack/base_system/f110_simulator) by extension 'cmake'
[0.381s] Level 1:colcon.colcon_core.package_identification:_identify(src/race_stack/base_system/f110_simulator) by extension 'python'
[0.382s] Level 1:colcon.colcon_core.package_identification:_identify(src/race_stack/base_system/f110_simulator) by extensions ['python_setup_py']
[0.382s] Level 1:colcon.colcon_core.package_identification:_identify(src/race_stack/base_system/f110_simulator) by extension 'python_setup_py'
[0.382s] Level 1:colcon.colcon_core.package_identification:_identify(src/race_stack/base_system/f110_simulator/f1tenth_gym) by extensions ['ignore', 'ignore_ament_install']
[0.382s] Level 1:colcon.colcon_core.package_identification:_identify(src/race_stack/base_system/f110_simulator/f1tenth_gym) by extension 'ignore'
[0.382s] Level 1:colcon.colcon_core.package_identification:_identify(src/race_stack/base_system/f110_simulator/f1tenth_gym) ignored
[0.382s] Level 1:colcon.colcon_core.package_identification:_identify(src/race_stack/base_system/f110_simulator/f1tenth_gym_ros) by extensions ['ignore', 'ignore_ament_install']
[0.382s] Level 1:colcon.colcon_core.package_identification:_identify(src/race_stack/base_system/f110_simulator/f1tenth_gym_ros) by extension 'ignore'
[0.382s] Level 1:colcon.colcon_core.package_identification:_identify(src/race_stack/base_system/f110_simulator/f1tenth_gym_ros) by extension 'ignore_ament_install'
[0.382s] Level 1:colcon.colcon_core.package_identification:_identify(src/race_stack/base_system/f110_simulator/f1tenth_gym_ros) by extensions ['colcon_pkg']
[0.382s] Level 1:colcon.colcon_core.package_identification:_identify(src/race_stack/base_system/f110_simulator/f1tenth_gym_ros) by extension 'colcon_pkg'
[0.382s] Level 1:colcon.colcon_core.package_identification:_identify(src/race_stack/base_system/f110_simulator/f1tenth_gym_ros) by extensions ['colcon_meta']
[0.382s] Level 1:colcon.colcon_core.package_identification:_identify(src/race_stack/base_system/f110_simulator/f1tenth_gym_ros) by extension 'colcon_meta'
[0.382s] Level 1:colcon.colcon_core.package_identification:_identify(src/race_stack/base_system/f110_simulator/f1tenth_gym_ros) by extensions ['ros']
[0.382s] Level 1:colcon.colcon_core.package_identification:_identify(src/race_stack/base_system/f110_simulator/f1tenth_gym_ros) by extension 'ros'
[0.385s] DEBUG:colcon.colcon_core.package_identification:Package 'src/race_stack/base_system/f110_simulator/f1tenth_gym_ros' with type 'ros.ament_python' and name 'f1tenth_gym_ros'
[0.385s] Level 1:colcon.colcon_core.package_identification:_identify(src/race_stack/base_system/f1tenth_system) by extensions ['ignore', 'ignore_ament_install']
[0.385s] Level 1:colcon.colcon_core.package_identification:_identify(src/race_stack/base_system/f1tenth_system) by extension 'ignore'
[0.385s] Level 1:colcon.colcon_core.package_identification:_identify(src/race_stack/base_system/f1tenth_system) by extension 'ignore_ament_install'
[0.385s] Level 1:colcon.colcon_core.package_identification:_identify(src/race_stack/base_system/f1tenth_system) by extensions ['colcon_pkg']
[0.385s] Level 1:colcon.colcon_core.package_identification:_identify(src/race_stack/base_system/f1tenth_system) by extension 'colcon_pkg'
[0.385s] Level 1:colcon.colcon_core.package_identification:_identify(src/race_stack/base_system/f1tenth_system) by extensions ['colcon_meta']
[0.385s] Level 1:colcon.colcon_core.package_identification:_identify(src/race_stack/base_system/f1tenth_system) by extension 'colcon_meta'
[0.385s] Level 1:colcon.colcon_core.package_identification:_identify(src/race_stack/base_system/f1tenth_system) by extensions ['ros']
[0.385s] Level 1:colcon.colcon_core.package_identification:_identify(src/race_stack/base_system/f1tenth_system) by extension 'ros'
[0.385s] Level 1:colcon.colcon_core.package_identification:_identify(src/race_stack/base_system/f1tenth_system) by extensions ['cmake', 'python']
[0.385s] Level 1:colcon.colcon_core.package_identification:_identify(src/race_stack/base_system/f1tenth_system) by extension 'cmake'
[0.385s] Level 1:colcon.colcon_core.package_identification:_identify(src/race_stack/base_system/f1tenth_system) by extension 'python'
[0.385s] Level 1:colcon.colcon_core.package_identification:_identify(src/race_stack/base_system/f1tenth_system) by extensions ['python_setup_py']
[0.385s] Level 1:colcon.colcon_core.package_identification:_identify(src/race_stack/base_system/f1tenth_system) by extension 'python_setup_py'
[0.386s] Level 1:colcon.colcon_core.package_identification:_identify(src/race_stack/base_system/f1tenth_system/ackermann_mux) by extensions ['ignore', 'ignore_ament_install']
[0.386s] Level 1:colcon.colcon_core.package_identification:_identify(src/race_stack/base_system/f1tenth_system/ackermann_mux) by extension 'ignore'
[0.386s] Level 1:colcon.colcon_core.package_identification:_identify(src/race_stack/base_system/f1tenth_system/ackermann_mux) by extension 'ignore_ament_install'
[0.386s] Level 1:colcon.colcon_core.package_identification:_identify(src/race_stack/base_system/f1tenth_system/ackermann_mux) by extensions ['colcon_pkg']
[0.386s] Level 1:colcon.colcon_core.package_identification:_identify(src/race_stack/base_system/f1tenth_system/ackermann_mux) by extension 'colcon_pkg'
[0.386s] Level 1:colcon.colcon_core.package_identification:_identify(src/race_stack/base_system/f1tenth_system/ackermann_mux) by extensions ['colcon_meta']
[0.386s] Level 1:colcon.colcon_core.package_identification:_identify(src/race_stack/base_system/f1tenth_system/ackermann_mux) by extension 'colcon_meta'
[0.386s] Level 1:colcon.colcon_core.package_identification:_identify(src/race_stack/base_system/f1tenth_system/ackermann_mux) by extensions ['ros']
[0.386s] Level 1:colcon.colcon_core.package_identification:_identify(src/race_stack/base_system/f1tenth_system/ackermann_mux) by extension 'ros'
[0.387s] DEBUG:colcon.colcon_core.package_identification:Package 'src/race_stack/base_system/f1tenth_system/ackermann_mux' with type 'ros.ament_cmake' and name 'ackermann_mux'
[0.387s] Level 1:colcon.colcon_core.package_identification:_identify(src/race_stack/base_system/f1tenth_system/f1tenth_stack) by extensions ['ignore', 'ignore_ament_install']
[0.387s] Level 1:colcon.colcon_core.package_identification:_identify(src/race_stack/base_system/f1tenth_system/f1tenth_stack) by extension 'ignore'
[0.387s] Level 1:colcon.colcon_core.package_identification:_identify(src/race_stack/base_system/f1tenth_system/f1tenth_stack) by extension 'ignore_ament_install'
[0.387s] Level 1:colcon.colcon_core.package_identification:_identify(src/race_stack/base_system/f1tenth_system/f1tenth_stack) by extensions ['colcon_pkg']
[0.387s] Level 1:colcon.colcon_core.package_identification:_identify(src/race_stack/base_system/f1tenth_system/f1tenth_stack) by extension 'colcon_pkg'
[0.387s] Level 1:colcon.colcon_core.package_identification:_identify(src/race_stack/base_system/f1tenth_system/f1tenth_stack) by extensions ['colcon_meta']
[0.387s] Level 1:colcon.colcon_core.package_identification:_identify(src/race_stack/base_system/f1tenth_system/f1tenth_stack) by extension 'colcon_meta'
[0.387s] Level 1:colcon.colcon_core.package_identification:_identify(src/race_stack/base_system/f1tenth_system/f1tenth_stack) by extensions ['ros']
[0.387s] Level 1:colcon.colcon_core.package_identification:_identify(src/race_stack/base_system/f1tenth_system/f1tenth_stack) by extension 'ros'
[0.388s] DEBUG:colcon.colcon_core.package_identification:Package 'src/race_stack/base_system/f1tenth_system/f1tenth_stack' with type 'ros.ament_python' and name 'f1tenth_stack'
[0.388s] Level 1:colcon.colcon_core.package_identification:_identify(src/race_stack/base_system/f1tenth_system/scripts) by extensions ['ignore', 'ignore_ament_install']
[0.388s] Level 1:colcon.colcon_core.package_identification:_identify(src/race_stack/base_system/f1tenth_system/scripts) by extension 'ignore'
[0.388s] Level 1:colcon.colcon_core.package_identification:_identify(src/race_stack/base_system/f1tenth_system/scripts) by extension 'ignore_ament_install'
[0.388s] Level 1:colcon.colcon_core.package_identification:_identify(src/race_stack/base_system/f1tenth_system/scripts) by extensions ['colcon_pkg']
[0.389s] Level 1:colcon.colcon_core.package_identification:_identify(src/race_stack/base_system/f1tenth_system/scripts) by extension 'colcon_pkg'
[0.389s] Level 1:colcon.colcon_core.package_identification:_identify(src/race_stack/base_system/f1tenth_system/scripts) by extensions ['colcon_meta']
[0.389s] Level 1:colcon.colcon_core.package_identification:_identify(src/race_stack/base_system/f1tenth_system/scripts) by extension 'colcon_meta'
[0.389s] Level 1:colcon.colcon_core.package_identification:_identify(src/race_stack/base_system/f1tenth_system/scripts) by extensions ['ros']
[0.389s] Level 1:colcon.colcon_core.package_identification:_identify(src/race_stack/base_system/f1tenth_system/scripts) by extension 'ros'
[0.389s] Level 1:colcon.colcon_core.package_identification:_identify(src/race_stack/base_system/f1tenth_system/scripts) by extensions ['cmake', 'python']
[0.389s] Level 1:colcon.colcon_core.package_identification:_identify(src/race_stack/base_system/f1tenth_system/scripts) by extension 'cmake'
[0.389s] Level 1:colcon.colcon_core.package_identification:_identify(src/race_stack/base_system/f1tenth_system/scripts) by extension 'python'
[0.389s] Level 1:colcon.colcon_core.package_identification:_identify(src/race_stack/base_system/f1tenth_system/scripts) by extensions ['python_setup_py']
[0.389s] Level 1:colcon.colcon_core.package_identification:_identify(src/race_stack/base_system/f1tenth_system/scripts) by extension 'python_setup_py'
[0.389s] Level 1:colcon.colcon_core.package_identification:_identify(src/race_stack/base_system/f1tenth_system/teleop_tools) by extensions ['ignore', 'ignore_ament_install']
[0.389s] Level 1:colcon.colcon_core.package_identification:_identify(src/race_stack/base_system/f1tenth_system/teleop_tools) by extension 'ignore'
[0.389s] Level 1:colcon.colcon_core.package_identification:_identify(src/race_stack/base_system/f1tenth_system/teleop_tools) by extension 'ignore_ament_install'
[0.389s] Level 1:colcon.colcon_core.package_identification:_identify(src/race_stack/base_system/f1tenth_system/teleop_tools) by extensions ['colcon_pkg']
[0.389s] Level 1:colcon.colcon_core.package_identification:_identify(src/race_stack/base_system/f1tenth_system/teleop_tools) by extension 'colcon_pkg'
[0.389s] Level 1:colcon.colcon_core.package_identification:_identify(src/race_stack/base_system/f1tenth_system/teleop_tools) by extensions ['colcon_meta']
[0.389s] Level 1:colcon.colcon_core.package_identification:_identify(src/race_stack/base_system/f1tenth_system/teleop_tools) by extension 'colcon_meta'
[0.389s] Level 1:colcon.colcon_core.package_identification:_identify(src/race_stack/base_system/f1tenth_system/teleop_tools) by extensions ['ros']
[0.389s] Level 1:colcon.colcon_core.package_identification:_identify(src/race_stack/base_system/f1tenth_system/teleop_tools) by extension 'ros'
[0.389s] Level 1:colcon.colcon_core.package_identification:_identify(src/race_stack/base_system/f1tenth_system/teleop_tools) by extensions ['cmake', 'python']
[0.389s] Level 1:colcon.colcon_core.package_identification:_identify(src/race_stack/base_system/f1tenth_system/teleop_tools) by extension 'cmake'
[0.389s] Level 1:colcon.colcon_core.package_identification:_identify(src/race_stack/base_system/f1tenth_system/teleop_tools) by extension 'python'
[0.389s] Level 1:colcon.colcon_core.package_identification:_identify(src/race_stack/base_system/f1tenth_system/teleop_tools) by extensions ['python_setup_py']
[0.389s] Level 1:colcon.colcon_core.package_identification:_identify(src/race_stack/base_system/f1tenth_system/teleop_tools) by extension 'python_setup_py'
[0.389s] Level 1:colcon.colcon_core.package_identification:_identify(src/race_stack/base_system/f1tenth_system/teleop_tools/joy_teleop) by extensions ['ignore', 'ignore_ament_install']
[0.390s] Level 1:colcon.colcon_core.package_identification:_identify(src/race_stack/base_system/f1tenth_system/teleop_tools/joy_teleop) by extension 'ignore'
[0.390s] Level 1:colcon.colcon_core.package_identification:_identify(src/race_stack/base_system/f1tenth_system/teleop_tools/joy_teleop) by extension 'ignore_ament_install'
[0.390s] Level 1:colcon.colcon_core.package_identification:_identify(src/race_stack/base_system/f1tenth_system/teleop_tools/joy_teleop) by extensions ['colcon_pkg']
[0.390s] Level 1:colcon.colcon_core.package_identification:_identify(src/race_stack/base_system/f1tenth_system/teleop_tools/joy_teleop) by extension 'colcon_pkg'
[0.390s] Level 1:colcon.colcon_core.package_identification:_identify(src/race_stack/base_system/f1tenth_system/teleop_tools/joy_teleop) by extensions ['colcon_meta']
[0.390s] Level 1:colcon.colcon_core.package_identification:_identify(src/race_stack/base_system/f1tenth_system/teleop_tools/joy_teleop) by extension 'colcon_meta'
[0.390s] Level 1:colcon.colcon_core.package_identification:_identify(src/race_stack/base_system/f1tenth_system/teleop_tools/joy_teleop) by extensions ['ros']
[0.390s] Level 1:colcon.colcon_core.package_identification:_identify(src/race_stack/base_system/f1tenth_system/teleop_tools/joy_teleop) by extension 'ros'
[0.390s] DEBUG:colcon.colcon_core.package_identification:Package 'src/race_stack/base_system/f1tenth_system/teleop_tools/joy_teleop' with type 'ros.ament_python' and name 'joy_teleop'
[0.391s] Level 1:colcon.colcon_core.package_identification:_identify(src/race_stack/base_system/f1tenth_system/teleop_tools/key_teleop) by extensions ['ignore', 'ignore_ament_install']
[0.391s] Level 1:colcon.colcon_core.package_identification:_identify(src/race_stack/base_system/f1tenth_system/teleop_tools/key_teleop) by extension 'ignore'
[0.391s] Level 1:colcon.colcon_core.package_identification:_identify(src/race_stack/base_system/f1tenth_system/teleop_tools/key_teleop) by extension 'ignore_ament_install'
[0.391s] Level 1:colcon.colcon_core.package_identification:_identify(src/race_stack/base_system/f1tenth_system/teleop_tools/key_teleop) by extensions ['colcon_pkg']
[0.391s] Level 1:colcon.colcon_core.package_identification:_identify(src/race_stack/base_system/f1tenth_system/teleop_tools/key_teleop) by extension 'colcon_pkg'
[0.391s] Level 1:colcon.colcon_core.package_identification:_identify(src/race_stack/base_system/f1tenth_system/teleop_tools/key_teleop) by extensions ['colcon_meta']
[0.391s] Level 1:colcon.colcon_core.package_identification:_identify(src/race_stack/base_system/f1tenth_system/teleop_tools/key_teleop) by extension 'colcon_meta'
[0.391s] Level 1:colcon.colcon_core.package_identification:_identify(src/race_stack/base_system/f1tenth_system/teleop_tools/key_teleop) by extensions ['ros']
[0.391s] Level 1:colcon.colcon_core.package_identification:_identify(src/race_stack/base_system/f1tenth_system/teleop_tools/key_teleop) by extension 'ros'
[0.391s] DEBUG:colcon.colcon_core.package_identification:Package 'src/race_stack/base_system/f1tenth_system/teleop_tools/key_teleop' with type 'ros.ament_python' and name 'key_teleop'
[0.392s] Level 1:colcon.colcon_core.package_identification:_identify(src/race_stack/base_system/f1tenth_system/teleop_tools/mouse_teleop) by extensions ['ignore', 'ignore_ament_install']
[0.392s] Level 1:colcon.colcon_core.package_identification:_identify(src/race_stack/base_system/f1tenth_system/teleop_tools/mouse_teleop) by extension 'ignore'
[0.392s] Level 1:colcon.colcon_core.package_identification:_identify(src/race_stack/base_system/f1tenth_system/teleop_tools/mouse_teleop) by extension 'ignore_ament_install'
[0.392s] Level 1:colcon.colcon_core.package_identification:_identify(src/race_stack/base_system/f1tenth_system/teleop_tools/mouse_teleop) by extensions ['colcon_pkg']
[0.392s] Level 1:colcon.colcon_core.package_identification:_identify(src/race_stack/base_system/f1tenth_system/teleop_tools/mouse_teleop) by extension 'colcon_pkg'
[0.392s] Level 1:colcon.colcon_core.package_identification:_identify(src/race_stack/base_system/f1tenth_system/teleop_tools/mouse_teleop) by extensions ['colcon_meta']
[0.392s] Level 1:colcon.colcon_core.package_identification:_identify(src/race_stack/base_system/f1tenth_system/teleop_tools/mouse_teleop) by extension 'colcon_meta'
[0.392s] Level 1:colcon.colcon_core.package_identification:_identify(src/race_stack/base_system/f1tenth_system/teleop_tools/mouse_teleop) by extensions ['ros']
[0.392s] Level 1:colcon.colcon_core.package_identification:_identify(src/race_stack/base_system/f1tenth_system/teleop_tools/mouse_teleop) by extension 'ros'
[0.392s] DEBUG:colcon.colcon_core.package_identification:Package 'src/race_stack/base_system/f1tenth_system/teleop_tools/mouse_teleop' with type 'ros.ament_python' and name 'mouse_teleop'
[0.393s] Level 1:colcon.colcon_core.package_identification:_identify(src/race_stack/base_system/f1tenth_system/teleop_tools/teleop_tools) by extensions ['ignore', 'ignore_ament_install']
[0.393s] Level 1:colcon.colcon_core.package_identification:_identify(src/race_stack/base_system/f1tenth_system/teleop_tools/teleop_tools) by extension 'ignore'
[0.393s] Level 1:colcon.colcon_core.package_identification:_identify(src/race_stack/base_system/f1tenth_system/teleop_tools/teleop_tools) by extension 'ignore_ament_install'
[0.393s] Level 1:colcon.colcon_core.package_identification:_identify(src/race_stack/base_system/f1tenth_system/teleop_tools/teleop_tools) by extensions ['colcon_pkg']
[0.393s] Level 1:colcon.colcon_core.package_identification:_identify(src/race_stack/base_system/f1tenth_system/teleop_tools/teleop_tools) by extension 'colcon_pkg'
[0.393s] Level 1:colcon.colcon_core.package_identification:_identify(src/race_stack/base_system/f1tenth_system/teleop_tools/teleop_tools) by extensions ['colcon_meta']
[0.393s] Level 1:colcon.colcon_core.package_identification:_identify(src/race_stack/base_system/f1tenth_system/teleop_tools/teleop_tools) by extension 'colcon_meta'
[0.393s] Level 1:colcon.colcon_core.package_identification:_identify(src/race_stack/base_system/f1tenth_system/teleop_tools/teleop_tools) by extensions ['ros']
[0.393s] Level 1:colcon.colcon_core.package_identification:_identify(src/race_stack/base_system/f1tenth_system/teleop_tools/teleop_tools) by extension 'ros'
[0.393s] DEBUG:colcon.colcon_core.package_identification:Package 'src/race_stack/base_system/f1tenth_system/teleop_tools/teleop_tools' with type 'ros.ament_cmake' and name 'teleop_tools'
[0.393s] Level 1:colcon.colcon_core.package_identification:_identify(src/race_stack/base_system/f1tenth_system/teleop_tools/teleop_tools_msgs) by extensions ['ignore', 'ignore_ament_install']
[0.394s] Level 1:colcon.colcon_core.package_identification:_identify(src/race_stack/base_system/f1tenth_system/teleop_tools/teleop_tools_msgs) by extension 'ignore'
[0.394s] Level 1:colcon.colcon_core.package_identification:_identify(src/race_stack/base_system/f1tenth_system/teleop_tools/teleop_tools_msgs) by extension 'ignore_ament_install'
[0.394s] Level 1:colcon.colcon_core.package_identification:_identify(src/race_stack/base_system/f1tenth_system/teleop_tools/teleop_tools_msgs) by extensions ['colcon_pkg']
[0.394s] Level 1:colcon.colcon_core.package_identification:_identify(src/race_stack/base_system/f1tenth_system/teleop_tools/teleop_tools_msgs) by extension 'colcon_pkg'
[0.394s] Level 1:colcon.colcon_core.package_identification:_identify(src/race_stack/base_system/f1tenth_system/teleop_tools/teleop_tools_msgs) by extensions ['colcon_meta']
[0.394s] Level 1:colcon.colcon_core.package_identification:_identify(src/race_stack/base_system/f1tenth_system/teleop_tools/teleop_tools_msgs) by extension 'colcon_meta'
[0.394s] Level 1:colcon.colcon_core.package_identification:_identify(src/race_stack/base_system/f1tenth_system/teleop_tools/teleop_tools_msgs) by extensions ['ros']
[0.394s] Level 1:colcon.colcon_core.package_identification:_identify(src/race_stack/base_system/f1tenth_system/teleop_tools/teleop_tools_msgs) by extension 'ros'
[0.394s] DEBUG:colcon.colcon_core.package_identification:Package 'src/race_stack/base_system/f1tenth_system/teleop_tools/teleop_tools_msgs' with type 'ros.ament_cmake' and name 'teleop_tools_msgs'
[0.394s] Level 1:colcon.colcon_core.package_identification:_identify(src/race_stack/base_system/misc) by extensions ['ignore', 'ignore_ament_install']
[0.395s] Level 1:colcon.colcon_core.package_identification:_identify(src/race_stack/base_system/misc) by extension 'ignore'
[0.395s] Level 1:colcon.colcon_core.package_identification:_identify(src/race_stack/base_system/misc) by extension 'ignore_ament_install'
[0.395s] Level 1:colcon.colcon_core.package_identification:_identify(src/race_stack/base_system/misc) by extensions ['colcon_pkg']
[0.395s] Level 1:colcon.colcon_core.package_identification:_identify(src/race_stack/base_system/misc) by extension 'colcon_pkg'
[0.395s] Level 1:colcon.colcon_core.package_identification:_identify(src/race_stack/base_system/misc) by extensions ['colcon_meta']
[0.395s] Level 1:colcon.colcon_core.package_identification:_identify(src/race_stack/base_system/misc) by extension 'colcon_meta'
[0.395s] Level 1:colcon.colcon_core.package_identification:_identify(src/race_stack/base_system/misc) by extensions ['ros']
[0.395s] Level 1:colcon.colcon_core.package_identification:_identify(src/race_stack/base_system/misc) by extension 'ros'
[0.395s] Level 1:colcon.colcon_core.package_identification:_identify(src/race_stack/base_system/misc) by extensions ['cmake', 'python']
[0.395s] Level 1:colcon.colcon_core.package_identification:_identify(src/race_stack/base_system/misc) by extension 'cmake'
[0.395s] Level 1:colcon.colcon_core.package_identification:_identify(src/race_stack/base_system/misc) by extension 'python'
[0.395s] Level 1:colcon.colcon_core.package_identification:_identify(src/race_stack/base_system/misc) by extensions ['python_setup_py']
[0.395s] Level 1:colcon.colcon_core.package_identification:_identify(src/race_stack/base_system/misc) by extension 'python_setup_py'
[0.395s] Level 1:colcon.colcon_core.package_identification:_identify(src/race_stack/controller) by extensions ['ignore', 'ignore_ament_install']
[0.395s] Level 1:colcon.colcon_core.package_identification:_identify(src/race_stack/controller) by extension 'ignore'
[0.395s] Level 1:colcon.colcon_core.package_identification:_identify(src/race_stack/controller) by extension 'ignore_ament_install'
[0.395s] Level 1:colcon.colcon_core.package_identification:_identify(src/race_stack/controller) by extensions ['colcon_pkg']
[0.395s] Level 1:colcon.colcon_core.package_identification:_identify(src/race_stack/controller) by extension 'colcon_pkg'
[0.395s] Level 1:colcon.colcon_core.package_identification:_identify(src/race_stack/controller) by extensions ['colcon_meta']
[0.395s] Level 1:colcon.colcon_core.package_identification:_identify(src/race_stack/controller) by extension 'colcon_meta'
[0.395s] Level 1:colcon.colcon_core.package_identification:_identify(src/race_stack/controller) by extensions ['ros']
[0.395s] Level 1:colcon.colcon_core.package_identification:_identify(src/race_stack/controller) by extension 'ros'
[0.396s] DEBUG:colcon.colcon_core.package_identification:Package 'src/race_stack/controller' with type 'ros.ament_python' and name 'controller'
[0.396s] Level 1:colcon.colcon_core.package_identification:_identify(src/race_stack/perception) by extensions ['ignore', 'ignore_ament_install']
[0.396s] Level 1:colcon.colcon_core.package_identification:_identify(src/race_stack/perception) by extension 'ignore'
[0.396s] Level 1:colcon.colcon_core.package_identification:_identify(src/race_stack/perception) by extension 'ignore_ament_install'
[0.396s] Level 1:colcon.colcon_core.package_identification:_identify(src/race_stack/perception) by extensions ['colcon_pkg']
[0.396s] Level 1:colcon.colcon_core.package_identification:_identify(src/race_stack/perception) by extension 'colcon_pkg'
[0.396s] Level 1:colcon.colcon_core.package_identification:_identify(src/race_stack/perception) by extensions ['colcon_meta']
[0.396s] Level 1:colcon.colcon_core.package_identification:_identify(src/race_stack/perception) by extension 'colcon_meta'
[0.396s] Level 1:colcon.colcon_core.package_identification:_identify(src/race_stack/perception) by extensions ['ros']
[0.396s] Level 1:colcon.colcon_core.package_identification:_identify(src/race_stack/perception) by extension 'ros'
[0.397s] DEBUG:colcon.colcon_core.package_identification:Package 'src/race_stack/perception' with type 'ros.ament_python' and name 'perception'
[0.397s] Level 1:colcon.colcon_core.package_identification:_identify(src/race_stack/planner) by extensions ['ignore', 'ignore_ament_install']
[0.397s] Level 1:colcon.colcon_core.package_identification:_identify(src/race_stack/planner) by extension 'ignore'
[0.397s] Level 1:colcon.colcon_core.package_identification:_identify(src/race_stack/planner) by extension 'ignore_ament_install'
[0.397s] Level 1:colcon.colcon_core.package_identification:_identify(src/race_stack/planner) by extensions ['colcon_pkg']
[0.397s] Level 1:colcon.colcon_core.package_identification:_identify(src/race_stack/planner) by extension 'colcon_pkg'
[0.397s] Level 1:colcon.colcon_core.package_identification:_identify(src/race_stack/planner) by extensions ['colcon_meta']
[0.397s] Level 1:colcon.colcon_core.package_identification:_identify(src/race_stack/planner) by extension 'colcon_meta'
[0.397s] Level 1:colcon.colcon_core.package_identification:_identify(src/race_stack/planner) by extensions ['ros']
[0.397s] Level 1:colcon.colcon_core.package_identification:_identify(src/race_stack/planner) by extension 'ros'
[0.397s] Level 1:colcon.colcon_core.package_identification:_identify(src/race_stack/planner) by extensions ['cmake', 'python']
[0.397s] Level 1:colcon.colcon_core.package_identification:_identify(src/race_stack/planner) by extension 'cmake'
[0.397s] Level 1:colcon.colcon_core.package_identification:_identify(src/race_stack/planner) by extension 'python'
[0.397s] Level 1:colcon.colcon_core.package_identification:_identify(src/race_stack/planner) by extensions ['python_setup_py']
[0.397s] Level 1:colcon.colcon_core.package_identification:_identify(src/race_stack/planner) by extension 'python_setup_py'
[0.397s] Level 1:colcon.colcon_core.package_identification:_identify(src/race_stack/planner/global_planner) by extensions ['ignore', 'ignore_ament_install']
[0.397s] Level 1:colcon.colcon_core.package_identification:_identify(src/race_stack/planner/global_planner) by extension 'ignore'
[0.398s] Level 1:colcon.colcon_core.package_identification:_identify(src/race_stack/planner/global_planner) by extension 'ignore_ament_install'
[0.398s] Level 1:colcon.colcon_core.package_identification:_identify(src/race_stack/planner/global_planner) by extensions ['colcon_pkg']
[0.398s] Level 1:colcon.colcon_core.package_identification:_identify(src/race_stack/planner/global_planner) by extension 'colcon_pkg'
[0.398s] Level 1:colcon.colcon_core.package_identification:_identify(src/race_stack/planner/global_planner) by extensions ['colcon_meta']
[0.398s] Level 1:colcon.colcon_core.package_identification:_identify(src/race_stack/planner/global_planner) by extension 'colcon_meta'
[0.398s] Level 1:colcon.colcon_core.package_identification:_identify(src/race_stack/planner/global_planner) by extensions ['ros']
[0.398s] Level 1:colcon.colcon_core.package_identification:_identify(src/race_stack/planner/global_planner) by extension 'ros'
[0.398s] DEBUG:colcon.colcon_core.package_identification:Package 'src/race_stack/planner/global_planner' with type 'ros.ament_python' and name 'global_planner'
[0.398s] Level 1:colcon.colcon_core.package_identification:_identify(src/race_stack/planner/local_planners) by extensions ['ignore', 'ignore_ament_install']
[0.398s] Level 1:colcon.colcon_core.package_identification:_identify(src/race_stack/planner/local_planners) by extension 'ignore'
[0.398s] Level 1:colcon.colcon_core.package_identification:_identify(src/race_stack/planner/local_planners) by extension 'ignore_ament_install'
[0.398s] Level 1:colcon.colcon_core.package_identification:_identify(src/race_stack/planner/local_planners) by extensions ['colcon_pkg']
[0.398s] Level 1:colcon.colcon_core.package_identification:_identify(src/race_stack/planner/local_planners) by extension 'colcon_pkg'
[0.398s] Level 1:colcon.colcon_core.package_identification:_identify(src/race_stack/planner/local_planners) by extensions ['colcon_meta']
[0.398s] Level 1:colcon.colcon_core.package_identification:_identify(src/race_stack/planner/local_planners) by extension 'colcon_meta'
[0.399s] Level 1:colcon.colcon_core.package_identification:_identify(src/race_stack/planner/local_planners) by extensions ['ros']
[0.399s] Level 1:colcon.colcon_core.package_identification:_identify(src/race_stack/planner/local_planners) by extension 'ros'
[0.399s] Level 1:colcon.colcon_core.package_identification:_identify(src/race_stack/planner/local_planners) by extensions ['cmake', 'python']
[0.399s] Level 1:colcon.colcon_core.package_identification:_identify(src/race_stack/planner/local_planners) by extension 'cmake'
[0.399s] Level 1:colcon.colcon_core.package_identification:_identify(src/race_stack/planner/local_planners) by extension 'python'
[0.399s] Level 1:colcon.colcon_core.package_identification:_identify(src/race_stack/planner/local_planners) by extensions ['python_setup_py']
[0.399s] Level 1:colcon.colcon_core.package_identification:_identify(src/race_stack/planner/local_planners) by extension 'python_setup_py'
[0.399s] Level 1:colcon.colcon_core.package_identification:_identify(src/race_stack/planner/local_planners/spline_planner) by extensions ['ignore', 'ignore_ament_install']
[0.399s] Level 1:colcon.colcon_core.package_identification:_identify(src/race_stack/planner/local_planners/spline_planner) by extension 'ignore'
[0.399s] Level 1:colcon.colcon_core.package_identification:_identify(src/race_stack/planner/local_planners/spline_planner) by extension 'ignore_ament_install'
[0.399s] Level 1:colcon.colcon_core.package_identification:_identify(src/race_stack/planner/local_planners/spline_planner) by extensions ['colcon_pkg']
[0.399s] Level 1:colcon.colcon_core.package_identification:_identify(src/race_stack/planner/local_planners/spline_planner) by extension 'colcon_pkg'
[0.399s] Level 1:colcon.colcon_core.package_identification:_identify(src/race_stack/planner/local_planners/spline_planner) by extensions ['colcon_meta']
[0.399s] Level 1:colcon.colcon_core.package_identification:_identify(src/race_stack/planner/local_planners/spline_planner) by extension 'colcon_meta'
[0.399s] Level 1:colcon.colcon_core.package_identification:_identify(src/race_stack/planner/local_planners/spline_planner) by extensions ['ros']
[0.399s] Level 1:colcon.colcon_core.package_identification:_identify(src/race_stack/planner/local_planners/spline_planner) by extension 'ros'
[0.400s] DEBUG:colcon.colcon_core.package_identification:Package 'src/race_stack/planner/local_planners/spline_planner' with type 'ros.ament_python' and name 'spline_planner'
[0.400s] Level 1:colcon.colcon_core.package_identification:_identify(src/race_stack/planner/misc) by extensions ['ignore', 'ignore_ament_install']
[0.400s] Level 1:colcon.colcon_core.package_identification:_identify(src/race_stack/planner/misc) by extension 'ignore'
[0.400s] Level 1:colcon.colcon_core.package_identification:_identify(src/race_stack/planner/misc) by extension 'ignore_ament_install'
[0.400s] Level 1:colcon.colcon_core.package_identification:_identify(src/race_stack/planner/misc) by extensions ['colcon_pkg']
[0.400s] Level 1:colcon.colcon_core.package_identification:_identify(src/race_stack/planner/misc) by extension 'colcon_pkg'
[0.400s] Level 1:colcon.colcon_core.package_identification:_identify(src/race_stack/planner/misc) by extensions ['colcon_meta']
[0.400s] Level 1:colcon.colcon_core.package_identification:_identify(src/race_stack/planner/misc) by extension 'colcon_meta'
[0.400s] Level 1:colcon.colcon_core.package_identification:_identify(src/race_stack/planner/misc) by extensions ['ros']
[0.400s] Level 1:colcon.colcon_core.package_identification:_identify(src/race_stack/planner/misc) by extension 'ros'
[0.400s] Level 1:colcon.colcon_core.package_identification:_identify(src/race_stack/planner/misc) by extensions ['cmake', 'python']
[0.400s] Level 1:colcon.colcon_core.package_identification:_identify(src/race_stack/planner/misc) by extension 'cmake'
[0.400s] Level 1:colcon.colcon_core.package_identification:_identify(src/race_stack/planner/misc) by extension 'python'
[0.400s] Level 1:colcon.colcon_core.package_identification:_identify(src/race_stack/planner/misc) by extensions ['python_setup_py']
[0.400s] Level 1:colcon.colcon_core.package_identification:_identify(src/race_stack/planner/misc) by extension 'python_setup_py'
[0.400s] Level 1:colcon.colcon_core.package_identification:_identify(src/race_stack/sensors) by extensions ['ignore', 'ignore_ament_install']
[0.400s] Level 1:colcon.colcon_core.package_identification:_identify(src/race_stack/sensors) by extension 'ignore'
[0.401s] Level 1:colcon.colcon_core.package_identification:_identify(src/race_stack/sensors) by extension 'ignore_ament_install'
[0.401s] Level 1:colcon.colcon_core.package_identification:_identify(src/race_stack/sensors) by extensions ['colcon_pkg']
[0.401s] Level 1:colcon.colcon_core.package_identification:_identify(src/race_stack/sensors) by extension 'colcon_pkg'
[0.401s] Level 1:colcon.colcon_core.package_identification:_identify(src/race_stack/sensors) by extensions ['colcon_meta']
[0.401s] Level 1:colcon.colcon_core.package_identification:_identify(src/race_stack/sensors) by extension 'colcon_meta'
[0.401s] Level 1:colcon.colcon_core.package_identification:_identify(src/race_stack/sensors) by extensions ['ros']
[0.401s] Level 1:colcon.colcon_core.package_identification:_identify(src/race_stack/sensors) by extension 'ros'
[0.401s] Level 1:colcon.colcon_core.package_identification:_identify(src/race_stack/sensors) by extensions ['cmake', 'python']
[0.401s] Level 1:colcon.colcon_core.package_identification:_identify(src/race_stack/sensors) by extension 'cmake'
[0.401s] Level 1:colcon.colcon_core.package_identification:_identify(src/race_stack/sensors) by extension 'python'
[0.401s] Level 1:colcon.colcon_core.package_identification:_identify(src/race_stack/sensors) by extensions ['python_setup_py']
[0.401s] Level 1:colcon.colcon_core.package_identification:_identify(src/race_stack/sensors) by extension 'python_setup_py'
[0.401s] Level 1:colcon.colcon_core.package_identification:_identify(src/race_stack/sensors/vesc) by extensions ['ignore', 'ignore_ament_install']
[0.401s] Level 1:colcon.colcon_core.package_identification:_identify(src/race_stack/sensors/vesc) by extension 'ignore'
[0.401s] Level 1:colcon.colcon_core.package_identification:_identify(src/race_stack/sensors/vesc) by extension 'ignore_ament_install'
[0.401s] Level 1:colcon.colcon_core.package_identification:_identify(src/race_stack/sensors/vesc) by extensions ['colcon_pkg']
[0.401s] Level 1:colcon.colcon_core.package_identification:_identify(src/race_stack/sensors/vesc) by extension 'colcon_pkg'
[0.401s] Level 1:colcon.colcon_core.package_identification:_identify(src/race_stack/sensors/vesc) by extensions ['colcon_meta']
[0.401s] Level 1:colcon.colcon_core.package_identification:_identify(src/race_stack/sensors/vesc) by extension 'colcon_meta'
[0.401s] Level 1:colcon.colcon_core.package_identification:_identify(src/race_stack/sensors/vesc) by extensions ['ros']
[0.401s] Level 1:colcon.colcon_core.package_identification:_identify(src/race_stack/sensors/vesc) by extension 'ros'
[0.401s] Level 1:colcon.colcon_core.package_identification:_identify(src/race_stack/sensors/vesc) by extensions ['cmake', 'python']
[0.401s] Level 1:colcon.colcon_core.package_identification:_identify(src/race_stack/sensors/vesc) by extension 'cmake'
[0.401s] Level 1:colcon.colcon_core.package_identification:_identify(src/race_stack/sensors/vesc) by extension 'python'
[0.401s] Level 1:colcon.colcon_core.package_identification:_identify(src/race_stack/sensors/vesc) by extensions ['python_setup_py']
[0.401s] Level 1:colcon.colcon_core.package_identification:_identify(src/race_stack/sensors/vesc) by extension 'python_setup_py'
[0.401s] Level 1:colcon.colcon_core.package_identification:_identify(src/race_stack/sensors/vesc/vesc) by extensions ['ignore', 'ignore_ament_install']
[0.402s] Level 1:colcon.colcon_core.package_identification:_identify(src/race_stack/sensors/vesc/vesc) by extension 'ignore'
[0.402s] Level 1:colcon.colcon_core.package_identification:_identify(src/race_stack/sensors/vesc/vesc) by extension 'ignore_ament_install'
[0.402s] Level 1:colcon.colcon_core.package_identification:_identify(src/race_stack/sensors/vesc/vesc) by extensions ['colcon_pkg']
[0.402s] Level 1:colcon.colcon_core.package_identification:_identify(src/race_stack/sensors/vesc/vesc) by extension 'colcon_pkg'
[0.402s] Level 1:colcon.colcon_core.package_identification:_identify(src/race_stack/sensors/vesc/vesc) by extensions ['colcon_meta']
[0.402s] Level 1:colcon.colcon_core.package_identification:_identify(src/race_stack/sensors/vesc/vesc) by extension 'colcon_meta'
[0.402s] Level 1:colcon.colcon_core.package_identification:_identify(src/race_stack/sensors/vesc/vesc) by extensions ['ros']
[0.402s] Level 1:colcon.colcon_core.package_identification:_identify(src/race_stack/sensors/vesc/vesc) by extension 'ros'
[0.402s] DEBUG:colcon.colcon_core.package_identification:Package 'src/race_stack/sensors/vesc/vesc' with type 'ros.ament_cmake' and name 'vesc'
[0.403s] Level 1:colcon.colcon_core.package_identification:_identify(src/race_stack/sensors/vesc/vesc_ackermann) by extensions ['ignore', 'ignore_ament_install']
[0.403s] Level 1:colcon.colcon_core.package_identification:_identify(src/race_stack/sensors/vesc/vesc_ackermann) by extension 'ignore'
[0.403s] Level 1:colcon.colcon_core.package_identification:_identify(src/race_stack/sensors/vesc/vesc_ackermann) by extension 'ignore_ament_install'
[0.403s] Level 1:colcon.colcon_core.package_identification:_identify(src/race_stack/sensors/vesc/vesc_ackermann) by extensions ['colcon_pkg']
[0.403s] Level 1:colcon.colcon_core.package_identification:_identify(src/race_stack/sensors/vesc/vesc_ackermann) by extension 'colcon_pkg'
[0.403s] Level 1:colcon.colcon_core.package_identification:_identify(src/race_stack/sensors/vesc/vesc_ackermann) by extensions ['colcon_meta']
[0.403s] Level 1:colcon.colcon_core.package_identification:_identify(src/race_stack/sensors/vesc/vesc_ackermann) by extension 'colcon_meta'
[0.403s] Level 1:colcon.colcon_core.package_identification:_identify(src/race_stack/sensors/vesc/vesc_ackermann) by extensions ['ros']
[0.403s] Level 1:colcon.colcon_core.package_identification:_identify(src/race_stack/sensors/vesc/vesc_ackermann) by extension 'ros'
[0.404s] DEBUG:colcon.colcon_core.package_identification:Package 'src/race_stack/sensors/vesc/vesc_ackermann' with type 'ros.ament_cmake' and name 'vesc_ackermann'
[0.404s] Level 1:colcon.colcon_core.package_identification:_identify(src/race_stack/sensors/vesc/vesc_driver) by extensions ['ignore', 'ignore_ament_install']
[0.404s] Level 1:colcon.colcon_core.package_identification:_identify(src/race_stack/sensors/vesc/vesc_driver) by extension 'ignore'
[0.404s] Level 1:colcon.colcon_core.package_identification:_identify(src/race_stack/sensors/vesc/vesc_driver) by extension 'ignore_ament_install'
[0.404s] Level 1:colcon.colcon_core.package_identification:_identify(src/race_stack/sensors/vesc/vesc_driver) by extensions ['colcon_pkg']
[0.404s] Level 1:colcon.colcon_core.package_identification:_identify(src/race_stack/sensors/vesc/vesc_driver) by extension 'colcon_pkg'
[0.404s] Level 1:colcon.colcon_core.package_identification:_identify(src/race_stack/sensors/vesc/vesc_driver) by extensions ['colcon_meta']
[0.404s] Level 1:colcon.colcon_core.package_identification:_identify(src/race_stack/sensors/vesc/vesc_driver) by extension 'colcon_meta'
[0.404s] Level 1:colcon.colcon_core.package_identification:_identify(src/race_stack/sensors/vesc/vesc_driver) by extensions ['ros']
[0.404s] Level 1:colcon.colcon_core.package_identification:_identify(src/race_stack/sensors/vesc/vesc_driver) by extension 'ros'
[0.405s] DEBUG:colcon.colcon_core.package_identification:Package 'src/race_stack/sensors/vesc/vesc_driver' with type 'ros.ament_cmake' and name 'vesc_driver'
[0.405s] Level 1:colcon.colcon_core.package_identification:_identify(src/race_stack/sensors/vesc/vesc_msgs) by extensions ['ignore', 'ignore_ament_install']
[0.405s] Level 1:colcon.colcon_core.package_identification:_identify(src/race_stack/sensors/vesc/vesc_msgs) by extension 'ignore'
[0.406s] Level 1:colcon.colcon_core.package_identification:_identify(src/race_stack/sensors/vesc/vesc_msgs) by extension 'ignore_ament_install'
[0.406s] Level 1:colcon.colcon_core.package_identification:_identify(src/race_stack/sensors/vesc/vesc_msgs) by extensions ['colcon_pkg']
[0.406s] Level 1:colcon.colcon_core.package_identification:_identify(src/race_stack/sensors/vesc/vesc_msgs) by extension 'colcon_pkg'
[0.406s] Level 1:colcon.colcon_core.package_identification:_identify(src/race_stack/sensors/vesc/vesc_msgs) by extensions ['colcon_meta']
[0.406s] Level 1:colcon.colcon_core.package_identification:_identify(src/race_stack/sensors/vesc/vesc_msgs) by extension 'colcon_meta'
[0.406s] Level 1:colcon.colcon_core.package_identification:_identify(src/race_stack/sensors/vesc/vesc_msgs) by extensions ['ros']
[0.406s] Level 1:colcon.colcon_core.package_identification:_identify(src/race_stack/sensors/vesc/vesc_msgs) by extension 'ros'
[0.407s] DEBUG:colcon.colcon_core.package_identification:Package 'src/race_stack/sensors/vesc/vesc_msgs' with type 'ros.ament_cmake' and name 'vesc_msgs'
[0.407s] Level 1:colcon.colcon_core.package_identification:_identify(src/race_stack/stack_master) by extensions ['ignore', 'ignore_ament_install']
[0.407s] Level 1:colcon.colcon_core.package_identification:_identify(src/race_stack/stack_master) by extension 'ignore'
[0.407s] Level 1:colcon.colcon_core.package_identification:_identify(src/race_stack/stack_master) by extension 'ignore_ament_install'
[0.407s] Level 1:colcon.colcon_core.package_identification:_identify(src/race_stack/stack_master) by extensions ['colcon_pkg']
[0.407s] Level 1:colcon.colcon_core.package_identification:_identify(src/race_stack/stack_master) by extension 'colcon_pkg'
[0.407s] Level 1:colcon.colcon_core.package_identification:_identify(src/race_stack/stack_master) by extensions ['colcon_meta']
[0.407s] Level 1:colcon.colcon_core.package_identification:_identify(src/race_stack/stack_master) by extension 'colcon_meta'
[0.407s] Level 1:colcon.colcon_core.package_identification:_identify(src/race_stack/stack_master) by extensions ['ros']
[0.407s] Level 1:colcon.colcon_core.package_identification:_identify(src/race_stack/stack_master) by extension 'ros'
[0.408s] DEBUG:colcon.colcon_core.package_identification:Package 'src/race_stack/stack_master' with type 'ros.ament_python' and name 'stack_master'
[0.408s] Level 1:colcon.colcon_core.package_identification:_identify(src/race_stack/state_estimation) by extensions ['ignore', 'ignore_ament_install']
[0.408s] Level 1:colcon.colcon_core.package_identification:_identify(src/race_stack/state_estimation) by extension 'ignore'
[0.408s] Level 1:colcon.colcon_core.package_identification:_identify(src/race_stack/state_estimation) by extension 'ignore_ament_install'
[0.408s] Level 1:colcon.colcon_core.package_identification:_identify(src/race_stack/state_estimation) by extensions ['colcon_pkg']
[0.408s] Level 1:colcon.colcon_core.package_identification:_identify(src/race_stack/state_estimation) by extension 'colcon_pkg'
[0.408s] Level 1:colcon.colcon_core.package_identification:_identify(src/race_stack/state_estimation) by extensions ['colcon_meta']
[0.408s] Level 1:colcon.colcon_core.package_identification:_identify(src/race_stack/state_estimation) by extension 'colcon_meta'
[0.408s] Level 1:colcon.colcon_core.package_identification:_identify(src/race_stack/state_estimation) by extensions ['ros']
[0.408s] Level 1:colcon.colcon_core.package_identification:_identify(src/race_stack/state_estimation) by extension 'ros'
[0.409s] DEBUG:colcon.colcon_core.package_identification:Package 'src/race_stack/state_estimation' with type 'ros.ament_python' and name 'state_estimation'
[0.409s] Level 1:colcon.colcon_core.package_identification:_identify(src/race_stack/state_machine) by extensions ['ignore', 'ignore_ament_install']
[0.409s] Level 1:colcon.colcon_core.package_identification:_identify(src/race_stack/state_machine) by extension 'ignore'
[0.409s] Level 1:colcon.colcon_core.package_identification:_identify(src/race_stack/state_machine) by extension 'ignore_ament_install'
[0.409s] Level 1:colcon.colcon_core.package_identification:_identify(src/race_stack/state_machine) by extensions ['colcon_pkg']
[0.409s] Level 1:colcon.colcon_core.package_identification:_identify(src/race_stack/state_machine) by extension 'colcon_pkg'
[0.409s] Level 1:colcon.colcon_core.package_identification:_identify(src/race_stack/state_machine) by extensions ['colcon_meta']
[0.409s] Level 1:colcon.colcon_core.package_identification:_identify(src/race_stack/state_machine) by extension 'colcon_meta'
[0.409s] Level 1:colcon.colcon_core.package_identification:_identify(src/race_stack/state_machine) by extensions ['ros']
[0.409s] Level 1:colcon.colcon_core.package_identification:_identify(src/race_stack/state_machine) by extension 'ros'
[0.409s] DEBUG:colcon.colcon_core.package_identification:Package 'src/race_stack/state_machine' with type 'ros.ament_python' and name 'state_machine'
[0.410s] Level 1:colcon.colcon_core.package_identification:_identify(src/race_stack/system_identification) by extensions ['ignore', 'ignore_ament_install']
[0.410s] Level 1:colcon.colcon_core.package_identification:_identify(src/race_stack/system_identification) by extension 'ignore'
[0.410s] Level 1:colcon.colcon_core.package_identification:_identify(src/race_stack/system_identification) by extension 'ignore_ament_install'
[0.410s] Level 1:colcon.colcon_core.package_identification:_identify(src/race_stack/system_identification) by extensions ['colcon_pkg']
[0.410s] Level 1:colcon.colcon_core.package_identification:_identify(src/race_stack/system_identification) by extension 'colcon_pkg'
[0.410s] Level 1:colcon.colcon_core.package_identification:_identify(src/race_stack/system_identification) by extensions ['colcon_meta']
[0.410s] Level 1:colcon.colcon_core.package_identification:_identify(src/race_stack/system_identification) by extension 'colcon_meta'
[0.410s] Level 1:colcon.colcon_core.package_identification:_identify(src/race_stack/system_identification) by extensions ['ros']
[0.410s] Level 1:colcon.colcon_core.package_identification:_identify(src/race_stack/system_identification) by extension 'ros'
[0.410s] Level 1:colcon.colcon_core.package_identification:_identify(src/race_stack/system_identification) by extensions ['cmake', 'python']
[0.410s] Level 1:colcon.colcon_core.package_identification:_identify(src/race_stack/system_identification) by extension 'cmake'
[0.410s] Level 1:colcon.colcon_core.package_identification:_identify(src/race_stack/system_identification) by extension 'python'
[0.410s] Level 1:colcon.colcon_core.package_identification:_identify(src/race_stack/system_identification) by extensions ['python_setup_py']
[0.410s] Level 1:colcon.colcon_core.package_identification:_identify(src/race_stack/system_identification) by extension 'python_setup_py'
[0.410s] Level 1:colcon.colcon_core.package_identification:_identify(src/race_stack/system_identification/nodes) by extensions ['ignore', 'ignore_ament_install']
[0.410s] Level 1:colcon.colcon_core.package_identification:_identify(src/race_stack/system_identification/nodes) by extension 'ignore'
[0.410s] Level 1:colcon.colcon_core.package_identification:_identify(src/race_stack/system_identification/nodes) by extension 'ignore_ament_install'
[0.410s] Level 1:colcon.colcon_core.package_identification:_identify(src/race_stack/system_identification/nodes) by extensions ['colcon_pkg']
[0.410s] Level 1:colcon.colcon_core.package_identification:_identify(src/race_stack/system_identification/nodes) by extension 'colcon_pkg'
[0.410s] Level 1:colcon.colcon_core.package_identification:_identify(src/race_stack/system_identification/nodes) by extensions ['colcon_meta']
[0.410s] Level 1:colcon.colcon_core.package_identification:_identify(src/race_stack/system_identification/nodes) by extension 'colcon_meta'
[0.410s] Level 1:colcon.colcon_core.package_identification:_identify(src/race_stack/system_identification/nodes) by extensions ['ros']
[0.410s] Level 1:colcon.colcon_core.package_identification:_identify(src/race_stack/system_identification/nodes) by extension 'ros'
[0.411s] Level 1:colcon.colcon_core.package_identification:_identify(src/race_stack/system_identification/nodes) by extensions ['cmake', 'python']
[0.411s] Level 1:colcon.colcon_core.package_identification:_identify(src/race_stack/system_identification/nodes) by extension 'cmake'
[0.411s] Level 1:colcon.colcon_core.package_identification:_identify(src/race_stack/system_identification/nodes) by extension 'python'
[0.411s] Level 1:colcon.colcon_core.package_identification:_identify(src/race_stack/system_identification/nodes) by extensions ['python_setup_py']
[0.411s] Level 1:colcon.colcon_core.package_identification:_identify(src/race_stack/system_identification/nodes) by extension 'python_setup_py'
[0.411s] Level 1:colcon.colcon_core.package_identification:_identify(src/race_stack/system_identification/nodes/id_controller) by extensions ['ignore', 'ignore_ament_install']
[0.411s] Level 1:colcon.colcon_core.package_identification:_identify(src/race_stack/system_identification/nodes/id_controller) by extension 'ignore'
[0.411s] Level 1:colcon.colcon_core.package_identification:_identify(src/race_stack/system_identification/nodes/id_controller) by extension 'ignore_ament_install'
[0.411s] Level 1:colcon.colcon_core.package_identification:_identify(src/race_stack/system_identification/nodes/id_controller) by extensions ['colcon_pkg']
[0.411s] Level 1:colcon.colcon_core.package_identification:_identify(src/race_stack/system_identification/nodes/id_controller) by extension 'colcon_pkg'
[0.411s] Level 1:colcon.colcon_core.package_identification:_identify(src/race_stack/system_identification/nodes/id_controller) by extensions ['colcon_meta']
[0.411s] Level 1:colcon.colcon_core.package_identification:_identify(src/race_stack/system_identification/nodes/id_controller) by extension 'colcon_meta'
[0.411s] Level 1:colcon.colcon_core.package_identification:_identify(src/race_stack/system_identification/nodes/id_controller) by extensions ['ros']
[0.411s] Level 1:colcon.colcon_core.package_identification:_identify(src/race_stack/system_identification/nodes/id_controller) by extension 'ros'
[0.411s] DEBUG:colcon.colcon_core.package_identification:Package 'src/race_stack/system_identification/nodes/id_controller' with type 'ros.ament_python' and name 'id_controller'
[0.412s] Level 1:colcon.colcon_core.package_identification:_identify(src/race_stack/system_identification/scripts) by extensions ['ignore', 'ignore_ament_install']
[0.412s] Level 1:colcon.colcon_core.package_identification:_identify(src/race_stack/system_identification/scripts) by extension 'ignore'
[0.412s] Level 1:colcon.colcon_core.package_identification:_identify(src/race_stack/system_identification/scripts) by extension 'ignore_ament_install'
[0.412s] Level 1:colcon.colcon_core.package_identification:_identify(src/race_stack/system_identification/scripts) by extensions ['colcon_pkg']
[0.412s] Level 1:colcon.colcon_core.package_identification:_identify(src/race_stack/system_identification/scripts) by extension 'colcon_pkg'
[0.412s] Level 1:colcon.colcon_core.package_identification:_identify(src/race_stack/system_identification/scripts) by extensions ['colcon_meta']
[0.412s] Level 1:colcon.colcon_core.package_identification:_identify(src/race_stack/system_identification/scripts) by extension 'colcon_meta'
[0.412s] Level 1:colcon.colcon_core.package_identification:_identify(src/race_stack/system_identification/scripts) by extensions ['ros']
[0.412s] Level 1:colcon.colcon_core.package_identification:_identify(src/race_stack/system_identification/scripts) by extension 'ros'
[0.412s] Level 1:colcon.colcon_core.package_identification:_identify(src/race_stack/system_identification/scripts) by extensions ['cmake', 'python']
[0.412s] Level 1:colcon.colcon_core.package_identification:_identify(src/race_stack/system_identification/scripts) by extension 'cmake'
[0.412s] Level 1:colcon.colcon_core.package_identification:_identify(src/race_stack/system_identification/scripts) by extension 'python'
[0.412s] Level 1:colcon.colcon_core.package_identification:_identify(src/race_stack/system_identification/scripts) by extensions ['python_setup_py']
[0.412s] Level 1:colcon.colcon_core.package_identification:_identify(src/race_stack/system_identification/scripts) by extension 'python_setup_py'
[0.412s] Level 1:colcon.colcon_core.package_identification:_identify(src/race_stack/system_identification/steering_lookup) by extensions ['ignore', 'ignore_ament_install']
[0.412s] Level 1:colcon.colcon_core.package_identification:_identify(src/race_stack/system_identification/steering_lookup) by extension 'ignore'
[0.412s] Level 1:colcon.colcon_core.package_identification:_identify(src/race_stack/system_identification/steering_lookup) by extension 'ignore_ament_install'
[0.412s] Level 1:colcon.colcon_core.package_identification:_identify(src/race_stack/system_identification/steering_lookup) by extensions ['colcon_pkg']
[0.412s] Level 1:colcon.colcon_core.package_identification:_identify(src/race_stack/system_identification/steering_lookup) by extension 'colcon_pkg'
[0.412s] Level 1:colcon.colcon_core.package_identification:_identify(src/race_stack/system_identification/steering_lookup) by extensions ['colcon_meta']
[0.412s] Level 1:colcon.colcon_core.package_identification:_identify(src/race_stack/system_identification/steering_lookup) by extension 'colcon_meta'
[0.412s] Level 1:colcon.colcon_core.package_identification:_identify(src/race_stack/system_identification/steering_lookup) by extensions ['ros']
[0.413s] Level 1:colcon.colcon_core.package_identification:_identify(src/race_stack/system_identification/steering_lookup) by extension 'ros'
[0.413s] DEBUG:colcon.colcon_core.package_identification:Package 'src/race_stack/system_identification/steering_lookup' with type 'ros.ament_python' and name 'steering_lookup'
[0.413s] Level 1:colcon.colcon_core.package_identification:_identify(src/race_stack/utilities) by extensions ['ignore', 'ignore_ament_install']
[0.413s] Level 1:colcon.colcon_core.package_identification:_identify(src/race_stack/utilities) by extension 'ignore'
[0.413s] Level 1:colcon.colcon_core.package_identification:_identify(src/race_stack/utilities) by extension 'ignore_ament_install'
[0.413s] Level 1:colcon.colcon_core.package_identification:_identify(src/race_stack/utilities) by extensions ['colcon_pkg']
[0.413s] Level 1:colcon.colcon_core.package_identification:_identify(src/race_stack/utilities) by extension 'colcon_pkg'
[0.413s] Level 1:colcon.colcon_core.package_identification:_identify(src/race_stack/utilities) by extensions ['colcon_meta']
[0.413s] Level 1:colcon.colcon_core.package_identification:_identify(src/race_stack/utilities) by extension 'colcon_meta'
[0.413s] Level 1:colcon.colcon_core.package_identification:_identify(src/race_stack/utilities) by extensions ['ros']
[0.413s] Level 1:colcon.colcon_core.package_identification:_identify(src/race_stack/utilities) by extension 'ros'
[0.414s] Level 1:colcon.colcon_core.package_identification:_identify(src/race_stack/utilities) by extensions ['cmake', 'python']
[0.414s] Level 1:colcon.colcon_core.package_identification:_identify(src/race_stack/utilities) by extension 'cmake'
[0.414s] Level 1:colcon.colcon_core.package_identification:_identify(src/race_stack/utilities) by extension 'python'
[0.414s] Level 1:colcon.colcon_core.package_identification:_identify(src/race_stack/utilities) by extensions ['python_setup_py']
[0.414s] Level 1:colcon.colcon_core.package_identification:_identify(src/race_stack/utilities) by extension 'python_setup_py'
[0.414s] Level 1:colcon.colcon_core.package_identification:_identify(src/race_stack/utilities/libraries) by extensions ['ignore', 'ignore_ament_install']
[0.414s] Level 1:colcon.colcon_core.package_identification:_identify(src/race_stack/utilities/libraries) by extension 'ignore'
[0.414s] Level 1:colcon.colcon_core.package_identification:_identify(src/race_stack/utilities/libraries) by extension 'ignore_ament_install'
[0.414s] Level 1:colcon.colcon_core.package_identification:_identify(src/race_stack/utilities/libraries) by extensions ['colcon_pkg']
[0.414s] Level 1:colcon.colcon_core.package_identification:_identify(src/race_stack/utilities/libraries) by extension 'colcon_pkg'
[0.414s] Level 1:colcon.colcon_core.package_identification:_identify(src/race_stack/utilities/libraries) by extensions ['colcon_meta']
[0.414s] Level 1:colcon.colcon_core.package_identification:_identify(src/race_stack/utilities/libraries) by extension 'colcon_meta'
[0.414s] Level 1:colcon.colcon_core.package_identification:_identify(src/race_stack/utilities/libraries) by extensions ['ros']
[0.414s] Level 1:colcon.colcon_core.package_identification:_identify(src/race_stack/utilities/libraries) by extension 'ros'
[0.414s] Level 1:colcon.colcon_core.package_identification:_identify(src/race_stack/utilities/libraries) by extensions ['cmake', 'python']
[0.414s] Level 1:colcon.colcon_core.package_identification:_identify(src/race_stack/utilities/libraries) by extension 'cmake'
[0.414s] Level 1:colcon.colcon_core.package_identification:_identify(src/race_stack/utilities/libraries) by extension 'python'
[0.414s] Level 1:colcon.colcon_core.package_identification:_identify(src/race_stack/utilities/libraries) by extensions ['python_setup_py']
[0.414s] Level 1:colcon.colcon_core.package_identification:_identify(src/race_stack/utilities/libraries) by extension 'python_setup_py'
[0.414s] Level 1:colcon.colcon_core.package_identification:_identify(src/race_stack/utilities/libraries/f110_msgs) by extensions ['ignore', 'ignore_ament_install']
[0.414s] Level 1:colcon.colcon_core.package_identification:_identify(src/race_stack/utilities/libraries/f110_msgs) by extension 'ignore'
[0.414s] Level 1:colcon.colcon_core.package_identification:_identify(src/race_stack/utilities/libraries/f110_msgs) by extension 'ignore_ament_install'
[0.414s] Level 1:colcon.colcon_core.package_identification:_identify(src/race_stack/utilities/libraries/f110_msgs) by extensions ['colcon_pkg']
[0.414s] Level 1:colcon.colcon_core.package_identification:_identify(src/race_stack/utilities/libraries/f110_msgs) by extension 'colcon_pkg'
[0.415s] Level 1:colcon.colcon_core.package_identification:_identify(src/race_stack/utilities/libraries/f110_msgs) by extensions ['colcon_meta']
[0.415s] Level 1:colcon.colcon_core.package_identification:_identify(src/race_stack/utilities/libraries/f110_msgs) by extension 'colcon_meta'
[0.415s] Level 1:colcon.colcon_core.package_identification:_identify(src/race_stack/utilities/libraries/f110_msgs) by extensions ['ros']
[0.415s] Level 1:colcon.colcon_core.package_identification:_identify(src/race_stack/utilities/libraries/f110_msgs) by extension 'ros'
[0.415s] DEBUG:colcon.colcon_core.package_identification:Package 'src/race_stack/utilities/libraries/f110_msgs' with type 'ros.ament_cmake' and name 'f110_msgs'
[0.416s] Level 1:colcon.colcon_core.package_identification:_identify(src/race_stack/utilities/libraries/frenet_conversion) by extensions ['ignore', 'ignore_ament_install']
[0.416s] Level 1:colcon.colcon_core.package_identification:_identify(src/race_stack/utilities/libraries/frenet_conversion) by extension 'ignore'
[0.416s] Level 1:colcon.colcon_core.package_identification:_identify(src/race_stack/utilities/libraries/frenet_conversion) by extension 'ignore_ament_install'
[0.416s] Level 1:colcon.colcon_core.package_identification:_identify(src/race_stack/utilities/libraries/frenet_conversion) by extensions ['colcon_pkg']
[0.416s] Level 1:colcon.colcon_core.package_identification:_identify(src/race_stack/utilities/libraries/frenet_conversion) by extension 'colcon_pkg'
[0.416s] Level 1:colcon.colcon_core.package_identification:_identify(src/race_stack/utilities/libraries/frenet_conversion) by extensions ['colcon_meta']
[0.416s] Level 1:colcon.colcon_core.package_identification:_identify(src/race_stack/utilities/libraries/frenet_conversion) by extension 'colcon_meta'
[0.416s] Level 1:colcon.colcon_core.package_identification:_identify(src/race_stack/utilities/libraries/frenet_conversion) by extensions ['ros']
[0.416s] Level 1:colcon.colcon_core.package_identification:_identify(src/race_stack/utilities/libraries/frenet_conversion) by extension 'ros'
[0.416s] DEBUG:colcon.colcon_core.package_identification:Package 'src/race_stack/utilities/libraries/frenet_conversion' with type 'ros.ament_python' and name 'frenet_conversion'
[0.416s] Level 1:colcon.colcon_core.package_identification:_identify(src/race_stack/utilities/nodes) by extensions ['ignore', 'ignore_ament_install']
[0.417s] Level 1:colcon.colcon_core.package_identification:_identify(src/race_stack/utilities/nodes) by extension 'ignore'
[0.417s] Level 1:colcon.colcon_core.package_identification:_identify(src/race_stack/utilities/nodes) by extension 'ignore_ament_install'
[0.417s] Level 1:colcon.colcon_core.package_identification:_identify(src/race_stack/utilities/nodes) by extensions ['colcon_pkg']
[0.417s] Level 1:colcon.colcon_core.package_identification:_identify(src/race_stack/utilities/nodes) by extension 'colcon_pkg'
[0.417s] Level 1:colcon.colcon_core.package_identification:_identify(src/race_stack/utilities/nodes) by extensions ['colcon_meta']
[0.417s] Level 1:colcon.colcon_core.package_identification:_identify(src/race_stack/utilities/nodes) by extension 'colcon_meta'
[0.417s] Level 1:colcon.colcon_core.package_identification:_identify(src/race_stack/utilities/nodes) by extensions ['ros']
[0.417s] Level 1:colcon.colcon_core.package_identification:_identify(src/race_stack/utilities/nodes) by extension 'ros'
[0.417s] Level 1:colcon.colcon_core.package_identification:_identify(src/race_stack/utilities/nodes) by extensions ['cmake', 'python']
[0.417s] Level 1:colcon.colcon_core.package_identification:_identify(src/race_stack/utilities/nodes) by extension 'cmake'
[0.417s] Level 1:colcon.colcon_core.package_identification:_identify(src/race_stack/utilities/nodes) by extension 'python'
[0.417s] Level 1:colcon.colcon_core.package_identification:_identify(src/race_stack/utilities/nodes) by extensions ['python_setup_py']
[0.417s] Level 1:colcon.colcon_core.package_identification:_identify(src/race_stack/utilities/nodes) by extension 'python_setup_py'
[0.417s] Level 1:colcon.colcon_core.package_identification:_identify(src/race_stack/utilities/nodes/frenet_odom_republisher) by extensions ['ignore', 'ignore_ament_install']
[0.417s] Level 1:colcon.colcon_core.package_identification:_identify(src/race_stack/utilities/nodes/frenet_odom_republisher) by extension 'ignore'
[0.417s] Level 1:colcon.colcon_core.package_identification:_identify(src/race_stack/utilities/nodes/frenet_odom_republisher) by extension 'ignore_ament_install'
[0.417s] Level 1:colcon.colcon_core.package_identification:_identify(src/race_stack/utilities/nodes/frenet_odom_republisher) by extensions ['colcon_pkg']
[0.417s] Level 1:colcon.colcon_core.package_identification:_identify(src/race_stack/utilities/nodes/frenet_odom_republisher) by extension 'colcon_pkg'
[0.417s] Level 1:colcon.colcon_core.package_identification:_identify(src/race_stack/utilities/nodes/frenet_odom_republisher) by extensions ['colcon_meta']
[0.417s] Level 1:colcon.colcon_core.package_identification:_identify(src/race_stack/utilities/nodes/frenet_odom_republisher) by extension 'colcon_meta'
[0.417s] Level 1:colcon.colcon_core.package_identification:_identify(src/race_stack/utilities/nodes/frenet_odom_republisher) by extensions ['ros']
[0.417s] Level 1:colcon.colcon_core.package_identification:_identify(src/race_stack/utilities/nodes/frenet_odom_republisher) by extension 'ros'
[0.418s] DEBUG:colcon.colcon_core.package_identification:Package 'src/race_stack/utilities/nodes/frenet_odom_republisher' with type 'ros.ament_python' and name 'frenet_odom_republisher'
[0.418s] Level 1:colcon.colcon_core.package_identification:_identify(src/race_stack/utilities/nodes/lap_analyser) by extensions ['ignore', 'ignore_ament_install']
[0.418s] Level 1:colcon.colcon_core.package_identification:_identify(src/race_stack/utilities/nodes/lap_analyser) by extension 'ignore'
[0.418s] Level 1:colcon.colcon_core.package_identification:_identify(src/race_stack/utilities/nodes/lap_analyser) by extension 'ignore_ament_install'
[0.418s] Level 1:colcon.colcon_core.package_identification:_identify(src/race_stack/utilities/nodes/lap_analyser) by extensions ['colcon_pkg']
[0.418s] Level 1:colcon.colcon_core.package_identification:_identify(src/race_stack/utilities/nodes/lap_analyser) by extension 'colcon_pkg'
[0.418s] Level 1:colcon.colcon_core.package_identification:_identify(src/race_stack/utilities/nodes/lap_analyser) by extensions ['colcon_meta']
[0.418s] Level 1:colcon.colcon_core.package_identification:_identify(src/race_stack/utilities/nodes/lap_analyser) by extension 'colcon_meta'
[0.418s] Level 1:colcon.colcon_core.package_identification:_identify(src/race_stack/utilities/nodes/lap_analyser) by extensions ['ros']
[0.418s] Level 1:colcon.colcon_core.package_identification:_identify(src/race_stack/utilities/nodes/lap_analyser) by extension 'ros'
[0.419s] DEBUG:colcon.colcon_core.package_identification:Package 'src/race_stack/utilities/nodes/lap_analyser' with type 'ros.ament_python' and name 'lap_analyser'
[0.419s] Level 1:colcon.colcon_core.package_identification:_identify(src/race_stack/utilities/nodes/map_editor) by extensions ['ignore', 'ignore_ament_install']
[0.419s] Level 1:colcon.colcon_core.package_identification:_identify(src/race_stack/utilities/nodes/map_editor) by extension 'ignore'
[0.419s] Level 1:colcon.colcon_core.package_identification:_identify(src/race_stack/utilities/nodes/map_editor) by extension 'ignore_ament_install'
[0.419s] Level 1:colcon.colcon_core.package_identification:_identify(src/race_stack/utilities/nodes/map_editor) by extensions ['colcon_pkg']
[0.419s] Level 1:colcon.colcon_core.package_identification:_identify(src/race_stack/utilities/nodes/map_editor) by extension 'colcon_pkg'
[0.419s] Level 1:colcon.colcon_core.package_identification:_identify(src/race_stack/utilities/nodes/map_editor) by extensions ['colcon_meta']
[0.419s] Level 1:colcon.colcon_core.package_identification:_identify(src/race_stack/utilities/nodes/map_editor) by extension 'colcon_meta'
[0.419s] Level 1:colcon.colcon_core.package_identification:_identify(src/race_stack/utilities/nodes/map_editor) by extensions ['ros']
[0.419s] Level 1:colcon.colcon_core.package_identification:_identify(src/race_stack/utilities/nodes/map_editor) by extension 'ros'
[0.420s] DEBUG:colcon.colcon_core.package_identification:Package 'src/race_stack/utilities/nodes/map_editor' with type 'ros.ament_python' and name 'map_editor'
[0.420s] Level 1:colcon.colcon_core.package_identification:_identify(src/race_stack/utilities/nodes/opponent_publisher) by extensions ['ignore', 'ignore_ament_install']
[0.420s] Level 1:colcon.colcon_core.package_identification:_identify(src/race_stack/utilities/nodes/opponent_publisher) by extension 'ignore'
[0.420s] Level 1:colcon.colcon_core.package_identification:_identify(src/race_stack/utilities/nodes/opponent_publisher) by extension 'ignore_ament_install'
[0.420s] Level 1:colcon.colcon_core.package_identification:_identify(src/race_stack/utilities/nodes/opponent_publisher) by extensions ['colcon_pkg']
[0.421s] Level 1:colcon.colcon_core.package_identification:_identify(src/race_stack/utilities/nodes/opponent_publisher) by extension 'colcon_pkg'
[0.421s] Level 1:colcon.colcon_core.package_identification:_identify(src/race_stack/utilities/nodes/opponent_publisher) by extensions ['colcon_meta']
[0.421s] Level 1:colcon.colcon_core.package_identification:_identify(src/race_stack/utilities/nodes/opponent_publisher) by extension 'colcon_meta'
[0.421s] Level 1:colcon.colcon_core.package_identification:_identify(src/race_stack/utilities/nodes/opponent_publisher) by extensions ['ros']
[0.421s] Level 1:colcon.colcon_core.package_identification:_identify(src/race_stack/utilities/nodes/opponent_publisher) by extension 'ros'
[0.421s] DEBUG:colcon.colcon_core.package_identification:Package 'src/race_stack/utilities/nodes/opponent_publisher' with type 'ros.ament_python' and name 'opponent_publisher'
[0.421s] Level 1:colcon.colcon_core.package_identification:_identify(src/race_stack/utilities/nodes/sector_tuner) by extensions ['ignore', 'ignore_ament_install']
[0.421s] Level 1:colcon.colcon_core.package_identification:_identify(src/race_stack/utilities/nodes/sector_tuner) by extension 'ignore'
[0.421s] Level 1:colcon.colcon_core.package_identification:_identify(src/race_stack/utilities/nodes/sector_tuner) by extension 'ignore_ament_install'
[0.421s] Level 1:colcon.colcon_core.package_identification:_identify(src/race_stack/utilities/nodes/sector_tuner) by extensions ['colcon_pkg']
[0.421s] Level 1:colcon.colcon_core.package_identification:_identify(src/race_stack/utilities/nodes/sector_tuner) by extension 'colcon_pkg'
[0.421s] Level 1:colcon.colcon_core.package_identification:_identify(src/race_stack/utilities/nodes/sector_tuner) by extensions ['colcon_meta']
[0.421s] Level 1:colcon.colcon_core.package_identification:_identify(src/race_stack/utilities/nodes/sector_tuner) by extension 'colcon_meta'
[0.422s] Level 1:colcon.colcon_core.package_identification:_identify(src/race_stack/utilities/nodes/sector_tuner) by extensions ['ros']
[0.422s] Level 1:colcon.colcon_core.package_identification:_identify(src/race_stack/utilities/nodes/sector_tuner) by extension 'ros'
[0.422s] DEBUG:colcon.colcon_core.package_identification:Package 'src/race_stack/utilities/nodes/sector_tuner' with type 'ros.ament_python' and name 'sector_tuner'
[0.422s] Level 1:colcon.colcon_core.package_identification:_identify(src/race_stack/utilities/nodes/slam_tuner) by extensions ['ignore', 'ignore_ament_install']
[0.422s] Level 1:colcon.colcon_core.package_identification:_identify(src/race_stack/utilities/nodes/slam_tuner) by extension 'ignore'
[0.422s] Level 1:colcon.colcon_core.package_identification:_identify(src/race_stack/utilities/nodes/slam_tuner) by extension 'ignore_ament_install'
[0.422s] Level 1:colcon.colcon_core.package_identification:_identify(src/race_stack/utilities/nodes/slam_tuner) by extensions ['colcon_pkg']
[0.422s] Level 1:colcon.colcon_core.package_identification:_identify(src/race_stack/utilities/nodes/slam_tuner) by extension 'colcon_pkg'
[0.423s] Level 1:colcon.colcon_core.package_identification:_identify(src/race_stack/utilities/nodes/slam_tuner) by extensions ['colcon_meta']
[0.423s] Level 1:colcon.colcon_core.package_identification:_identify(src/race_stack/utilities/nodes/slam_tuner) by extension 'colcon_meta'
[0.423s] Level 1:colcon.colcon_core.package_identification:_identify(src/race_stack/utilities/nodes/slam_tuner) by extensions ['ros']
[0.423s] Level 1:colcon.colcon_core.package_identification:_identify(src/race_stack/utilities/nodes/slam_tuner) by extension 'ros'
[0.423s] DEBUG:colcon.colcon_core.package_identification:Package 'src/race_stack/utilities/nodes/slam_tuner' with type 'ros.ament_python' and name 'slam_tuner'
[0.423s] Level 1:colcon.colcon_core.package_identification:_identify(src/race_stack/utilities/nodes/sombrero_visualization) by extensions ['ignore', 'ignore_ament_install']
[0.423s] Level 1:colcon.colcon_core.package_identification:_identify(src/race_stack/utilities/nodes/sombrero_visualization) by extension 'ignore'
[0.423s] Level 1:colcon.colcon_core.package_identification:_identify(src/race_stack/utilities/nodes/sombrero_visualization) by extension 'ignore_ament_install'
[0.423s] Level 1:colcon.colcon_core.package_identification:_identify(src/race_stack/utilities/nodes/sombrero_visualization) by extensions ['colcon_pkg']
[0.424s] Level 1:colcon.colcon_core.package_identification:_identify(src/race_stack/utilities/nodes/sombrero_visualization) by extension 'colcon_pkg'
[0.424s] Level 1:colcon.colcon_core.package_identification:_identify(src/race_stack/utilities/nodes/sombrero_visualization) by extensions ['colcon_meta']
[0.424s] Level 1:colcon.colcon_core.package_identification:_identify(src/race_stack/utilities/nodes/sombrero_visualization) by extension 'colcon_meta'
[0.424s] Level 1:colcon.colcon_core.package_identification:_identify(src/race_stack/utilities/nodes/sombrero_visualization) by extensions ['ros']
[0.424s] Level 1:colcon.colcon_core.package_identification:_identify(src/race_stack/utilities/nodes/sombrero_visualization) by extension 'ros'
[0.424s] Level 1:colcon.colcon_core.package_identification:_identify(src/race_stack/utilities/nodes/sombrero_visualization) by extensions ['cmake', 'python']
[0.424s] Level 1:colcon.colcon_core.package_identification:_identify(src/race_stack/utilities/nodes/sombrero_visualization) by extension 'cmake'
[0.424s] Level 1:colcon.colcon_core.package_identification:_identify(src/race_stack/utilities/nodes/sombrero_visualization) by extension 'python'
[0.424s] Level 1:colcon.colcon_core.package_identification:_identify(src/race_stack/utilities/nodes/sombrero_visualization) by extensions ['python_setup_py']
[0.424s] Level 1:colcon.colcon_core.package_identification:_identify(src/race_stack/utilities/nodes/sombrero_visualization) by extension 'python_setup_py'
[0.424s] Level 1:colcon.colcon_core.package_discovery:discover_packages(recursive) using defaults
[0.424s] Level 1:colcon.colcon_core.package_discovery:discover_packages(ignore) discover
[0.424s] Level 1:colcon.colcon_core.package_discovery:discover_packages(ignore) using defaults
[0.424s] Level 1:colcon.colcon_core.package_discovery:discover_packages(path) discover
[0.424s] Level 1:colcon.colcon_core.package_discovery:discover_packages(path) using defaults
[0.456s] Level 1:colcon.colcon_core.package_discovery:discover_packages(prefix_path) check parameters
[0.456s] Level 1:colcon.colcon_core.package_discovery:discover_packages(prefix_path) discover
[0.459s] DEBUG:colcon.colcon_installed_package_information.package_discovery:Found 29 installed packages in /home/hanjh/F1_TENTH_UNITA/install
[0.460s] DEBUG:colcon.colcon_installed_package_information.package_discovery:Found 13 installed packages in /home/hanjh/ros2_ws/install
[0.462s] DEBUG:colcon.colcon_installed_package_information.package_discovery:Found 542 installed packages in /opt/ros/humble
[0.464s] Level 1:colcon.colcon_core.package_discovery:discover_packages(prefix_path) using defaults
[0.520s] WARNING:colcon.colcon_core.package_selection:Some selected packages are already built in one or more underlay workspaces:
	'joy_teleop' is in: /home/hanjh/F1_TENTH_UNITA/install/joy_teleop, /opt/ros/humble
	'teleop_tools_msgs' is in: /home/hanjh/F1_TENTH_UNITA/install/teleop_tools_msgs, /opt/ros/humble
If a package in a merged underlay workspace is overridden and it installs headers, then all packages in the overlay must sort their include directories by workspace order. Failure to do so may result in build failures or undefined behavior at run time.
If the overridden package is used by another package in any underlay, then the overriding package in the overlay must be API and ABI compatible or undefined behavior at run time may occur.

If you understand the risks and want to override a package anyways, add the following to the command line:
	--allow-overriding joy_teleop teleop_tools_msgs

This may be promoted to an error in a future release of colcon-override-check.
[0.521s] Level 5:colcon.colcon_core.verb:set package 'ackermann_mux' build argument 'cmake_args' from command line to 'None'
[0.521s] Level 5:colcon.colcon_core.verb:set package 'ackermann_mux' build argument 'cmake_target' from command line to 'None'
[0.521s] Level 5:colcon.colcon_core.verb:set package 'ackermann_mux' build argument 'cmake_target_skip_unavailable' from command line to 'False'
[0.521s] Level 5:colcon.colcon_core.verb:set package 'ackermann_mux' build argument 'cmake_clean_cache' from command line to 'False'
[0.521s] Level 5:colcon.colcon_core.verb:set package 'ackermann_mux' build argument 'cmake_clean_first' from command line to 'False'
[0.521s] Level 5:colcon.colcon_core.verb:set package 'ackermann_mux' build argument 'cmake_force_configure' from command line to 'False'
[0.521s] Level 5:colcon.colcon_core.verb:set package 'ackermann_mux' build argument 'ament_cmake_args' from command line to 'None'
[0.521s] Level 5:colcon.colcon_core.verb:set package 'ackermann_mux' build argument 'catkin_cmake_args' from command line to 'None'
[0.521s] Level 5:colcon.colcon_core.verb:set package 'ackermann_mux' build argument 'catkin_skip_building_tests' from command line to 'False'
[0.521s] DEBUG:colcon.colcon_core.verb:Building package 'ackermann_mux' with the following arguments: {'ament_cmake_args': None, 'build_base': '/home/hanjh/F1_TENTH_UNITA/build/ackermann_mux', 'catkin_cmake_args': None, 'catkin_skip_building_tests': False, 'cmake_args': None, 'cmake_clean_cache': False, 'cmake_clean_first': False, 'cmake_force_configure': False, 'cmake_target': None, 'cmake_target_skip_unavailable': False, 'install_base': '/home/hanjh/F1_TENTH_UNITA/install/ackermann_mux', 'merge_install': False, 'path': '/home/hanjh/F1_TENTH_UNITA/src/race_stack/base_system/f1tenth_system/ackermann_mux', 'symlink_install': True, 'test_result_base': None}
[0.522s] Level 5:colcon.colcon_core.verb:set package 'controller' build argument 'cmake_args' from command line to 'None'
[0.522s] Level 5:colcon.colcon_core.verb:set package 'controller' build argument 'cmake_target' from command line to 'None'
[0.522s] Level 5:colcon.colcon_core.verb:set package 'controller' build argument 'cmake_target_skip_unavailable' from command line to 'False'
[0.522s] Level 5:colcon.colcon_core.verb:set package 'controller' build argument 'cmake_clean_cache' from command line to 'False'
[0.522s] Level 5:colcon.colcon_core.verb:set package 'controller' build argument 'cmake_clean_first' from command line to 'False'
[0.522s] Level 5:colcon.colcon_core.verb:set package 'controller' build argument 'cmake_force_configure' from command line to 'False'
[0.522s] Level 5:colcon.colcon_core.verb:set package 'controller' build argument 'ament_cmake_args' from command line to 'None'
[0.522s] Level 5:colcon.colcon_core.verb:set package 'controller' build argument 'catkin_cmake_args' from command line to 'None'
[0.522s] Level 5:colcon.colcon_core.verb:set package 'controller' build argument 'catkin_skip_building_tests' from command line to 'False'
[0.522s] DEBUG:colcon.colcon_core.verb:Building package 'controller' with the following arguments: {'ament_cmake_args': None, 'build_base': '/home/hanjh/F1_TENTH_UNITA/build/controller', 'catkin_cmake_args': None, 'catkin_skip_building_tests': False, 'cmake_args': None, 'cmake_clean_cache': False, 'cmake_clean_first': False, 'cmake_force_configure': False, 'cmake_target': None, 'cmake_target_skip_unavailable': False, 'install_base': '/home/hanjh/F1_TENTH_UNITA/install/controller', 'merge_install': False, 'path': '/home/hanjh/F1_TENTH_UNITA/src/race_stack/controller', 'symlink_install': True, 'test_result_base': None}
[0.522s] Level 5:colcon.colcon_core.verb:set package 'f110_msgs' build argument 'cmake_args' from command line to 'None'
[0.522s] Level 5:colcon.colcon_core.verb:set package 'f110_msgs' build argument 'cmake_target' from command line to 'None'
[0.522s] Level 5:colcon.colcon_core.verb:set package 'f110_msgs' build argument 'cmake_target_skip_unavailable' from command line to 'False'
[0.522s] Level 5:colcon.colcon_core.verb:set package 'f110_msgs' build argument 'cmake_clean_cache' from command line to 'False'
[0.522s] Level 5:colcon.colcon_core.verb:set package 'f110_msgs' build argument 'cmake_clean_first' from command line to 'False'
[0.522s] Level 5:colcon.colcon_core.verb:set package 'f110_msgs' build argument 'cmake_force_configure' from command line to 'False'
[0.522s] Level 5:colcon.colcon_core.verb:set package 'f110_msgs' build argument 'ament_cmake_args' from command line to 'None'
[0.522s] Level 5:colcon.colcon_core.verb:set package 'f110_msgs' build argument 'catkin_cmake_args' from command line to 'None'
[0.522s] Level 5:colcon.colcon_core.verb:set package 'f110_msgs' build argument 'catkin_skip_building_tests' from command line to 'False'
[0.522s] DEBUG:colcon.colcon_core.verb:Building package 'f110_msgs' with the following arguments: {'ament_cmake_args': None, 'build_base': '/home/hanjh/F1_TENTH_UNITA/build/f110_msgs', 'catkin_cmake_args': None, 'catkin_skip_building_tests': False, 'cmake_args': None, 'cmake_clean_cache': False, 'cmake_clean_first': False, 'cmake_force_configure': False, 'cmake_target': None, 'cmake_target_skip_unavailable': False, 'install_base': '/home/hanjh/F1_TENTH_UNITA/install/f110_msgs', 'merge_install': False, 'path': '/home/hanjh/F1_TENTH_UNITA/src/race_stack/utilities/libraries/f110_msgs', 'symlink_install': True, 'test_result_base': None}
[0.523s] Level 5:colcon.colcon_core.verb:set package 'f1tenth_gym_ros' build argument 'cmake_args' from command line to 'None'
[0.523s] Level 5:colcon.colcon_core.verb:set package 'f1tenth_gym_ros' build argument 'cmake_target' from command line to 'None'
[0.523s] Level 5:colcon.colcon_core.verb:set package 'f1tenth_gym_ros' build argument 'cmake_target_skip_unavailable' from command line to 'False'
[0.523s] Level 5:colcon.colcon_core.verb:set package 'f1tenth_gym_ros' build argument 'cmake_clean_cache' from command line to 'False'
[0.523s] Level 5:colcon.colcon_core.verb:set package 'f1tenth_gym_ros' build argument 'cmake_clean_first' from command line to 'False'
[0.523s] Level 5:colcon.colcon_core.verb:set package 'f1tenth_gym_ros' build argument 'cmake_force_configure' from command line to 'False'
[0.523s] Level 5:colcon.colcon_core.verb:set package 'f1tenth_gym_ros' build argument 'ament_cmake_args' from command line to 'None'
[0.523s] Level 5:colcon.colcon_core.verb:set package 'f1tenth_gym_ros' build argument 'catkin_cmake_args' from command line to 'None'
[0.523s] Level 5:colcon.colcon_core.verb:set package 'f1tenth_gym_ros' build argument 'catkin_skip_building_tests' from command line to 'False'
[0.523s] DEBUG:colcon.colcon_core.verb:Building package 'f1tenth_gym_ros' with the following arguments: {'ament_cmake_args': None, 'build_base': '/home/hanjh/F1_TENTH_UNITA/build/f1tenth_gym_ros', 'catkin_cmake_args': None, 'catkin_skip_building_tests': False, 'cmake_args': None, 'cmake_clean_cache': False, 'cmake_clean_first': False, 'cmake_force_configure': False, 'cmake_target': None, 'cmake_target_skip_unavailable': False, 'install_base': '/home/hanjh/F1_TENTH_UNITA/install/f1tenth_gym_ros', 'merge_install': False, 'path': '/home/hanjh/F1_TENTH_UNITA/src/race_stack/base_system/f110_simulator/f1tenth_gym_ros', 'symlink_install': True, 'test_result_base': None}
[0.523s] Level 5:colcon.colcon_core.verb:set package 'frenet_conversion' build argument 'cmake_args' from command line to 'None'
[0.523s] Level 5:colcon.colcon_core.verb:set package 'frenet_conversion' build argument 'cmake_target' from command line to 'None'
[0.523s] Level 5:colcon.colcon_core.verb:set package 'frenet_conversion' build argument 'cmake_target_skip_unavailable' from command line to 'False'
[0.523s] Level 5:colcon.colcon_core.verb:set package 'frenet_conversion' build argument 'cmake_clean_cache' from command line to 'False'
[0.523s] Level 5:colcon.colcon_core.verb:set package 'frenet_conversion' build argument 'cmake_clean_first' from command line to 'False'
[0.523s] Level 5:colcon.colcon_core.verb:set package 'frenet_conversion' build argument 'cmake_force_configure' from command line to 'False'
[0.523s] Level 5:colcon.colcon_core.verb:set package 'frenet_conversion' build argument 'ament_cmake_args' from command line to 'None'
[0.523s] Level 5:colcon.colcon_core.verb:set package 'frenet_conversion' build argument 'catkin_cmake_args' from command line to 'None'
[0.523s] Level 5:colcon.colcon_core.verb:set package 'frenet_conversion' build argument 'catkin_skip_building_tests' from command line to 'False'
[0.523s] DEBUG:colcon.colcon_core.verb:Building package 'frenet_conversion' with the following arguments: {'ament_cmake_args': None, 'build_base': '/home/hanjh/F1_TENTH_UNITA/build/frenet_conversion', 'catkin_cmake_args': None, 'catkin_skip_building_tests': False, 'cmake_args': None, 'cmake_clean_cache': False, 'cmake_clean_first': False, 'cmake_force_configure': False, 'cmake_target': None, 'cmake_target_skip_unavailable': False, 'install_base': '/home/hanjh/F1_TENTH_UNITA/install/frenet_conversion', 'merge_install': False, 'path': '/home/hanjh/F1_TENTH_UNITA/src/race_stack/utilities/libraries/frenet_conversion', 'symlink_install': True, 'test_result_base': None}
[0.524s] Level 5:colcon.colcon_core.verb:set package 'frenet_odom_republisher' build argument 'cmake_args' from command line to 'None'
[0.524s] Level 5:colcon.colcon_core.verb:set package 'frenet_odom_republisher' build argument 'cmake_target' from command line to 'None'
[0.524s] Level 5:colcon.colcon_core.verb:set package 'frenet_odom_republisher' build argument 'cmake_target_skip_unavailable' from command line to 'False'
[0.524s] Level 5:colcon.colcon_core.verb:set package 'frenet_odom_republisher' build argument 'cmake_clean_cache' from command line to 'False'
[0.524s] Level 5:colcon.colcon_core.verb:set package 'frenet_odom_republisher' build argument 'cmake_clean_first' from command line to 'False'
[0.524s] Level 5:colcon.colcon_core.verb:set package 'frenet_odom_republisher' build argument 'cmake_force_configure' from command line to 'False'
[0.524s] Level 5:colcon.colcon_core.verb:set package 'frenet_odom_republisher' build argument 'ament_cmake_args' from command line to 'None'
[0.524s] Level 5:colcon.colcon_core.verb:set package 'frenet_odom_republisher' build argument 'catkin_cmake_args' from command line to 'None'
[0.524s] Level 5:colcon.colcon_core.verb:set package 'frenet_odom_republisher' build argument 'catkin_skip_building_tests' from command line to 'False'
[0.524s] DEBUG:colcon.colcon_core.verb:Building package 'frenet_odom_republisher' with the following arguments: {'ament_cmake_args': None, 'build_base': '/home/hanjh/F1_TENTH_UNITA/build/frenet_odom_republisher', 'catkin_cmake_args': None, 'catkin_skip_building_tests': False, 'cmake_args': None, 'cmake_clean_cache': False, 'cmake_clean_first': False, 'cmake_force_configure': False, 'cmake_target': None, 'cmake_target_skip_unavailable': False, 'install_base': '/home/hanjh/F1_TENTH_UNITA/install/frenet_odom_republisher', 'merge_install': False, 'path': '/home/hanjh/F1_TENTH_UNITA/src/race_stack/utilities/nodes/frenet_odom_republisher', 'symlink_install': True, 'test_result_base': None}
[0.524s] Level 5:colcon.colcon_core.verb:set package 'global_planner' build argument 'cmake_args' from command line to 'None'
[0.524s] Level 5:colcon.colcon_core.verb:set package 'global_planner' build argument 'cmake_target' from command line to 'None'
[0.524s] Level 5:colcon.colcon_core.verb:set package 'global_planner' build argument 'cmake_target_skip_unavailable' from command line to 'False'
[0.524s] Level 5:colcon.colcon_core.verb:set package 'global_planner' build argument 'cmake_clean_cache' from command line to 'False'
[0.524s] Level 5:colcon.colcon_core.verb:set package 'global_planner' build argument 'cmake_clean_first' from command line to 'False'
[0.524s] Level 5:colcon.colcon_core.verb:set package 'global_planner' build argument 'cmake_force_configure' from command line to 'False'
[0.524s] Level 5:colcon.colcon_core.verb:set package 'global_planner' build argument 'ament_cmake_args' from command line to 'None'
[0.524s] Level 5:colcon.colcon_core.verb:set package 'global_planner' build argument 'catkin_cmake_args' from command line to 'None'
[0.524s] Level 5:colcon.colcon_core.verb:set package 'global_planner' build argument 'catkin_skip_building_tests' from command line to 'False'
[0.524s] DEBUG:colcon.colcon_core.verb:Building package 'global_planner' with the following arguments: {'ament_cmake_args': None, 'build_base': '/home/hanjh/F1_TENTH_UNITA/build/global_planner', 'catkin_cmake_args': None, 'catkin_skip_building_tests': False, 'cmake_args': None, 'cmake_clean_cache': False, 'cmake_clean_first': False, 'cmake_force_configure': False, 'cmake_target': None, 'cmake_target_skip_unavailable': False, 'install_base': '/home/hanjh/F1_TENTH_UNITA/install/global_planner', 'merge_install': False, 'path': '/home/hanjh/F1_TENTH_UNITA/src/race_stack/planner/global_planner', 'symlink_install': True, 'test_result_base': None}
[0.525s] Level 5:colcon.colcon_core.verb:set package 'id_controller' build argument 'cmake_args' from command line to 'None'
[0.525s] Level 5:colcon.colcon_core.verb:set package 'id_controller' build argument 'cmake_target' from command line to 'None'
[0.525s] Level 5:colcon.colcon_core.verb:set package 'id_controller' build argument 'cmake_target_skip_unavailable' from command line to 'False'
[0.525s] Level 5:colcon.colcon_core.verb:set package 'id_controller' build argument 'cmake_clean_cache' from command line to 'False'
[0.525s] Level 5:colcon.colcon_core.verb:set package 'id_controller' build argument 'cmake_clean_first' from command line to 'False'
[0.525s] Level 5:colcon.colcon_core.verb:set package 'id_controller' build argument 'cmake_force_configure' from command line to 'False'
[0.525s] Level 5:colcon.colcon_core.verb:set package 'id_controller' build argument 'ament_cmake_args' from command line to 'None'
[0.525s] Level 5:colcon.colcon_core.verb:set package 'id_controller' build argument 'catkin_cmake_args' from command line to 'None'
[0.525s] Level 5:colcon.colcon_core.verb:set package 'id_controller' build argument 'catkin_skip_building_tests' from command line to 'False'
[0.525s] DEBUG:colcon.colcon_core.verb:Building package 'id_controller' with the following arguments: {'ament_cmake_args': None, 'build_base': '/home/hanjh/F1_TENTH_UNITA/build/id_controller', 'catkin_cmake_args': None, 'catkin_skip_building_tests': False, 'cmake_args': None, 'cmake_clean_cache': False, 'cmake_clean_first': False, 'cmake_force_configure': False, 'cmake_target': None, 'cmake_target_skip_unavailable': False, 'install_base': '/home/hanjh/F1_TENTH_UNITA/install/id_controller', 'merge_install': False, 'path': '/home/hanjh/F1_TENTH_UNITA/src/race_stack/system_identification/nodes/id_controller', 'symlink_install': True, 'test_result_base': None}
[0.525s] Level 5:colcon.colcon_core.verb:set package 'key_teleop' build argument 'cmake_args' from command line to 'None'
[0.525s] Level 5:colcon.colcon_core.verb:set package 'key_teleop' build argument 'cmake_target' from command line to 'None'
[0.525s] Level 5:colcon.colcon_core.verb:set package 'key_teleop' build argument 'cmake_target_skip_unavailable' from command line to 'False'
[0.525s] Level 5:colcon.colcon_core.verb:set package 'key_teleop' build argument 'cmake_clean_cache' from command line to 'False'
[0.525s] Level 5:colcon.colcon_core.verb:set package 'key_teleop' build argument 'cmake_clean_first' from command line to 'False'
[0.525s] Level 5:colcon.colcon_core.verb:set package 'key_teleop' build argument 'cmake_force_configure' from command line to 'False'
[0.525s] Level 5:colcon.colcon_core.verb:set package 'key_teleop' build argument 'ament_cmake_args' from command line to 'None'
[0.525s] Level 5:colcon.colcon_core.verb:set package 'key_teleop' build argument 'catkin_cmake_args' from command line to 'None'
[0.525s] Level 5:colcon.colcon_core.verb:set package 'key_teleop' build argument 'catkin_skip_building_tests' from command line to 'False'
[0.525s] DEBUG:colcon.colcon_core.verb:Building package 'key_teleop' with the following arguments: {'ament_cmake_args': None, 'build_base': '/home/hanjh/F1_TENTH_UNITA/build/key_teleop', 'catkin_cmake_args': None, 'catkin_skip_building_tests': False, 'cmake_args': None, 'cmake_clean_cache': False, 'cmake_clean_first': False, 'cmake_force_configure': False, 'cmake_target': None, 'cmake_target_skip_unavailable': False, 'install_base': '/home/hanjh/F1_TENTH_UNITA/install/key_teleop', 'merge_install': False, 'path': '/home/hanjh/F1_TENTH_UNITA/src/race_stack/base_system/f1tenth_system/teleop_tools/key_teleop', 'symlink_install': True, 'test_result_base': None}
[0.526s] Level 5:colcon.colcon_core.verb:set package 'lap_analyser' build argument 'cmake_args' from command line to 'None'
[0.526s] Level 5:colcon.colcon_core.verb:set package 'lap_analyser' build argument 'cmake_target' from command line to 'None'
[0.526s] Level 5:colcon.colcon_core.verb:set package 'lap_analyser' build argument 'cmake_target_skip_unavailable' from command line to 'False'
[0.526s] Level 5:colcon.colcon_core.verb:set package 'lap_analyser' build argument 'cmake_clean_cache' from command line to 'False'
[0.526s] Level 5:colcon.colcon_core.verb:set package 'lap_analyser' build argument 'cmake_clean_first' from command line to 'False'
[0.526s] Level 5:colcon.colcon_core.verb:set package 'lap_analyser' build argument 'cmake_force_configure' from command line to 'False'
[0.526s] Level 5:colcon.colcon_core.verb:set package 'lap_analyser' build argument 'ament_cmake_args' from command line to 'None'
[0.526s] Level 5:colcon.colcon_core.verb:set package 'lap_analyser' build argument 'catkin_cmake_args' from command line to 'None'
[0.526s] Level 5:colcon.colcon_core.verb:set package 'lap_analyser' build argument 'catkin_skip_building_tests' from command line to 'False'
[0.526s] DEBUG:colcon.colcon_core.verb:Building package 'lap_analyser' with the following arguments: {'ament_cmake_args': None, 'build_base': '/home/hanjh/F1_TENTH_UNITA/build/lap_analyser', 'catkin_cmake_args': None, 'catkin_skip_building_tests': False, 'cmake_args': None, 'cmake_clean_cache': False, 'cmake_clean_first': False, 'cmake_force_configure': False, 'cmake_target': None, 'cmake_target_skip_unavailable': False, 'install_base': '/home/hanjh/F1_TENTH_UNITA/install/lap_analyser', 'merge_install': False, 'path': '/home/hanjh/F1_TENTH_UNITA/src/race_stack/utilities/nodes/lap_analyser', 'symlink_install': True, 'test_result_base': None}
[0.526s] Level 5:colcon.colcon_core.verb:set package 'mouse_teleop' build argument 'cmake_args' from command line to 'None'
[0.526s] Level 5:colcon.colcon_core.verb:set package 'mouse_teleop' build argument 'cmake_target' from command line to 'None'
[0.526s] Level 5:colcon.colcon_core.verb:set package 'mouse_teleop' build argument 'cmake_target_skip_unavailable' from command line to 'False'
[0.526s] Level 5:colcon.colcon_core.verb:set package 'mouse_teleop' build argument 'cmake_clean_cache' from command line to 'False'
[0.526s] Level 5:colcon.colcon_core.verb:set package 'mouse_teleop' build argument 'cmake_clean_first' from command line to 'False'
[0.526s] Level 5:colcon.colcon_core.verb:set package 'mouse_teleop' build argument 'cmake_force_configure' from command line to 'False'
[0.526s] Level 5:colcon.colcon_core.verb:set package 'mouse_teleop' build argument 'ament_cmake_args' from command line to 'None'
[0.526s] Level 5:colcon.colcon_core.verb:set package 'mouse_teleop' build argument 'catkin_cmake_args' from command line to 'None'
[0.526s] Level 5:colcon.colcon_core.verb:set package 'mouse_teleop' build argument 'catkin_skip_building_tests' from command line to 'False'
[0.526s] DEBUG:colcon.colcon_core.verb:Building package 'mouse_teleop' with the following arguments: {'ament_cmake_args': None, 'build_base': '/home/hanjh/F1_TENTH_UNITA/build/mouse_teleop', 'catkin_cmake_args': None, 'catkin_skip_building_tests': False, 'cmake_args': None, 'cmake_clean_cache': False, 'cmake_clean_first': False, 'cmake_force_configure': False, 'cmake_target': None, 'cmake_target_skip_unavailable': False, 'install_base': '/home/hanjh/F1_TENTH_UNITA/install/mouse_teleop', 'merge_install': False, 'path': '/home/hanjh/F1_TENTH_UNITA/src/race_stack/base_system/f1tenth_system/teleop_tools/mouse_teleop', 'symlink_install': True, 'test_result_base': None}
[0.527s] Level 5:colcon.colcon_core.verb:set package 'opponent_publisher' build argument 'cmake_args' from command line to 'None'
[0.527s] Level 5:colcon.colcon_core.verb:set package 'opponent_publisher' build argument 'cmake_target' from command line to 'None'
[0.527s] Level 5:colcon.colcon_core.verb:set package 'opponent_publisher' build argument 'cmake_target_skip_unavailable' from command line to 'False'
[0.527s] Level 5:colcon.colcon_core.verb:set package 'opponent_publisher' build argument 'cmake_clean_cache' from command line to 'False'
[0.527s] Level 5:colcon.colcon_core.verb:set package 'opponent_publisher' build argument 'cmake_clean_first' from command line to 'False'
[0.527s] Level 5:colcon.colcon_core.verb:set package 'opponent_publisher' build argument 'cmake_force_configure' from command line to 'False'
[0.527s] Level 5:colcon.colcon_core.verb:set package 'opponent_publisher' build argument 'ament_cmake_args' from command line to 'None'
[0.527s] Level 5:colcon.colcon_core.verb:set package 'opponent_publisher' build argument 'catkin_cmake_args' from command line to 'None'
[0.527s] Level 5:colcon.colcon_core.verb:set package 'opponent_publisher' build argument 'catkin_skip_building_tests' from command line to 'False'
[0.527s] DEBUG:colcon.colcon_core.verb:Building package 'opponent_publisher' with the following arguments: {'ament_cmake_args': None, 'build_base': '/home/hanjh/F1_TENTH_UNITA/build/opponent_publisher', 'catkin_cmake_args': None, 'catkin_skip_building_tests': False, 'cmake_args': None, 'cmake_clean_cache': False, 'cmake_clean_first': False, 'cmake_force_configure': False, 'cmake_target': None, 'cmake_target_skip_unavailable': False, 'install_base': '/home/hanjh/F1_TENTH_UNITA/install/opponent_publisher', 'merge_install': False, 'path': '/home/hanjh/F1_TENTH_UNITA/src/race_stack/utilities/nodes/opponent_publisher', 'symlink_install': True, 'test_result_base': None}
[0.527s] Level 5:colcon.colcon_core.verb:set package 'perception' build argument 'cmake_args' from command line to 'None'
[0.527s] Level 5:colcon.colcon_core.verb:set package 'perception' build argument 'cmake_target' from command line to 'None'
[0.527s] Level 5:colcon.colcon_core.verb:set package 'perception' build argument 'cmake_target_skip_unavailable' from command line to 'False'
[0.527s] Level 5:colcon.colcon_core.verb:set package 'perception' build argument 'cmake_clean_cache' from command line to 'False'
[0.527s] Level 5:colcon.colcon_core.verb:set package 'perception' build argument 'cmake_clean_first' from command line to 'False'
[0.527s] Level 5:colcon.colcon_core.verb:set package 'perception' build argument 'cmake_force_configure' from command line to 'False'
[0.527s] Level 5:colcon.colcon_core.verb:set package 'perception' build argument 'ament_cmake_args' from command line to 'None'
[0.527s] Level 5:colcon.colcon_core.verb:set package 'perception' build argument 'catkin_cmake_args' from command line to 'None'
[0.527s] Level 5:colcon.colcon_core.verb:set package 'perception' build argument 'catkin_skip_building_tests' from command line to 'False'
[0.527s] DEBUG:colcon.colcon_core.verb:Building package 'perception' with the following arguments: {'ament_cmake_args': None, 'build_base': '/home/hanjh/F1_TENTH_UNITA/build/perception', 'catkin_cmake_args': None, 'catkin_skip_building_tests': False, 'cmake_args': None, 'cmake_clean_cache': False, 'cmake_clean_first': False, 'cmake_force_configure': False, 'cmake_target': None, 'cmake_target_skip_unavailable': False, 'install_base': '/home/hanjh/F1_TENTH_UNITA/install/perception', 'merge_install': False, 'path': '/home/hanjh/F1_TENTH_UNITA/src/race_stack/perception', 'symlink_install': True, 'test_result_base': None}
[0.528s] Level 5:colcon.colcon_core.verb:set package 'sector_tuner' build argument 'cmake_args' from command line to 'None'
[0.528s] Level 5:colcon.colcon_core.verb:set package 'sector_tuner' build argument 'cmake_target' from command line to 'None'
[0.528s] Level 5:colcon.colcon_core.verb:set package 'sector_tuner' build argument 'cmake_target_skip_unavailable' from command line to 'False'
[0.528s] Level 5:colcon.colcon_core.verb:set package 'sector_tuner' build argument 'cmake_clean_cache' from command line to 'False'
[0.528s] Level 5:colcon.colcon_core.verb:set package 'sector_tuner' build argument 'cmake_clean_first' from command line to 'False'
[0.528s] Level 5:colcon.colcon_core.verb:set package 'sector_tuner' build argument 'cmake_force_configure' from command line to 'False'
[0.528s] Level 5:colcon.colcon_core.verb:set package 'sector_tuner' build argument 'ament_cmake_args' from command line to 'None'
[0.528s] Level 5:colcon.colcon_core.verb:set package 'sector_tuner' build argument 'catkin_cmake_args' from command line to 'None'
[0.528s] Level 5:colcon.colcon_core.verb:set package 'sector_tuner' build argument 'catkin_skip_building_tests' from command line to 'False'
[0.528s] DEBUG:colcon.colcon_core.verb:Building package 'sector_tuner' with the following arguments: {'ament_cmake_args': None, 'build_base': '/home/hanjh/F1_TENTH_UNITA/build/sector_tuner', 'catkin_cmake_args': None, 'catkin_skip_building_tests': False, 'cmake_args': None, 'cmake_clean_cache': False, 'cmake_clean_first': False, 'cmake_force_configure': False, 'cmake_target': None, 'cmake_target_skip_unavailable': False, 'install_base': '/home/hanjh/F1_TENTH_UNITA/install/sector_tuner', 'merge_install': False, 'path': '/home/hanjh/F1_TENTH_UNITA/src/race_stack/utilities/nodes/sector_tuner', 'symlink_install': True, 'test_result_base': None}
[0.528s] Level 5:colcon.colcon_core.verb:set package 'stack_master' build argument 'cmake_args' from command line to 'None'
[0.528s] Level 5:colcon.colcon_core.verb:set package 'stack_master' build argument 'cmake_target' from command line to 'None'
[0.528s] Level 5:colcon.colcon_core.verb:set package 'stack_master' build argument 'cmake_target_skip_unavailable' from command line to 'False'
[0.528s] Level 5:colcon.colcon_core.verb:set package 'stack_master' build argument 'cmake_clean_cache' from command line to 'False'
[0.528s] Level 5:colcon.colcon_core.verb:set package 'stack_master' build argument 'cmake_clean_first' from command line to 'False'
[0.528s] Level 5:colcon.colcon_core.verb:set package 'stack_master' build argument 'cmake_force_configure' from command line to 'False'
[0.528s] Level 5:colcon.colcon_core.verb:set package 'stack_master' build argument 'ament_cmake_args' from command line to 'None'
[0.528s] Level 5:colcon.colcon_core.verb:set package 'stack_master' build argument 'catkin_cmake_args' from command line to 'None'
[0.528s] Level 5:colcon.colcon_core.verb:set package 'stack_master' build argument 'catkin_skip_building_tests' from command line to 'False'
[0.528s] DEBUG:colcon.colcon_core.verb:Building package 'stack_master' with the following arguments: {'ament_cmake_args': None, 'build_base': '/home/hanjh/F1_TENTH_UNITA/build/stack_master', 'catkin_cmake_args': None, 'catkin_skip_building_tests': False, 'cmake_args': None, 'cmake_clean_cache': False, 'cmake_clean_first': False, 'cmake_force_configure': False, 'cmake_target': None, 'cmake_target_skip_unavailable': False, 'install_base': '/home/hanjh/F1_TENTH_UNITA/install/stack_master', 'merge_install': False, 'path': '/home/hanjh/F1_TENTH_UNITA/src/race_stack/stack_master', 'symlink_install': True, 'test_result_base': None}
[0.529s] Level 5:colcon.colcon_core.verb:set package 'state_estimation' build argument 'cmake_args' from command line to 'None'
[0.529s] Level 5:colcon.colcon_core.verb:set package 'state_estimation' build argument 'cmake_target' from command line to 'None'
[0.529s] Level 5:colcon.colcon_core.verb:set package 'state_estimation' build argument 'cmake_target_skip_unavailable' from command line to 'False'
[0.529s] Level 5:colcon.colcon_core.verb:set package 'state_estimation' build argument 'cmake_clean_cache' from command line to 'False'
[0.529s] Level 5:colcon.colcon_core.verb:set package 'state_estimation' build argument 'cmake_clean_first' from command line to 'False'
[0.529s] Level 5:colcon.colcon_core.verb:set package 'state_estimation' build argument 'cmake_force_configure' from command line to 'False'
[0.529s] Level 5:colcon.colcon_core.verb:set package 'state_estimation' build argument 'ament_cmake_args' from command line to 'None'
[0.529s] Level 5:colcon.colcon_core.verb:set package 'state_estimation' build argument 'catkin_cmake_args' from command line to 'None'
[0.529s] Level 5:colcon.colcon_core.verb:set package 'state_estimation' build argument 'catkin_skip_building_tests' from command line to 'False'
[0.529s] DEBUG:colcon.colcon_core.verb:Building package 'state_estimation' with the following arguments: {'ament_cmake_args': None, 'build_base': '/home/hanjh/F1_TENTH_UNITA/build/state_estimation', 'catkin_cmake_args': None, 'catkin_skip_building_tests': False, 'cmake_args': None, 'cmake_clean_cache': False, 'cmake_clean_first': False, 'cmake_force_configure': False, 'cmake_target': None, 'cmake_target_skip_unavailable': False, 'install_base': '/home/hanjh/F1_TENTH_UNITA/install/state_estimation', 'merge_install': False, 'path': '/home/hanjh/F1_TENTH_UNITA/src/race_stack/state_estimation', 'symlink_install': True, 'test_result_base': None}
[0.529s] Level 5:colcon.colcon_core.verb:set package 'state_machine' build argument 'cmake_args' from command line to 'None'
[0.529s] Level 5:colcon.colcon_core.verb:set package 'state_machine' build argument 'cmake_target' from command line to 'None'
[0.529s] Level 5:colcon.colcon_core.verb:set package 'state_machine' build argument 'cmake_target_skip_unavailable' from command line to 'False'
[0.529s] Level 5:colcon.colcon_core.verb:set package 'state_machine' build argument 'cmake_clean_cache' from command line to 'False'
[0.529s] Level 5:colcon.colcon_core.verb:set package 'state_machine' build argument 'cmake_clean_first' from command line to 'False'
[0.529s] Level 5:colcon.colcon_core.verb:set package 'state_machine' build argument 'cmake_force_configure' from command line to 'False'
[0.529s] Level 5:colcon.colcon_core.verb:set package 'state_machine' build argument 'ament_cmake_args' from command line to 'None'
[0.529s] Level 5:colcon.colcon_core.verb:set package 'state_machine' build argument 'catkin_cmake_args' from command line to 'None'
[0.529s] Level 5:colcon.colcon_core.verb:set package 'state_machine' build argument 'catkin_skip_building_tests' from command line to 'False'
[0.529s] DEBUG:colcon.colcon_core.verb:Building package 'state_machine' with the following arguments: {'ament_cmake_args': None, 'build_base': '/home/hanjh/F1_TENTH_UNITA/build/state_machine', 'catkin_cmake_args': None, 'catkin_skip_building_tests': False, 'cmake_args': None, 'cmake_clean_cache': False, 'cmake_clean_first': False, 'cmake_force_configure': False, 'cmake_target': None, 'cmake_target_skip_unavailable': False, 'install_base': '/home/hanjh/F1_TENTH_UNITA/install/state_machine', 'merge_install': False, 'path': '/home/hanjh/F1_TENTH_UNITA/src/race_stack/state_machine', 'symlink_install': True, 'test_result_base': None}
[0.530s] Level 5:colcon.colcon_core.verb:set package 'steering_lookup' build argument 'cmake_args' from command line to 'None'
[0.530s] Level 5:colcon.colcon_core.verb:set package 'steering_lookup' build argument 'cmake_target' from command line to 'None'
[0.530s] Level 5:colcon.colcon_core.verb:set package 'steering_lookup' build argument 'cmake_target_skip_unavailable' from command line to 'False'
[0.530s] Level 5:colcon.colcon_core.verb:set package 'steering_lookup' build argument 'cmake_clean_cache' from command line to 'False'
[0.530s] Level 5:colcon.colcon_core.verb:set package 'steering_lookup' build argument 'cmake_clean_first' from command line to 'False'
[0.530s] Level 5:colcon.colcon_core.verb:set package 'steering_lookup' build argument 'cmake_force_configure' from command line to 'False'
[0.530s] Level 5:colcon.colcon_core.verb:set package 'steering_lookup' build argument 'ament_cmake_args' from command line to 'None'
[0.530s] Level 5:colcon.colcon_core.verb:set package 'steering_lookup' build argument 'catkin_cmake_args' from command line to 'None'
[0.530s] Level 5:colcon.colcon_core.verb:set package 'steering_lookup' build argument 'catkin_skip_building_tests' from command line to 'False'
[0.530s] DEBUG:colcon.colcon_core.verb:Building package 'steering_lookup' with the following arguments: {'ament_cmake_args': None, 'build_base': '/home/hanjh/F1_TENTH_UNITA/build/steering_lookup', 'catkin_cmake_args': None, 'catkin_skip_building_tests': False, 'cmake_args': None, 'cmake_clean_cache': False, 'cmake_clean_first': False, 'cmake_force_configure': False, 'cmake_target': None, 'cmake_target_skip_unavailable': False, 'install_base': '/home/hanjh/F1_TENTH_UNITA/install/steering_lookup', 'merge_install': False, 'path': '/home/hanjh/F1_TENTH_UNITA/src/race_stack/system_identification/steering_lookup', 'symlink_install': True, 'test_result_base': None}
[0.530s] Level 5:colcon.colcon_core.verb:set package 'teleop_tools_msgs' build argument 'cmake_args' from command line to 'None'
[0.530s] Level 5:colcon.colcon_core.verb:set package 'teleop_tools_msgs' build argument 'cmake_target' from command line to 'None'
[0.530s] Level 5:colcon.colcon_core.verb:set package 'teleop_tools_msgs' build argument 'cmake_target_skip_unavailable' from command line to 'False'
[0.530s] Level 5:colcon.colcon_core.verb:set package 'teleop_tools_msgs' build argument 'cmake_clean_cache' from command line to 'False'
[0.530s] Level 5:colcon.colcon_core.verb:set package 'teleop_tools_msgs' build argument 'cmake_clean_first' from command line to 'False'
[0.530s] Level 5:colcon.colcon_core.verb:set package 'teleop_tools_msgs' build argument 'cmake_force_configure' from command line to 'False'
[0.530s] Level 5:colcon.colcon_core.verb:set package 'teleop_tools_msgs' build argument 'ament_cmake_args' from command line to 'None'
[0.530s] Level 5:colcon.colcon_core.verb:set package 'teleop_tools_msgs' build argument 'catkin_cmake_args' from command line to 'None'
[0.530s] Level 5:colcon.colcon_core.verb:set package 'teleop_tools_msgs' build argument 'catkin_skip_building_tests' from command line to 'False'
[0.530s] DEBUG:colcon.colcon_core.verb:Building package 'teleop_tools_msgs' with the following arguments: {'ament_cmake_args': None, 'build_base': '/home/hanjh/F1_TENTH_UNITA/build/teleop_tools_msgs', 'catkin_cmake_args': None, 'catkin_skip_building_tests': False, 'cmake_args': None, 'cmake_clean_cache': False, 'cmake_clean_first': False, 'cmake_force_configure': False, 'cmake_target': None, 'cmake_target_skip_unavailable': False, 'install_base': '/home/hanjh/F1_TENTH_UNITA/install/teleop_tools_msgs', 'merge_install': False, 'path': '/home/hanjh/F1_TENTH_UNITA/src/race_stack/base_system/f1tenth_system/teleop_tools/teleop_tools_msgs', 'symlink_install': True, 'test_result_base': None}
[0.530s] Level 5:colcon.colcon_core.verb:set package 'vesc_msgs' build argument 'cmake_args' from command line to 'None'
[0.530s] Level 5:colcon.colcon_core.verb:set package 'vesc_msgs' build argument 'cmake_target' from command line to 'None'
[0.531s] Level 5:colcon.colcon_core.verb:set package 'vesc_msgs' build argument 'cmake_target_skip_unavailable' from command line to 'False'
[0.531s] Level 5:colcon.colcon_core.verb:set package 'vesc_msgs' build argument 'cmake_clean_cache' from command line to 'False'
[0.531s] Level 5:colcon.colcon_core.verb:set package 'vesc_msgs' build argument 'cmake_clean_first' from command line to 'False'
[0.531s] Level 5:colcon.colcon_core.verb:set package 'vesc_msgs' build argument 'cmake_force_configure' from command line to 'False'
[0.531s] Level 5:colcon.colcon_core.verb:set package 'vesc_msgs' build argument 'ament_cmake_args' from command line to 'None'
[0.531s] Level 5:colcon.colcon_core.verb:set package 'vesc_msgs' build argument 'catkin_cmake_args' from command line to 'None'
[0.531s] Level 5:colcon.colcon_core.verb:set package 'vesc_msgs' build argument 'catkin_skip_building_tests' from command line to 'False'
[0.531s] DEBUG:colcon.colcon_core.verb:Building package 'vesc_msgs' with the following arguments: {'ament_cmake_args': None, 'build_base': '/home/hanjh/F1_TENTH_UNITA/build/vesc_msgs', 'catkin_cmake_args': None, 'catkin_skip_building_tests': False, 'cmake_args': None, 'cmake_clean_cache': False, 'cmake_clean_first': False, 'cmake_force_configure': False, 'cmake_target': None, 'cmake_target_skip_unavailable': False, 'install_base': '/home/hanjh/F1_TENTH_UNITA/install/vesc_msgs', 'merge_install': False, 'path': '/home/hanjh/F1_TENTH_UNITA/src/race_stack/sensors/vesc/vesc_msgs', 'symlink_install': True, 'test_result_base': None}
[0.531s] Level 5:colcon.colcon_core.verb:set package 'joy_teleop' build argument 'cmake_args' from command line to 'None'
[0.531s] Level 5:colcon.colcon_core.verb:set package 'joy_teleop' build argument 'cmake_target' from command line to 'None'
[0.531s] Level 5:colcon.colcon_core.verb:set package 'joy_teleop' build argument 'cmake_target_skip_unavailable' from command line to 'False'
[0.531s] Level 5:colcon.colcon_core.verb:set package 'joy_teleop' build argument 'cmake_clean_cache' from command line to 'False'
[0.531s] Level 5:colcon.colcon_core.verb:set package 'joy_teleop' build argument 'cmake_clean_first' from command line to 'False'
[0.531s] Level 5:colcon.colcon_core.verb:set package 'joy_teleop' build argument 'cmake_force_configure' from command line to 'False'
[0.531s] Level 5:colcon.colcon_core.verb:set package 'joy_teleop' build argument 'ament_cmake_args' from command line to 'None'
[0.531s] Level 5:colcon.colcon_core.verb:set package 'joy_teleop' build argument 'catkin_cmake_args' from command line to 'None'
[0.531s] Level 5:colcon.colcon_core.verb:set package 'joy_teleop' build argument 'catkin_skip_building_tests' from command line to 'False'
[0.531s] DEBUG:colcon.colcon_core.verb:Building package 'joy_teleop' with the following arguments: {'ament_cmake_args': None, 'build_base': '/home/hanjh/F1_TENTH_UNITA/build/joy_teleop', 'catkin_cmake_args': None, 'catkin_skip_building_tests': False, 'cmake_args': None, 'cmake_clean_cache': False, 'cmake_clean_first': False, 'cmake_force_configure': False, 'cmake_target': None, 'cmake_target_skip_unavailable': False, 'install_base': '/home/hanjh/F1_TENTH_UNITA/install/joy_teleop', 'merge_install': False, 'path': '/home/hanjh/F1_TENTH_UNITA/src/race_stack/base_system/f1tenth_system/teleop_tools/joy_teleop', 'symlink_install': True, 'test_result_base': None}
[0.531s] Level 5:colcon.colcon_core.verb:set package 'map_editor' build argument 'cmake_args' from command line to 'None'
[0.531s] Level 5:colcon.colcon_core.verb:set package 'map_editor' build argument 'cmake_target' from command line to 'None'
[0.531s] Level 5:colcon.colcon_core.verb:set package 'map_editor' build argument 'cmake_target_skip_unavailable' from command line to 'False'
[0.532s] Level 5:colcon.colcon_core.verb:set package 'map_editor' build argument 'cmake_clean_cache' from command line to 'False'
[0.532s] Level 5:colcon.colcon_core.verb:set package 'map_editor' build argument 'cmake_clean_first' from command line to 'False'
[0.532s] Level 5:colcon.colcon_core.verb:set package 'map_editor' build argument 'cmake_force_configure' from command line to 'False'
[0.532s] Level 5:colcon.colcon_core.verb:set package 'map_editor' build argument 'ament_cmake_args' from command line to 'None'
[0.532s] Level 5:colcon.colcon_core.verb:set package 'map_editor' build argument 'catkin_cmake_args' from command line to 'None'
[0.532s] Level 5:colcon.colcon_core.verb:set package 'map_editor' build argument 'catkin_skip_building_tests' from command line to 'False'
[0.532s] DEBUG:colcon.colcon_core.verb:Building package 'map_editor' with the following arguments: {'ament_cmake_args': None, 'build_base': '/home/hanjh/F1_TENTH_UNITA/build/map_editor', 'catkin_cmake_args': None, 'catkin_skip_building_tests': False, 'cmake_args': None, 'cmake_clean_cache': False, 'cmake_clean_first': False, 'cmake_force_configure': False, 'cmake_target': None, 'cmake_target_skip_unavailable': False, 'install_base': '/home/hanjh/F1_TENTH_UNITA/install/map_editor', 'merge_install': False, 'path': '/home/hanjh/F1_TENTH_UNITA/src/race_stack/utilities/nodes/map_editor', 'symlink_install': True, 'test_result_base': None}
[0.532s] Level 5:colcon.colcon_core.verb:set package 'slam_tuner' build argument 'cmake_args' from command line to 'None'
[0.532s] Level 5:colcon.colcon_core.verb:set package 'slam_tuner' build argument 'cmake_target' from command line to 'None'
[0.532s] Level 5:colcon.colcon_core.verb:set package 'slam_tuner' build argument 'cmake_target_skip_unavailable' from command line to 'False'
[0.532s] Level 5:colcon.colcon_core.verb:set package 'slam_tuner' build argument 'cmake_clean_cache' from command line to 'False'
[0.532s] Level 5:colcon.colcon_core.verb:set package 'slam_tuner' build argument 'cmake_clean_first' from command line to 'False'
[0.532s] Level 5:colcon.colcon_core.verb:set package 'slam_tuner' build argument 'cmake_force_configure' from command line to 'False'
[0.532s] Level 5:colcon.colcon_core.verb:set package 'slam_tuner' build argument 'ament_cmake_args' from command line to 'None'
[0.532s] Level 5:colcon.colcon_core.verb:set package 'slam_tuner' build argument 'catkin_cmake_args' from command line to 'None'
[0.532s] Level 5:colcon.colcon_core.verb:set package 'slam_tuner' build argument 'catkin_skip_building_tests' from command line to 'False'
[0.532s] DEBUG:colcon.colcon_core.verb:Building package 'slam_tuner' with the following arguments: {'ament_cmake_args': None, 'build_base': '/home/hanjh/F1_TENTH_UNITA/build/slam_tuner', 'catkin_cmake_args': None, 'catkin_skip_building_tests': False, 'cmake_args': None, 'cmake_clean_cache': False, 'cmake_clean_first': False, 'cmake_force_configure': False, 'cmake_target': None, 'cmake_target_skip_unavailable': False, 'install_base': '/home/hanjh/F1_TENTH_UNITA/install/slam_tuner', 'merge_install': False, 'path': '/home/hanjh/F1_TENTH_UNITA/src/race_stack/utilities/nodes/slam_tuner', 'symlink_install': True, 'test_result_base': None}
[0.532s] Level 5:colcon.colcon_core.verb:set package 'spline_planner' build argument 'cmake_args' from command line to 'None'
[0.532s] Level 5:colcon.colcon_core.verb:set package 'spline_planner' build argument 'cmake_target' from command line to 'None'
[0.532s] Level 5:colcon.colcon_core.verb:set package 'spline_planner' build argument 'cmake_target_skip_unavailable' from command line to 'False'
[0.532s] Level 5:colcon.colcon_core.verb:set package 'spline_planner' build argument 'cmake_clean_cache' from command line to 'False'
[0.533s] Level 5:colcon.colcon_core.verb:set package 'spline_planner' build argument 'cmake_clean_first' from command line to 'False'
[0.533s] Level 5:colcon.colcon_core.verb:set package 'spline_planner' build argument 'cmake_force_configure' from command line to 'False'
[0.533s] Level 5:colcon.colcon_core.verb:set package 'spline_planner' build argument 'ament_cmake_args' from command line to 'None'
[0.533s] Level 5:colcon.colcon_core.verb:set package 'spline_planner' build argument 'catkin_cmake_args' from command line to 'None'
[0.533s] Level 5:colcon.colcon_core.verb:set package 'spline_planner' build argument 'catkin_skip_building_tests' from command line to 'False'
[0.533s] DEBUG:colcon.colcon_core.verb:Building package 'spline_planner' with the following arguments: {'ament_cmake_args': None, 'build_base': '/home/hanjh/F1_TENTH_UNITA/build/spline_planner', 'catkin_cmake_args': None, 'catkin_skip_building_tests': False, 'cmake_args': None, 'cmake_clean_cache': False, 'cmake_clean_first': False, 'cmake_force_configure': False, 'cmake_target': None, 'cmake_target_skip_unavailable': False, 'install_base': '/home/hanjh/F1_TENTH_UNITA/install/spline_planner', 'merge_install': False, 'path': '/home/hanjh/F1_TENTH_UNITA/src/race_stack/planner/local_planners/spline_planner', 'symlink_install': True, 'test_result_base': None}
[0.533s] Level 5:colcon.colcon_core.verb:set package 'vesc_ackermann' build argument 'cmake_args' from command line to 'None'
[0.533s] Level 5:colcon.colcon_core.verb:set package 'vesc_ackermann' build argument 'cmake_target' from command line to 'None'
[0.533s] Level 5:colcon.colcon_core.verb:set package 'vesc_ackermann' build argument 'cmake_target_skip_unavailable' from command line to 'False'
[0.533s] Level 5:colcon.colcon_core.verb:set package 'vesc_ackermann' build argument 'cmake_clean_cache' from command line to 'False'
[0.533s] Level 5:colcon.colcon_core.verb:set package 'vesc_ackermann' build argument 'cmake_clean_first' from command line to 'False'
[0.533s] Level 5:colcon.colcon_core.verb:set package 'vesc_ackermann' build argument 'cmake_force_configure' from command line to 'False'
[0.533s] Level 5:colcon.colcon_core.verb:set package 'vesc_ackermann' build argument 'ament_cmake_args' from command line to 'None'
[0.533s] Level 5:colcon.colcon_core.verb:set package 'vesc_ackermann' build argument 'catkin_cmake_args' from command line to 'None'
[0.533s] Level 5:colcon.colcon_core.verb:set package 'vesc_ackermann' build argument 'catkin_skip_building_tests' from command line to 'False'
[0.533s] DEBUG:colcon.colcon_core.verb:Building package 'vesc_ackermann' with the following arguments: {'ament_cmake_args': None, 'build_base': '/home/hanjh/F1_TENTH_UNITA/build/vesc_ackermann', 'catkin_cmake_args': None, 'catkin_skip_building_tests': False, 'cmake_args': None, 'cmake_clean_cache': False, 'cmake_clean_first': False, 'cmake_force_configure': False, 'cmake_target': None, 'cmake_target_skip_unavailable': False, 'install_base': '/home/hanjh/F1_TENTH_UNITA/install/vesc_ackermann', 'merge_install': False, 'path': '/home/hanjh/F1_TENTH_UNITA/src/race_stack/sensors/vesc/vesc_ackermann', 'symlink_install': True, 'test_result_base': None}
[0.533s] Level 5:colcon.colcon_core.verb:set package 'vesc_driver' build argument 'cmake_args' from command line to 'None'
[0.533s] Level 5:colcon.colcon_core.verb:set package 'vesc_driver' build argument 'cmake_target' from command line to 'None'
[0.533s] Level 5:colcon.colcon_core.verb:set package 'vesc_driver' build argument 'cmake_target_skip_unavailable' from command line to 'False'
[0.533s] Level 5:colcon.colcon_core.verb:set package 'vesc_driver' build argument 'cmake_clean_cache' from command line to 'False'
[0.533s] Level 5:colcon.colcon_core.verb:set package 'vesc_driver' build argument 'cmake_clean_first' from command line to 'False'
[0.533s] Level 5:colcon.colcon_core.verb:set package 'vesc_driver' build argument 'cmake_force_configure' from command line to 'False'
[0.534s] Level 5:colcon.colcon_core.verb:set package 'vesc_driver' build argument 'ament_cmake_args' from command line to 'None'
[0.534s] Level 5:colcon.colcon_core.verb:set package 'vesc_driver' build argument 'catkin_cmake_args' from command line to 'None'
[0.534s] Level 5:colcon.colcon_core.verb:set package 'vesc_driver' build argument 'catkin_skip_building_tests' from command line to 'False'
[0.534s] DEBUG:colcon.colcon_core.verb:Building package 'vesc_driver' with the following arguments: {'ament_cmake_args': None, 'build_base': '/home/hanjh/F1_TENTH_UNITA/build/vesc_driver', 'catkin_cmake_args': None, 'catkin_skip_building_tests': False, 'cmake_args': None, 'cmake_clean_cache': False, 'cmake_clean_first': False, 'cmake_force_configure': False, 'cmake_target': None, 'cmake_target_skip_unavailable': False, 'install_base': '/home/hanjh/F1_TENTH_UNITA/install/vesc_driver', 'merge_install': False, 'path': '/home/hanjh/F1_TENTH_UNITA/src/race_stack/sensors/vesc/vesc_driver', 'symlink_install': True, 'test_result_base': None}
[0.534s] Level 5:colcon.colcon_core.verb:set package 'teleop_tools' build argument 'cmake_args' from command line to 'None'
[0.534s] Level 5:colcon.colcon_core.verb:set package 'teleop_tools' build argument 'cmake_target' from command line to 'None'
[0.534s] Level 5:colcon.colcon_core.verb:set package 'teleop_tools' build argument 'cmake_target_skip_unavailable' from command line to 'False'
[0.534s] Level 5:colcon.colcon_core.verb:set package 'teleop_tools' build argument 'cmake_clean_cache' from command line to 'False'
[0.534s] Level 5:colcon.colcon_core.verb:set package 'teleop_tools' build argument 'cmake_clean_first' from command line to 'False'
[0.534s] Level 5:colcon.colcon_core.verb:set package 'teleop_tools' build argument 'cmake_force_configure' from command line to 'False'
[0.534s] Level 5:colcon.colcon_core.verb:set package 'teleop_tools' build argument 'ament_cmake_args' from command line to 'None'
[0.534s] Level 5:colcon.colcon_core.verb:set package 'teleop_tools' build argument 'catkin_cmake_args' from command line to 'None'
[0.534s] Level 5:colcon.colcon_core.verb:set package 'teleop_tools' build argument 'catkin_skip_building_tests' from command line to 'False'
[0.534s] DEBUG:colcon.colcon_core.verb:Building package 'teleop_tools' with the following arguments: {'ament_cmake_args': None, 'build_base': '/home/hanjh/F1_TENTH_UNITA/build/teleop_tools', 'catkin_cmake_args': None, 'catkin_skip_building_tests': False, 'cmake_args': None, 'cmake_clean_cache': False, 'cmake_clean_first': False, 'cmake_force_configure': False, 'cmake_target': None, 'cmake_target_skip_unavailable': False, 'install_base': '/home/hanjh/F1_TENTH_UNITA/install/teleop_tools', 'merge_install': False, 'path': '/home/hanjh/F1_TENTH_UNITA/src/race_stack/base_system/f1tenth_system/teleop_tools/teleop_tools', 'symlink_install': True, 'test_result_base': None}
[0.534s] Level 5:colcon.colcon_core.verb:set package 'vesc' build argument 'cmake_args' from command line to 'None'
[0.534s] Level 5:colcon.colcon_core.verb:set package 'vesc' build argument 'cmake_target' from command line to 'None'
[0.534s] Level 5:colcon.colcon_core.verb:set package 'vesc' build argument 'cmake_target_skip_unavailable' from command line to 'False'
[0.534s] Level 5:colcon.colcon_core.verb:set package 'vesc' build argument 'cmake_clean_cache' from command line to 'False'
[0.534s] Level 5:colcon.colcon_core.verb:set package 'vesc' build argument 'cmake_clean_first' from command line to 'False'
[0.534s] Level 5:colcon.colcon_core.verb:set package 'vesc' build argument 'cmake_force_configure' from command line to 'False'
[0.534s] Level 5:colcon.colcon_core.verb:set package 'vesc' build argument 'ament_cmake_args' from command line to 'None'
[0.535s] Level 5:colcon.colcon_core.verb:set package 'vesc' build argument 'catkin_cmake_args' from command line to 'None'
[0.535s] Level 5:colcon.colcon_core.verb:set package 'vesc' build argument 'catkin_skip_building_tests' from command line to 'False'
[0.535s] DEBUG:colcon.colcon_core.verb:Building package 'vesc' with the following arguments: {'ament_cmake_args': None, 'build_base': '/home/hanjh/F1_TENTH_UNITA/build/vesc', 'catkin_cmake_args': None, 'catkin_skip_building_tests': False, 'cmake_args': None, 'cmake_clean_cache': False, 'cmake_clean_first': False, 'cmake_force_configure': False, 'cmake_target': None, 'cmake_target_skip_unavailable': False, 'install_base': '/home/hanjh/F1_TENTH_UNITA/install/vesc', 'merge_install': False, 'path': '/home/hanjh/F1_TENTH_UNITA/src/race_stack/sensors/vesc/vesc', 'symlink_install': True, 'test_result_base': None}
[0.535s] Level 5:colcon.colcon_core.verb:set package 'f1tenth_stack' build argument 'cmake_args' from command line to 'None'
[0.535s] Level 5:colcon.colcon_core.verb:set package 'f1tenth_stack' build argument 'cmake_target' from command line to 'None'
[0.535s] Level 5:colcon.colcon_core.verb:set package 'f1tenth_stack' build argument 'cmake_target_skip_unavailable' from command line to 'False'
[0.535s] Level 5:colcon.colcon_core.verb:set package 'f1tenth_stack' build argument 'cmake_clean_cache' from command line to 'False'
[0.535s] Level 5:colcon.colcon_core.verb:set package 'f1tenth_stack' build argument 'cmake_clean_first' from command line to 'False'
[0.535s] Level 5:colcon.colcon_core.verb:set package 'f1tenth_stack' build argument 'cmake_force_configure' from command line to 'False'
[0.535s] Level 5:colcon.colcon_core.verb:set package 'f1tenth_stack' build argument 'ament_cmake_args' from command line to 'None'
[0.535s] Level 5:colcon.colcon_core.verb:set package 'f1tenth_stack' build argument 'catkin_cmake_args' from command line to 'None'
[0.535s] Level 5:colcon.colcon_core.verb:set package 'f1tenth_stack' build argument 'catkin_skip_building_tests' from command line to 'False'
[0.535s] DEBUG:colcon.colcon_core.verb:Building package 'f1tenth_stack' with the following arguments: {'ament_cmake_args': None, 'build_base': '/home/hanjh/F1_TENTH_UNITA/build/f1tenth_stack', 'catkin_cmake_args': None, 'catkin_skip_building_tests': False, 'cmake_args': None, 'cmake_clean_cache': False, 'cmake_clean_first': False, 'cmake_force_configure': False, 'cmake_target': None, 'cmake_target_skip_unavailable': False, 'install_base': '/home/hanjh/F1_TENTH_UNITA/install/f1tenth_stack', 'merge_install': False, 'path': '/home/hanjh/F1_TENTH_UNITA/src/race_stack/base_system/f1tenth_system/f1tenth_stack', 'symlink_install': True, 'test_result_base': None}
[0.535s] INFO:colcon.colcon_core.executor:Executing jobs using 'parallel' executor
[0.536s] DEBUG:colcon.colcon_parallel_executor.executor.parallel:run_until_complete
[0.537s] INFO:colcon.colcon_ros.task.ament_cmake.build:Building ROS package in '/home/hanjh/F1_TENTH_UNITA/src/race_stack/sensors/vesc/vesc_msgs' with build type 'ament_cmake'
[0.537s] INFO:colcon.colcon_cmake.task.cmake.build:Building CMake package in '/home/hanjh/F1_TENTH_UNITA/src/race_stack/sensors/vesc/vesc_msgs'
[0.542s] INFO:colcon.colcon_core.plugin_system:Skipping extension 'colcon_core.shell.bat': Not used on non-Windows systems
[0.542s] INFO:colcon.colcon_core.shell:Skip shell extension 'powershell' for command environment: Not usable outside of PowerShell
[0.542s] DEBUG:colcon.colcon_core.shell:Skip shell extension 'dsv' for command environment
[0.549s] INFO:colcon.colcon_ros.task.ament_cmake.build:Building ROS package in '/home/hanjh/F1_TENTH_UNITA/src/race_stack/base_system/f1tenth_system/teleop_tools/teleop_tools_msgs' with build type 'ament_cmake'
[0.549s] INFO:colcon.colcon_cmake.task.cmake.build:Building CMake package in '/home/hanjh/F1_TENTH_UNITA/src/race_stack/base_system/f1tenth_system/teleop_tools/teleop_tools_msgs'
[0.549s] INFO:colcon.colcon_core.shell:Skip shell extension 'powershell' for command environment: Not usable outside of PowerShell
[0.549s] DEBUG:colcon.colcon_core.shell:Skip shell extension 'dsv' for command environment
[0.555s] INFO:colcon.colcon_ros.task.ament_cmake.build:Building ROS package in '/home/hanjh/F1_TENTH_UNITA/src/race_stack/base_system/f1tenth_system/ackermann_mux' with build type 'ament_cmake'
[0.555s] INFO:colcon.colcon_cmake.task.cmake.build:Building CMake package in '/home/hanjh/F1_TENTH_UNITA/src/race_stack/base_system/f1tenth_system/ackermann_mux'
[0.556s] INFO:colcon.colcon_core.shell:Skip shell extension 'powershell' for command environment: Not usable outside of PowerShell
[0.556s] DEBUG:colcon.colcon_core.shell:Skip shell extension 'dsv' for command environment
[0.564s] INFO:colcon.colcon_ros.task.ament_cmake.build:Building ROS package in '/home/hanjh/F1_TENTH_UNITA/src/race_stack/utilities/libraries/f110_msgs' with build type 'ament_cmake'
[0.564s] INFO:colcon.colcon_cmake.task.cmake.build:Building CMake package in '/home/hanjh/F1_TENTH_UNITA/src/race_stack/utilities/libraries/f110_msgs'
[0.564s] INFO:colcon.colcon_core.shell:Skip shell extension 'powershell' for command environment: Not usable outside of PowerShell
[0.564s] DEBUG:colcon.colcon_core.shell:Skip shell extension 'dsv' for command environment
[0.570s] INFO:colcon.colcon_ros.task.ament_python.build:Building ROS package in '/home/hanjh/F1_TENTH_UNITA/src/race_stack/utilities/libraries/frenet_conversion' with build type 'ament_python'
[0.571s] Level 1:colcon.colcon_core.shell:create_environment_hook('frenet_conversion', 'ament_prefix_path')
[0.571s] INFO:colcon.colcon_core.shell:Creating environment hook '/home/hanjh/F1_TENTH_UNITA/install/frenet_conversion/share/frenet_conversion/hook/ament_prefix_path.ps1'
[0.572s] INFO:colcon.colcon_core.shell:Creating environment descriptor '/home/hanjh/F1_TENTH_UNITA/install/frenet_conversion/share/frenet_conversion/hook/ament_prefix_path.dsv'
[0.572s] INFO:colcon.colcon_core.shell:Creating environment hook '/home/hanjh/F1_TENTH_UNITA/install/frenet_conversion/share/frenet_conversion/hook/ament_prefix_path.sh'
[0.573s] INFO:colcon.colcon_core.shell:Skip shell extension 'powershell' for command environment: Not usable outside of PowerShell
[0.573s] DEBUG:colcon.colcon_core.shell:Skip shell extension 'dsv' for command environment
[0.579s] INFO:colcon.colcon_ros.task.ament_python.build:Building ROS package in '/home/hanjh/F1_TENTH_UNITA/src/race_stack/planner/global_planner' with build type 'ament_python'
[0.579s] Level 1:colcon.colcon_core.shell:create_environment_hook('global_planner', 'ament_prefix_path')
[0.579s] INFO:colcon.colcon_core.shell:Creating environment hook '/home/hanjh/F1_TENTH_UNITA/install/global_planner/share/global_planner/hook/ament_prefix_path.ps1'
[0.580s] INFO:colcon.colcon_core.shell:Creating environment descriptor '/home/hanjh/F1_TENTH_UNITA/install/global_planner/share/global_planner/hook/ament_prefix_path.dsv'
[0.580s] INFO:colcon.colcon_core.shell:Creating environment hook '/home/hanjh/F1_TENTH_UNITA/install/global_planner/share/global_planner/hook/ament_prefix_path.sh'
[0.581s] INFO:colcon.colcon_core.shell:Skip shell extension 'powershell' for command environment: Not usable outside of PowerShell
[0.581s] DEBUG:colcon.colcon_core.shell:Skip shell extension 'dsv' for command environment
[0.587s] INFO:colcon.colcon_ros.task.ament_python.build:Building ROS package in '/home/hanjh/F1_TENTH_UNITA/src/race_stack/base_system/f1tenth_system/teleop_tools/key_teleop' with build type 'ament_python'
[0.587s] Level 1:colcon.colcon_core.shell:create_environment_hook('key_teleop', 'ament_prefix_path')
[0.587s] INFO:colcon.colcon_core.shell:Creating environment hook '/home/hanjh/F1_TENTH_UNITA/install/key_teleop/share/key_teleop/hook/ament_prefix_path.ps1'
[0.588s] INFO:colcon.colcon_core.shell:Creating environment descriptor '/home/hanjh/F1_TENTH_UNITA/install/key_teleop/share/key_teleop/hook/ament_prefix_path.dsv'
[0.589s] INFO:colcon.colcon_core.shell:Creating environment hook '/home/hanjh/F1_TENTH_UNITA/install/key_teleop/share/key_teleop/hook/ament_prefix_path.sh'
[0.590s] INFO:colcon.colcon_core.shell:Skip shell extension 'powershell' for command environment: Not usable outside of PowerShell
[0.590s] DEBUG:colcon.colcon_core.shell:Skip shell extension 'dsv' for command environment
[0.597s] INFO:colcon.colcon_ros.task.ament_python.build:Building ROS package in '/home/hanjh/F1_TENTH_UNITA/src/race_stack/stack_master' with build type 'ament_python'
[0.597s] Level 1:colcon.colcon_core.shell:create_environment_hook('stack_master', 'ament_prefix_path')
[0.597s] INFO:colcon.colcon_core.shell:Creating environment hook '/home/hanjh/F1_TENTH_UNITA/install/stack_master/share/stack_master/hook/ament_prefix_path.ps1'
[0.598s] INFO:colcon.colcon_core.shell:Creating environment descriptor '/home/hanjh/F1_TENTH_UNITA/install/stack_master/share/stack_master/hook/ament_prefix_path.dsv'
[0.598s] INFO:colcon.colcon_core.shell:Creating environment hook '/home/hanjh/F1_TENTH_UNITA/install/stack_master/share/stack_master/hook/ament_prefix_path.sh'
[0.599s] INFO:colcon.colcon_core.shell:Skip shell extension 'powershell' for command environment: Not usable outside of PowerShell
[0.599s] DEBUG:colcon.colcon_core.shell:Skip shell extension 'dsv' for command environment
[0.606s] INFO:colcon.colcon_ros.task.ament_python.build:Building ROS package in '/home/hanjh/F1_TENTH_UNITA/src/race_stack/state_estimation' with build type 'ament_python'
[0.606s] Level 1:colcon.colcon_core.shell:create_environment_hook('state_estimation', 'ament_prefix_path')
[0.606s] INFO:colcon.colcon_core.shell:Creating environment hook '/home/hanjh/F1_TENTH_UNITA/install/state_estimation/share/state_estimation/hook/ament_prefix_path.ps1'
[0.607s] INFO:colcon.colcon_core.shell:Creating environment descriptor '/home/hanjh/F1_TENTH_UNITA/install/state_estimation/share/state_estimation/hook/ament_prefix_path.dsv'
[0.607s] INFO:colcon.colcon_core.shell:Creating environment hook '/home/hanjh/F1_TENTH_UNITA/install/state_estimation/share/state_estimation/hook/ament_prefix_path.sh'
[0.607s] INFO:colcon.colcon_core.shell:Skip shell extension 'powershell' for command environment: Not usable outside of PowerShell
[0.607s] DEBUG:colcon.colcon_core.shell:Skip shell extension 'dsv' for command environment
[0.613s] INFO:colcon.colcon_ros.task.ament_python.build:Building ROS package in '/home/hanjh/F1_TENTH_UNITA/src/race_stack/controller' with build type 'ament_python'
[0.614s] Level 1:colcon.colcon_core.shell:create_environment_hook('controller', 'ament_prefix_path')
[0.614s] INFO:colcon.colcon_core.shell:Creating environment hook '/home/hanjh/F1_TENTH_UNITA/install/controller/share/controller/hook/ament_prefix_path.ps1'
[0.615s] INFO:colcon.colcon_core.shell:Creating environment descriptor '/home/hanjh/F1_TENTH_UNITA/install/controller/share/controller/hook/ament_prefix_path.dsv'
[0.615s] INFO:colcon.colcon_core.shell:Creating environment hook '/home/hanjh/F1_TENTH_UNITA/install/controller/share/controller/hook/ament_prefix_path.sh'
[0.615s] INFO:colcon.colcon_core.shell:Skip shell extension 'powershell' for command environment: Not usable outside of PowerShell
[0.615s] DEBUG:colcon.colcon_core.shell:Skip shell extension 'dsv' for command environment
[0.622s] INFO:colcon.colcon_ros.task.ament_python.build:Building ROS package in '/home/hanjh/F1_TENTH_UNITA/src/race_stack/base_system/f110_simulator/f1tenth_gym_ros' with build type 'ament_python'
[0.622s] Level 1:colcon.colcon_core.shell:create_environment_hook('f1tenth_gym_ros', 'ament_prefix_path')
[0.622s] INFO:colcon.colcon_core.shell:Creating environment hook '/home/hanjh/F1_TENTH_UNITA/install/f1tenth_gym_ros/share/f1tenth_gym_ros/hook/ament_prefix_path.ps1'
[0.623s] INFO:colcon.colcon_core.shell:Creating environment descriptor '/home/hanjh/F1_TENTH_UNITA/install/f1tenth_gym_ros/share/f1tenth_gym_ros/hook/ament_prefix_path.dsv'
[0.623s] INFO:colcon.colcon_core.shell:Creating environment hook '/home/hanjh/F1_TENTH_UNITA/install/f1tenth_gym_ros/share/f1tenth_gym_ros/hook/ament_prefix_path.sh'
[0.624s] INFO:colcon.colcon_core.shell:Skip shell extension 'powershell' for command environment: Not usable outside of PowerShell
[0.624s] DEBUG:colcon.colcon_core.shell:Skip shell extension 'dsv' for command environment
[0.630s] INFO:colcon.colcon_ros.task.ament_python.build:Building ROS package in '/home/hanjh/F1_TENTH_UNITA/src/race_stack/utilities/nodes/frenet_odom_republisher' with build type 'ament_python'
[0.630s] Level 1:colcon.colcon_core.shell:create_environment_hook('frenet_odom_republisher', 'ament_prefix_path')
[0.630s] INFO:colcon.colcon_core.shell:Creating environment hook '/home/hanjh/F1_TENTH_UNITA/install/frenet_odom_republisher/share/frenet_odom_republisher/hook/ament_prefix_path.ps1'
[0.631s] INFO:colcon.colcon_core.shell:Creating environment descriptor '/home/hanjh/F1_TENTH_UNITA/install/frenet_odom_republisher/share/frenet_odom_republisher/hook/ament_prefix_path.dsv'
[0.631s] INFO:colcon.colcon_core.shell:Creating environment hook '/home/hanjh/F1_TENTH_UNITA/install/frenet_odom_republisher/share/frenet_odom_republisher/hook/ament_prefix_path.sh'
[0.632s] INFO:colcon.colcon_core.shell:Skip shell extension 'powershell' for command environment: Not usable outside of PowerShell
[0.632s] DEBUG:colcon.colcon_core.shell:Skip shell extension 'dsv' for command environment
[0.638s] INFO:colcon.colcon_ros.task.ament_python.build:Building ROS package in '/home/hanjh/F1_TENTH_UNITA/src/race_stack/system_identification/nodes/id_controller' with build type 'ament_python'
[0.638s] Level 1:colcon.colcon_core.shell:create_environment_hook('id_controller', 'ament_prefix_path')
[0.639s] INFO:colcon.colcon_core.shell:Creating environment hook '/home/hanjh/F1_TENTH_UNITA/install/id_controller/share/id_controller/hook/ament_prefix_path.ps1'
[0.639s] INFO:colcon.colcon_core.shell:Creating environment descriptor '/home/hanjh/F1_TENTH_UNITA/install/id_controller/share/id_controller/hook/ament_prefix_path.dsv'
[0.640s] INFO:colcon.colcon_core.shell:Creating environment hook '/home/hanjh/F1_TENTH_UNITA/install/id_controller/share/id_controller/hook/ament_prefix_path.sh'
[0.640s] INFO:colcon.colcon_core.shell:Skip shell extension 'powershell' for command environment: Not usable outside of PowerShell
[0.640s] DEBUG:colcon.colcon_core.shell:Skip shell extension 'dsv' for command environment
[0.646s] INFO:colcon.colcon_ros.task.ament_python.build:Building ROS package in '/home/hanjh/F1_TENTH_UNITA/src/race_stack/utilities/nodes/lap_analyser' with build type 'ament_python'
[0.647s] Level 1:colcon.colcon_core.shell:create_environment_hook('lap_analyser', 'ament_prefix_path')
[0.647s] INFO:colcon.colcon_core.shell:Creating environment hook '/home/hanjh/F1_TENTH_UNITA/install/lap_analyser/share/lap_analyser/hook/ament_prefix_path.ps1'
[0.647s] INFO:colcon.colcon_core.shell:Creating environment descriptor '/home/hanjh/F1_TENTH_UNITA/install/lap_analyser/share/lap_analyser/hook/ament_prefix_path.dsv'
[0.648s] INFO:colcon.colcon_core.shell:Creating environment hook '/home/hanjh/F1_TENTH_UNITA/install/lap_analyser/share/lap_analyser/hook/ament_prefix_path.sh'
[0.648s] INFO:colcon.colcon_core.shell:Skip shell extension 'powershell' for command environment: Not usable outside of PowerShell
[0.648s] DEBUG:colcon.colcon_core.shell:Skip shell extension 'dsv' for command environment
[0.655s] INFO:colcon.colcon_ros.task.ament_python.build:Building ROS package in '/home/hanjh/F1_TENTH_UNITA/src/race_stack/base_system/f1tenth_system/teleop_tools/mouse_teleop' with build type 'ament_python'
[0.655s] Level 1:colcon.colcon_core.shell:create_environment_hook('mouse_teleop', 'ament_prefix_path')
[0.655s] INFO:colcon.colcon_core.shell:Creating environment hook '/home/hanjh/F1_TENTH_UNITA/install/mouse_teleop/share/mouse_teleop/hook/ament_prefix_path.ps1'
[0.656s] INFO:colcon.colcon_core.shell:Creating environment descriptor '/home/hanjh/F1_TENTH_UNITA/install/mouse_teleop/share/mouse_teleop/hook/ament_prefix_path.dsv'
[0.656s] INFO:colcon.colcon_core.shell:Creating environment hook '/home/hanjh/F1_TENTH_UNITA/install/mouse_teleop/share/mouse_teleop/hook/ament_prefix_path.sh'
[0.656s] INFO:colcon.colcon_core.shell:Skip shell extension 'powershell' for command environment: Not usable outside of PowerShell
[0.657s] DEBUG:colcon.colcon_core.shell:Skip shell extension 'dsv' for command environment
[0.663s] INFO:colcon.colcon_ros.task.ament_python.build:Building ROS package in '/home/hanjh/F1_TENTH_UNITA/src/race_stack/utilities/nodes/opponent_publisher' with build type 'ament_python'
[0.663s] Level 1:colcon.colcon_core.shell:create_environment_hook('opponent_publisher', 'ament_prefix_path')
[0.663s] INFO:colcon.colcon_core.shell:Creating environment hook '/home/hanjh/F1_TENTH_UNITA/install/opponent_publisher/share/opponent_publisher/hook/ament_prefix_path.ps1'
[0.664s] INFO:colcon.colcon_core.shell:Creating environment descriptor '/home/hanjh/F1_TENTH_UNITA/install/opponent_publisher/share/opponent_publisher/hook/ament_prefix_path.dsv'
[0.665s] INFO:colcon.colcon_core.shell:Creating environment hook '/home/hanjh/F1_TENTH_UNITA/install/opponent_publisher/share/opponent_publisher/hook/ament_prefix_path.sh'
[0.666s] INFO:colcon.colcon_core.shell:Skip shell extension 'powershell' for command environment: Not usable outside of PowerShell
[0.666s] DEBUG:colcon.colcon_core.shell:Skip shell extension 'dsv' for command environment
[0.683s] DEBUG:colcon.colcon_core.event_handler.log_command:Invoking command in '/home/hanjh/F1_TENTH_UNITA/build/vesc_msgs': CMAKE_PREFIX_PATH=${CMAKE_PREFIX_PATH}:/home/hanjh/F1_TENTH_UNITA/install/f1tenth_stack:/home/hanjh/F1_TENTH_UNITA/install/joy_teleop:/home/hanjh/F1_TENTH_UNITA/install/steering_lookup:/home/hanjh/F1_TENTH_UNITA/install/state_machine:/home/hanjh/F1_TENTH_UNITA/install/slam_tuner:/home/hanjh/F1_TENTH_UNITA/install/state_estimation:/home/hanjh/F1_TENTH_UNITA/install/map_editor:/home/hanjh/F1_TENTH_UNITA/install/stack_master:/home/hanjh/F1_TENTH_UNITA/install/spline_planner:/home/hanjh/F1_TENTH_UNITA/install/sector_tuner:/home/hanjh/F1_TENTH_UNITA/install/perception:/home/hanjh/F1_TENTH_UNITA/install/opponent_publisher:/home/hanjh/F1_TENTH_UNITA/install/mouse_teleop:/home/hanjh/F1_TENTH_UNITA/install/lap_analyser:/home/hanjh/F1_TENTH_UNITA/install/key_teleop:/home/hanjh/F1_TENTH_UNITA/install/id_controller:/home/hanjh/F1_TENTH_UNITA/install/global_planner:/home/hanjh/F1_TENTH_UNITA/install/frenet_odom_republisher:/home/hanjh/F1_TENTH_UNITA/install/frenet_conversion:/home/hanjh/F1_TENTH_UNITA/install/f1tenth_gym_ros:/home/hanjh/F1_TENTH_UNITA/install/controller:/home/hanjh/ros2_ws/install/tutorial_topic:/home/hanjh/ros2_ws/install/tutorial_service:/home/hanjh/ros2_ws/install/tutorial_action:/home/hanjh/ros2_ws/install/node_exercise:/home/hanjh/ros2_ws/install/my_package:/home/hanjh/ros2_ws/install/moving_services:/home/hanjh/ros2_ws/install/logger_test:/home/hanjh/ros2_ws/install/elevator_vision:/home/hanjh/ros2_ws/install/ebimu_pkg:/home/hanjh/ros2_ws/install/debug_pkg:/home/hanjh/ros2_ws/install/custom_interface_example:/home/hanjh/ros2_ws/install/camera_perception_pkg:/opt/ros/humble /usr/bin/cmake --build /home/hanjh/F1_TENTH_UNITA/build/vesc_msgs -- -j16 -l16
[0.688s] DEBUG:colcon.colcon_core.event_handler.log_command:Invoking command in '/home/hanjh/F1_TENTH_UNITA/build/teleop_tools_msgs': CMAKE_PREFIX_PATH=${CMAKE_PREFIX_PATH}:/home/hanjh/F1_TENTH_UNITA/install/f1tenth_stack:/home/hanjh/F1_TENTH_UNITA/install/joy_teleop:/home/hanjh/F1_TENTH_UNITA/install/steering_lookup:/home/hanjh/F1_TENTH_UNITA/install/state_machine:/home/hanjh/F1_TENTH_UNITA/install/slam_tuner:/home/hanjh/F1_TENTH_UNITA/install/state_estimation:/home/hanjh/F1_TENTH_UNITA/install/map_editor:/home/hanjh/F1_TENTH_UNITA/install/stack_master:/home/hanjh/F1_TENTH_UNITA/install/spline_planner:/home/hanjh/F1_TENTH_UNITA/install/sector_tuner:/home/hanjh/F1_TENTH_UNITA/install/perception:/home/hanjh/F1_TENTH_UNITA/install/opponent_publisher:/home/hanjh/F1_TENTH_UNITA/install/mouse_teleop:/home/hanjh/F1_TENTH_UNITA/install/lap_analyser:/home/hanjh/F1_TENTH_UNITA/install/key_teleop:/home/hanjh/F1_TENTH_UNITA/install/id_controller:/home/hanjh/F1_TENTH_UNITA/install/global_planner:/home/hanjh/F1_TENTH_UNITA/install/frenet_odom_republisher:/home/hanjh/F1_TENTH_UNITA/install/frenet_conversion:/home/hanjh/F1_TENTH_UNITA/install/f1tenth_gym_ros:/home/hanjh/F1_TENTH_UNITA/install/controller:/home/hanjh/ros2_ws/install/tutorial_topic:/home/hanjh/ros2_ws/install/tutorial_service:/home/hanjh/ros2_ws/install/tutorial_action:/home/hanjh/ros2_ws/install/node_exercise:/home/hanjh/ros2_ws/install/my_package:/home/hanjh/ros2_ws/install/moving_services:/home/hanjh/ros2_ws/install/logger_test:/home/hanjh/ros2_ws/install/elevator_vision:/home/hanjh/ros2_ws/install/ebimu_pkg:/home/hanjh/ros2_ws/install/debug_pkg:/home/hanjh/ros2_ws/install/custom_interface_example:/home/hanjh/ros2_ws/install/camera_perception_pkg:/opt/ros/humble /usr/bin/cmake --build /home/hanjh/F1_TENTH_UNITA/build/teleop_tools_msgs -- -j16 -l16
[0.690s] DEBUG:colcon.colcon_core.event_handler.log_command:Invoking command in '/home/hanjh/F1_TENTH_UNITA/build/ackermann_mux': CMAKE_PREFIX_PATH=${CMAKE_PREFIX_PATH}:/home/hanjh/F1_TENTH_UNITA/install/f1tenth_stack:/home/hanjh/F1_TENTH_UNITA/install/joy_teleop:/home/hanjh/F1_TENTH_UNITA/install/steering_lookup:/home/hanjh/F1_TENTH_UNITA/install/state_machine:/home/hanjh/F1_TENTH_UNITA/install/slam_tuner:/home/hanjh/F1_TENTH_UNITA/install/state_estimation:/home/hanjh/F1_TENTH_UNITA/install/map_editor:/home/hanjh/F1_TENTH_UNITA/install/stack_master:/home/hanjh/F1_TENTH_UNITA/install/spline_planner:/home/hanjh/F1_TENTH_UNITA/install/sector_tuner:/home/hanjh/F1_TENTH_UNITA/install/perception:/home/hanjh/F1_TENTH_UNITA/install/opponent_publisher:/home/hanjh/F1_TENTH_UNITA/install/mouse_teleop:/home/hanjh/F1_TENTH_UNITA/install/lap_analyser:/home/hanjh/F1_TENTH_UNITA/install/key_teleop:/home/hanjh/F1_TENTH_UNITA/install/id_controller:/home/hanjh/F1_TENTH_UNITA/install/global_planner:/home/hanjh/F1_TENTH_UNITA/install/frenet_odom_republisher:/home/hanjh/F1_TENTH_UNITA/install/frenet_conversion:/home/hanjh/F1_TENTH_UNITA/install/f1tenth_gym_ros:/home/hanjh/F1_TENTH_UNITA/install/controller:/home/hanjh/ros2_ws/install/tutorial_topic:/home/hanjh/ros2_ws/install/tutorial_service:/home/hanjh/ros2_ws/install/tutorial_action:/home/hanjh/ros2_ws/install/node_exercise:/home/hanjh/ros2_ws/install/my_package:/home/hanjh/ros2_ws/install/moving_services:/home/hanjh/ros2_ws/install/logger_test:/home/hanjh/ros2_ws/install/elevator_vision:/home/hanjh/ros2_ws/install/ebimu_pkg:/home/hanjh/ros2_ws/install/debug_pkg:/home/hanjh/ros2_ws/install/custom_interface_example:/home/hanjh/ros2_ws/install/camera_perception_pkg:/opt/ros/humble /usr/bin/cmake --build /home/hanjh/F1_TENTH_UNITA/build/ackermann_mux -- -j16 -l16
[0.695s] DEBUG:colcon.colcon_core.event_handler.log_command:Invoking command in '/home/hanjh/F1_TENTH_UNITA/build/f110_msgs': CMAKE_PREFIX_PATH=${CMAKE_PREFIX_PATH}:/home/hanjh/F1_TENTH_UNITA/install/f1tenth_stack:/home/hanjh/F1_TENTH_UNITA/install/joy_teleop:/home/hanjh/F1_TENTH_UNITA/install/steering_lookup:/home/hanjh/F1_TENTH_UNITA/install/state_machine:/home/hanjh/F1_TENTH_UNITA/install/slam_tuner:/home/hanjh/F1_TENTH_UNITA/install/state_estimation:/home/hanjh/F1_TENTH_UNITA/install/map_editor:/home/hanjh/F1_TENTH_UNITA/install/stack_master:/home/hanjh/F1_TENTH_UNITA/install/spline_planner:/home/hanjh/F1_TENTH_UNITA/install/sector_tuner:/home/hanjh/F1_TENTH_UNITA/install/perception:/home/hanjh/F1_TENTH_UNITA/install/opponent_publisher:/home/hanjh/F1_TENTH_UNITA/install/mouse_teleop:/home/hanjh/F1_TENTH_UNITA/install/lap_analyser:/home/hanjh/F1_TENTH_UNITA/install/key_teleop:/home/hanjh/F1_TENTH_UNITA/install/id_controller:/home/hanjh/F1_TENTH_UNITA/install/global_planner:/home/hanjh/F1_TENTH_UNITA/install/frenet_odom_republisher:/home/hanjh/F1_TENTH_UNITA/install/frenet_conversion:/home/hanjh/F1_TENTH_UNITA/install/f1tenth_gym_ros:/home/hanjh/F1_TENTH_UNITA/install/controller:/home/hanjh/ros2_ws/install/tutorial_topic:/home/hanjh/ros2_ws/install/tutorial_service:/home/hanjh/ros2_ws/install/tutorial_action:/home/hanjh/ros2_ws/install/node_exercise:/home/hanjh/ros2_ws/install/my_package:/home/hanjh/ros2_ws/install/moving_services:/home/hanjh/ros2_ws/install/logger_test:/home/hanjh/ros2_ws/install/elevator_vision:/home/hanjh/ros2_ws/install/ebimu_pkg:/home/hanjh/ros2_ws/install/debug_pkg:/home/hanjh/ros2_ws/install/custom_interface_example:/home/hanjh/ros2_ws/install/camera_perception_pkg:/opt/ros/humble /usr/bin/cmake --build /home/hanjh/F1_TENTH_UNITA/build/f110_msgs -- -j16 -l16
[1.435s] INFO:colcon.colcon_core.task.python.build:Building Python package in '/home/hanjh/F1_TENTH_UNITA/src/race_stack/utilities/libraries/frenet_conversion'
[1.436s] INFO:colcon.colcon_core.shell:Skip shell extension 'powershell' for command environment: Not usable outside of PowerShell
[1.436s] DEBUG:colcon.colcon_core.shell:Skip shell extension 'dsv' for command environment
[2.025s] INFO:colcon.colcon_core.task.python.build:Building Python package in '/home/hanjh/F1_TENTH_UNITA/src/race_stack/planner/global_planner'
[2.026s] INFO:colcon.colcon_core.shell:Skip shell extension 'powershell' for command environment: Not usable outside of PowerShell
[2.026s] DEBUG:colcon.colcon_core.shell:Skip shell extension 'dsv' for command environment
[2.353s] INFO:colcon.colcon_core.task.python.build:Building Python package in '/home/hanjh/F1_TENTH_UNITA/src/race_stack/base_system/f1tenth_system/teleop_tools/key_teleop'
[2.353s] INFO:colcon.colcon_core.shell:Skip shell extension 'powershell' for command environment: Not usable outside of PowerShell
[2.353s] DEBUG:colcon.colcon_core.shell:Skip shell extension 'dsv' for command environment
[2.650s] INFO:colcon.colcon_core.task.python.build:Building Python package in '/home/hanjh/F1_TENTH_UNITA/src/race_stack/stack_master'
[2.650s] INFO:colcon.colcon_core.shell:Skip shell extension 'powershell' for command environment: Not usable outside of PowerShell
[2.650s] DEBUG:colcon.colcon_core.shell:Skip shell extension 'dsv' for command environment
[2.919s] INFO:colcon.colcon_core.task.python.build:Building Python package in '/home/hanjh/F1_TENTH_UNITA/src/race_stack/state_estimation'
[2.919s] INFO:colcon.colcon_core.shell:Skip shell extension 'powershell' for command environment: Not usable outside of PowerShell
[2.919s] DEBUG:colcon.colcon_core.shell:Skip shell extension 'dsv' for command environment
[3.192s] INFO:colcon.colcon_core.task.python.build:Building Python package in '/home/hanjh/F1_TENTH_UNITA/src/race_stack/controller'
[3.192s] INFO:colcon.colcon_core.shell:Skip shell extension 'powershell' for command environment: Not usable outside of PowerShell
[3.192s] DEBUG:colcon.colcon_core.shell:Skip shell extension 'dsv' for command environment
[3.493s] INFO:colcon.colcon_core.task.python.build:Building Python package in '/home/hanjh/F1_TENTH_UNITA/src/race_stack/base_system/f110_simulator/f1tenth_gym_ros'
[3.493s] INFO:colcon.colcon_core.shell:Skip shell extension 'powershell' for command environment: Not usable outside of PowerShell
[3.493s] DEBUG:colcon.colcon_core.shell:Skip shell extension 'dsv' for command environment
[3.784s] INFO:colcon.colcon_core.task.python.build:Building Python package in '/home/hanjh/F1_TENTH_UNITA/src/race_stack/utilities/nodes/frenet_odom_republisher'
[3.784s] INFO:colcon.colcon_core.shell:Skip shell extension 'powershell' for command environment: Not usable outside of PowerShell
[3.784s] DEBUG:colcon.colcon_core.shell:Skip shell extension 'dsv' for command environment
[4.083s] INFO:colcon.colcon_core.task.python.build:Building Python package in '/home/hanjh/F1_TENTH_UNITA/src/race_stack/system_identification/nodes/id_controller'
[4.084s] INFO:colcon.colcon_core.shell:Skip shell extension 'powershell' for command environment: Not usable outside of PowerShell
[4.084s] DEBUG:colcon.colcon_core.shell:Skip shell extension 'dsv' for command environment
[4.380s] INFO:colcon.colcon_core.task.python.build:Building Python package in '/home/hanjh/F1_TENTH_UNITA/src/race_stack/utilities/nodes/lap_analyser'
[4.380s] INFO:colcon.colcon_core.shell:Skip shell extension 'powershell' for command environment: Not usable outside of PowerShell
[4.381s] DEBUG:colcon.colcon_core.shell:Skip shell extension 'dsv' for command environment
[4.687s] INFO:colcon.colcon_core.task.python.build:Building Python package in '/home/hanjh/F1_TENTH_UNITA/src/race_stack/base_system/f1tenth_system/teleop_tools/mouse_teleop'
[4.688s] INFO:colcon.colcon_core.shell:Skip shell extension 'powershell' for command environment: Not usable outside of PowerShell
[4.688s] DEBUG:colcon.colcon_core.shell:Skip shell extension 'dsv' for command environment
[4.963s] INFO:colcon.colcon_core.task.python.build:Building Python package in '/home/hanjh/F1_TENTH_UNITA/src/race_stack/utilities/nodes/opponent_publisher'
[4.963s] INFO:colcon.colcon_core.shell:Skip shell extension 'powershell' for command environment: Not usable outside of PowerShell
[4.963s] DEBUG:colcon.colcon_core.shell:Skip shell extension 'dsv' for command environment
[4.972s] DEBUG:colcon.colcon_core.event_handler.log_command:Invoked command in '/home/hanjh/F1_TENTH_UNITA/build/teleop_tools_msgs' returned '0': CMAKE_PREFIX_PATH=${CMAKE_PREFIX_PATH}:/home/hanjh/F1_TENTH_UNITA/install/f1tenth_stack:/home/hanjh/F1_TENTH_UNITA/install/joy_teleop:/home/hanjh/F1_TENTH_UNITA/install/steering_lookup:/home/hanjh/F1_TENTH_UNITA/install/state_machine:/home/hanjh/F1_TENTH_UNITA/install/slam_tuner:/home/hanjh/F1_TENTH_UNITA/install/state_estimation:/home/hanjh/F1_TENTH_UNITA/install/map_editor:/home/hanjh/F1_TENTH_UNITA/install/stack_master:/home/hanjh/F1_TENTH_UNITA/install/spline_planner:/home/hanjh/F1_TENTH_UNITA/install/sector_tuner:/home/hanjh/F1_TENTH_UNITA/install/perception:/home/hanjh/F1_TENTH_UNITA/install/opponent_publisher:/home/hanjh/F1_TENTH_UNITA/install/mouse_teleop:/home/hanjh/F1_TENTH_UNITA/install/lap_analyser:/home/hanjh/F1_TENTH_UNITA/install/key_teleop:/home/hanjh/F1_TENTH_UNITA/install/id_controller:/home/hanjh/F1_TENTH_UNITA/install/global_planner:/home/hanjh/F1_TENTH_UNITA/install/frenet_odom_republisher:/home/hanjh/F1_TENTH_UNITA/install/frenet_conversion:/home/hanjh/F1_TENTH_UNITA/install/f1tenth_gym_ros:/home/hanjh/F1_TENTH_UNITA/install/controller:/home/hanjh/ros2_ws/install/tutorial_topic:/home/hanjh/ros2_ws/install/tutorial_service:/home/hanjh/ros2_ws/install/tutorial_action:/home/hanjh/ros2_ws/install/node_exercise:/home/hanjh/ros2_ws/install/my_package:/home/hanjh/ros2_ws/install/moving_services:/home/hanjh/ros2_ws/install/logger_test:/home/hanjh/ros2_ws/install/elevator_vision:/home/hanjh/ros2_ws/install/ebimu_pkg:/home/hanjh/ros2_ws/install/debug_pkg:/home/hanjh/ros2_ws/install/custom_interface_example:/home/hanjh/ros2_ws/install/camera_perception_pkg:/opt/ros/humble /usr/bin/cmake --build /home/hanjh/F1_TENTH_UNITA/build/teleop_tools_msgs -- -j16 -l16
[4.980s] DEBUG:colcon.colcon_core.event_handler.log_command:Invoking command in '/home/hanjh/F1_TENTH_UNITA/build/teleop_tools_msgs': CMAKE_PREFIX_PATH=${CMAKE_PREFIX_PATH}:/home/hanjh/F1_TENTH_UNITA/install/f1tenth_stack:/home/hanjh/F1_TENTH_UNITA/install/joy_teleop:/home/hanjh/F1_TENTH_UNITA/install/steering_lookup:/home/hanjh/F1_TENTH_UNITA/install/state_machine:/home/hanjh/F1_TENTH_UNITA/install/slam_tuner:/home/hanjh/F1_TENTH_UNITA/install/state_estimation:/home/hanjh/F1_TENTH_UNITA/install/map_editor:/home/hanjh/F1_TENTH_UNITA/install/stack_master:/home/hanjh/F1_TENTH_UNITA/install/spline_planner:/home/hanjh/F1_TENTH_UNITA/install/sector_tuner:/home/hanjh/F1_TENTH_UNITA/install/perception:/home/hanjh/F1_TENTH_UNITA/install/opponent_publisher:/home/hanjh/F1_TENTH_UNITA/install/mouse_teleop:/home/hanjh/F1_TENTH_UNITA/install/lap_analyser:/home/hanjh/F1_TENTH_UNITA/install/key_teleop:/home/hanjh/F1_TENTH_UNITA/install/id_controller:/home/hanjh/F1_TENTH_UNITA/install/global_planner:/home/hanjh/F1_TENTH_UNITA/install/frenet_odom_republisher:/home/hanjh/F1_TENTH_UNITA/install/frenet_conversion:/home/hanjh/F1_TENTH_UNITA/install/f1tenth_gym_ros:/home/hanjh/F1_TENTH_UNITA/install/controller:/home/hanjh/ros2_ws/install/tutorial_topic:/home/hanjh/ros2_ws/install/tutorial_service:/home/hanjh/ros2_ws/install/tutorial_action:/home/hanjh/ros2_ws/install/node_exercise:/home/hanjh/ros2_ws/install/my_package:/home/hanjh/ros2_ws/install/moving_services:/home/hanjh/ros2_ws/install/logger_test:/home/hanjh/ros2_ws/install/elevator_vision:/home/hanjh/ros2_ws/install/ebimu_pkg:/home/hanjh/ros2_ws/install/debug_pkg:/home/hanjh/ros2_ws/install/custom_interface_example:/home/hanjh/ros2_ws/install/camera_perception_pkg:/opt/ros/humble /usr/bin/cmake --install /home/hanjh/F1_TENTH_UNITA/build/teleop_tools_msgs
[4.981s] DEBUG:colcon.colcon_core.event_handler.log_command:Invoked command in '/home/hanjh/F1_TENTH_UNITA/build/f110_msgs' returned '0': CMAKE_PREFIX_PATH=${CMAKE_PREFIX_PATH}:/home/hanjh/F1_TENTH_UNITA/install/f1tenth_stack:/home/hanjh/F1_TENTH_UNITA/install/joy_teleop:/home/hanjh/F1_TENTH_UNITA/install/steering_lookup:/home/hanjh/F1_TENTH_UNITA/install/state_machine:/home/hanjh/F1_TENTH_UNITA/install/slam_tuner:/home/hanjh/F1_TENTH_UNITA/install/state_estimation:/home/hanjh/F1_TENTH_UNITA/install/map_editor:/home/hanjh/F1_TENTH_UNITA/install/stack_master:/home/hanjh/F1_TENTH_UNITA/install/spline_planner:/home/hanjh/F1_TENTH_UNITA/install/sector_tuner:/home/hanjh/F1_TENTH_UNITA/install/perception:/home/hanjh/F1_TENTH_UNITA/install/opponent_publisher:/home/hanjh/F1_TENTH_UNITA/install/mouse_teleop:/home/hanjh/F1_TENTH_UNITA/install/lap_analyser:/home/hanjh/F1_TENTH_UNITA/install/key_teleop:/home/hanjh/F1_TENTH_UNITA/install/id_controller:/home/hanjh/F1_TENTH_UNITA/install/global_planner:/home/hanjh/F1_TENTH_UNITA/install/frenet_odom_republisher:/home/hanjh/F1_TENTH_UNITA/install/frenet_conversion:/home/hanjh/F1_TENTH_UNITA/install/f1tenth_gym_ros:/home/hanjh/F1_TENTH_UNITA/install/controller:/home/hanjh/ros2_ws/install/tutorial_topic:/home/hanjh/ros2_ws/install/tutorial_service:/home/hanjh/ros2_ws/install/tutorial_action:/home/hanjh/ros2_ws/install/node_exercise:/home/hanjh/ros2_ws/install/my_package:/home/hanjh/ros2_ws/install/moving_services:/home/hanjh/ros2_ws/install/logger_test:/home/hanjh/ros2_ws/install/elevator_vision:/home/hanjh/ros2_ws/install/ebimu_pkg:/home/hanjh/ros2_ws/install/debug_pkg:/home/hanjh/ros2_ws/install/custom_interface_example:/home/hanjh/ros2_ws/install/camera_perception_pkg:/opt/ros/humble /usr/bin/cmake --build /home/hanjh/F1_TENTH_UNITA/build/f110_msgs -- -j16 -l16
[4.981s] DEBUG:colcon.colcon_core.event_handler.log_command:Invoking command in '/home/hanjh/F1_TENTH_UNITA/build/f110_msgs': CMAKE_PREFIX_PATH=${CMAKE_PREFIX_PATH}:/home/hanjh/F1_TENTH_UNITA/install/f1tenth_stack:/home/hanjh/F1_TENTH_UNITA/install/joy_teleop:/home/hanjh/F1_TENTH_UNITA/install/steering_lookup:/home/hanjh/F1_TENTH_UNITA/install/state_machine:/home/hanjh/F1_TENTH_UNITA/install/slam_tuner:/home/hanjh/F1_TENTH_UNITA/install/state_estimation:/home/hanjh/F1_TENTH_UNITA/install/map_editor:/home/hanjh/F1_TENTH_UNITA/install/stack_master:/home/hanjh/F1_TENTH_UNITA/install/spline_planner:/home/hanjh/F1_TENTH_UNITA/install/sector_tuner:/home/hanjh/F1_TENTH_UNITA/install/perception:/home/hanjh/F1_TENTH_UNITA/install/opponent_publisher:/home/hanjh/F1_TENTH_UNITA/install/mouse_teleop:/home/hanjh/F1_TENTH_UNITA/install/lap_analyser:/home/hanjh/F1_TENTH_UNITA/install/key_teleop:/home/hanjh/F1_TENTH_UNITA/install/id_controller:/home/hanjh/F1_TENTH_UNITA/install/global_planner:/home/hanjh/F1_TENTH_UNITA/install/frenet_odom_republisher:/home/hanjh/F1_TENTH_UNITA/install/frenet_conversion:/home/hanjh/F1_TENTH_UNITA/install/f1tenth_gym_ros:/home/hanjh/F1_TENTH_UNITA/install/controller:/home/hanjh/ros2_ws/install/tutorial_topic:/home/hanjh/ros2_ws/install/tutorial_service:/home/hanjh/ros2_ws/install/tutorial_action:/home/hanjh/ros2_ws/install/node_exercise:/home/hanjh/ros2_ws/install/my_package:/home/hanjh/ros2_ws/install/moving_services:/home/hanjh/ros2_ws/install/logger_test:/home/hanjh/ros2_ws/install/elevator_vision:/home/hanjh/ros2_ws/install/ebimu_pkg:/home/hanjh/ros2_ws/install/debug_pkg:/home/hanjh/ros2_ws/install/custom_interface_example:/home/hanjh/ros2_ws/install/camera_perception_pkg:/opt/ros/humble /usr/bin/cmake --install /home/hanjh/F1_TENTH_UNITA/build/f110_msgs
[4.982s] DEBUG:colcon.colcon_core.event_handler.log_command:Invoked command in '/home/hanjh/F1_TENTH_UNITA/build/vesc_msgs' returned '0': CMAKE_PREFIX_PATH=${CMAKE_PREFIX_PATH}:/home/hanjh/F1_TENTH_UNITA/install/f1tenth_stack:/home/hanjh/F1_TENTH_UNITA/install/joy_teleop:/home/hanjh/F1_TENTH_UNITA/install/steering_lookup:/home/hanjh/F1_TENTH_UNITA/install/state_machine:/home/hanjh/F1_TENTH_UNITA/install/slam_tuner:/home/hanjh/F1_TENTH_UNITA/install/state_estimation:/home/hanjh/F1_TENTH_UNITA/install/map_editor:/home/hanjh/F1_TENTH_UNITA/install/stack_master:/home/hanjh/F1_TENTH_UNITA/install/spline_planner:/home/hanjh/F1_TENTH_UNITA/install/sector_tuner:/home/hanjh/F1_TENTH_UNITA/install/perception:/home/hanjh/F1_TENTH_UNITA/install/opponent_publisher:/home/hanjh/F1_TENTH_UNITA/install/mouse_teleop:/home/hanjh/F1_TENTH_UNITA/install/lap_analyser:/home/hanjh/F1_TENTH_UNITA/install/key_teleop:/home/hanjh/F1_TENTH_UNITA/install/id_controller:/home/hanjh/F1_TENTH_UNITA/install/global_planner:/home/hanjh/F1_TENTH_UNITA/install/frenet_odom_republisher:/home/hanjh/F1_TENTH_UNITA/install/frenet_conversion:/home/hanjh/F1_TENTH_UNITA/install/f1tenth_gym_ros:/home/hanjh/F1_TENTH_UNITA/install/controller:/home/hanjh/ros2_ws/install/tutorial_topic:/home/hanjh/ros2_ws/install/tutorial_service:/home/hanjh/ros2_ws/install/tutorial_action:/home/hanjh/ros2_ws/install/node_exercise:/home/hanjh/ros2_ws/install/my_package:/home/hanjh/ros2_ws/install/moving_services:/home/hanjh/ros2_ws/install/logger_test:/home/hanjh/ros2_ws/install/elevator_vision:/home/hanjh/ros2_ws/install/ebimu_pkg:/home/hanjh/ros2_ws/install/debug_pkg:/home/hanjh/ros2_ws/install/custom_interface_example:/home/hanjh/ros2_ws/install/camera_perception_pkg:/opt/ros/humble /usr/bin/cmake --build /home/hanjh/F1_TENTH_UNITA/build/vesc_msgs -- -j16 -l16
[4.983s] DEBUG:colcon.colcon_core.event_handler.log_command:Invoking command in '/home/hanjh/F1_TENTH_UNITA/build/vesc_msgs': CMAKE_PREFIX_PATH=${CMAKE_PREFIX_PATH}:/home/hanjh/F1_TENTH_UNITA/install/f1tenth_stack:/home/hanjh/F1_TENTH_UNITA/install/joy_teleop:/home/hanjh/F1_TENTH_UNITA/install/steering_lookup:/home/hanjh/F1_TENTH_UNITA/install/state_machine:/home/hanjh/F1_TENTH_UNITA/install/slam_tuner:/home/hanjh/F1_TENTH_UNITA/install/state_estimation:/home/hanjh/F1_TENTH_UNITA/install/map_editor:/home/hanjh/F1_TENTH_UNITA/install/stack_master:/home/hanjh/F1_TENTH_UNITA/install/spline_planner:/home/hanjh/F1_TENTH_UNITA/install/sector_tuner:/home/hanjh/F1_TENTH_UNITA/install/perception:/home/hanjh/F1_TENTH_UNITA/install/opponent_publisher:/home/hanjh/F1_TENTH_UNITA/install/mouse_teleop:/home/hanjh/F1_TENTH_UNITA/install/lap_analyser:/home/hanjh/F1_TENTH_UNITA/install/key_teleop:/home/hanjh/F1_TENTH_UNITA/install/id_controller:/home/hanjh/F1_TENTH_UNITA/install/global_planner:/home/hanjh/F1_TENTH_UNITA/install/frenet_odom_republisher:/home/hanjh/F1_TENTH_UNITA/install/frenet_conversion:/home/hanjh/F1_TENTH_UNITA/install/f1tenth_gym_ros:/home/hanjh/F1_TENTH_UNITA/install/controller:/home/hanjh/ros2_ws/install/tutorial_topic:/home/hanjh/ros2_ws/install/tutorial_service:/home/hanjh/ros2_ws/install/tutorial_action:/home/hanjh/ros2_ws/install/node_exercise:/home/hanjh/ros2_ws/install/my_package:/home/hanjh/ros2_ws/install/moving_services:/home/hanjh/ros2_ws/install/logger_test:/home/hanjh/ros2_ws/install/elevator_vision:/home/hanjh/ros2_ws/install/ebimu_pkg:/home/hanjh/ros2_ws/install/debug_pkg:/home/hanjh/ros2_ws/install/custom_interface_example:/home/hanjh/ros2_ws/install/camera_perception_pkg:/opt/ros/humble /usr/bin/cmake --install /home/hanjh/F1_TENTH_UNITA/build/vesc_msgs
[4.984s] DEBUG:colcon.colcon_core.event_handler.log_command:Invoked command in '/home/hanjh/F1_TENTH_UNITA/build/ackermann_mux' returned '0': CMAKE_PREFIX_PATH=${CMAKE_PREFIX_PATH}:/home/hanjh/F1_TENTH_UNITA/install/f1tenth_stack:/home/hanjh/F1_TENTH_UNITA/install/joy_teleop:/home/hanjh/F1_TENTH_UNITA/install/steering_lookup:/home/hanjh/F1_TENTH_UNITA/install/state_machine:/home/hanjh/F1_TENTH_UNITA/install/slam_tuner:/home/hanjh/F1_TENTH_UNITA/install/state_estimation:/home/hanjh/F1_TENTH_UNITA/install/map_editor:/home/hanjh/F1_TENTH_UNITA/install/stack_master:/home/hanjh/F1_TENTH_UNITA/install/spline_planner:/home/hanjh/F1_TENTH_UNITA/install/sector_tuner:/home/hanjh/F1_TENTH_UNITA/install/perception:/home/hanjh/F1_TENTH_UNITA/install/opponent_publisher:/home/hanjh/F1_TENTH_UNITA/install/mouse_teleop:/home/hanjh/F1_TENTH_UNITA/install/lap_analyser:/home/hanjh/F1_TENTH_UNITA/install/key_teleop:/home/hanjh/F1_TENTH_UNITA/install/id_controller:/home/hanjh/F1_TENTH_UNITA/install/global_planner:/home/hanjh/F1_TENTH_UNITA/install/frenet_odom_republisher:/home/hanjh/F1_TENTH_UNITA/install/frenet_conversion:/home/hanjh/F1_TENTH_UNITA/install/f1tenth_gym_ros:/home/hanjh/F1_TENTH_UNITA/install/controller:/home/hanjh/ros2_ws/install/tutorial_topic:/home/hanjh/ros2_ws/install/tutorial_service:/home/hanjh/ros2_ws/install/tutorial_action:/home/hanjh/ros2_ws/install/node_exercise:/home/hanjh/ros2_ws/install/my_package:/home/hanjh/ros2_ws/install/moving_services:/home/hanjh/ros2_ws/install/logger_test:/home/hanjh/ros2_ws/install/elevator_vision:/home/hanjh/ros2_ws/install/ebimu_pkg:/home/hanjh/ros2_ws/install/debug_pkg:/home/hanjh/ros2_ws/install/custom_interface_example:/home/hanjh/ros2_ws/install/camera_perception_pkg:/opt/ros/humble /usr/bin/cmake --build /home/hanjh/F1_TENTH_UNITA/build/ackermann_mux -- -j16 -l16
[4.985s] DEBUG:colcon.colcon_core.event_handler.log_command:Invoking command in '/home/hanjh/F1_TENTH_UNITA/build/ackermann_mux': CMAKE_PREFIX_PATH=${CMAKE_PREFIX_PATH}:/home/hanjh/F1_TENTH_UNITA/install/f1tenth_stack:/home/hanjh/F1_TENTH_UNITA/install/joy_teleop:/home/hanjh/F1_TENTH_UNITA/install/steering_lookup:/home/hanjh/F1_TENTH_UNITA/install/state_machine:/home/hanjh/F1_TENTH_UNITA/install/slam_tuner:/home/hanjh/F1_TENTH_UNITA/install/state_estimation:/home/hanjh/F1_TENTH_UNITA/install/map_editor:/home/hanjh/F1_TENTH_UNITA/install/stack_master:/home/hanjh/F1_TENTH_UNITA/install/spline_planner:/home/hanjh/F1_TENTH_UNITA/install/sector_tuner:/home/hanjh/F1_TENTH_UNITA/install/perception:/home/hanjh/F1_TENTH_UNITA/install/opponent_publisher:/home/hanjh/F1_TENTH_UNITA/install/mouse_teleop:/home/hanjh/F1_TENTH_UNITA/install/lap_analyser:/home/hanjh/F1_TENTH_UNITA/install/key_teleop:/home/hanjh/F1_TENTH_UNITA/install/id_controller:/home/hanjh/F1_TENTH_UNITA/install/global_planner:/home/hanjh/F1_TENTH_UNITA/install/frenet_odom_republisher:/home/hanjh/F1_TENTH_UNITA/install/frenet_conversion:/home/hanjh/F1_TENTH_UNITA/install/f1tenth_gym_ros:/home/hanjh/F1_TENTH_UNITA/install/controller:/home/hanjh/ros2_ws/install/tutorial_topic:/home/hanjh/ros2_ws/install/tutorial_service:/home/hanjh/ros2_ws/install/tutorial_action:/home/hanjh/ros2_ws/install/node_exercise:/home/hanjh/ros2_ws/install/my_package:/home/hanjh/ros2_ws/install/moving_services:/home/hanjh/ros2_ws/install/logger_test:/home/hanjh/ros2_ws/install/elevator_vision:/home/hanjh/ros2_ws/install/ebimu_pkg:/home/hanjh/ros2_ws/install/debug_pkg:/home/hanjh/ros2_ws/install/custom_interface_example:/home/hanjh/ros2_ws/install/camera_perception_pkg:/opt/ros/humble /usr/bin/cmake --install /home/hanjh/F1_TENTH_UNITA/build/ackermann_mux
[5.053s] Level 1:colcon.colcon_core.environment:create_environment_scripts_only(ackermann_mux)
[5.057s] DEBUG:colcon.colcon_core.event_handler.log_command:Invoked command in '/home/hanjh/F1_TENTH_UNITA/build/ackermann_mux' returned '0': CMAKE_PREFIX_PATH=${CMAKE_PREFIX_PATH}:/home/hanjh/F1_TENTH_UNITA/install/f1tenth_stack:/home/hanjh/F1_TENTH_UNITA/install/joy_teleop:/home/hanjh/F1_TENTH_UNITA/install/steering_lookup:/home/hanjh/F1_TENTH_UNITA/install/state_machine:/home/hanjh/F1_TENTH_UNITA/install/slam_tuner:/home/hanjh/F1_TENTH_UNITA/install/state_estimation:/home/hanjh/F1_TENTH_UNITA/install/map_editor:/home/hanjh/F1_TENTH_UNITA/install/stack_master:/home/hanjh/F1_TENTH_UNITA/install/spline_planner:/home/hanjh/F1_TENTH_UNITA/install/sector_tuner:/home/hanjh/F1_TENTH_UNITA/install/perception:/home/hanjh/F1_TENTH_UNITA/install/opponent_publisher:/home/hanjh/F1_TENTH_UNITA/install/mouse_teleop:/home/hanjh/F1_TENTH_UNITA/install/lap_analyser:/home/hanjh/F1_TENTH_UNITA/install/key_teleop:/home/hanjh/F1_TENTH_UNITA/install/id_controller:/home/hanjh/F1_TENTH_UNITA/install/global_planner:/home/hanjh/F1_TENTH_UNITA/install/frenet_odom_republisher:/home/hanjh/F1_TENTH_UNITA/install/frenet_conversion:/home/hanjh/F1_TENTH_UNITA/install/f1tenth_gym_ros:/home/hanjh/F1_TENTH_UNITA/install/controller:/home/hanjh/ros2_ws/install/tutorial_topic:/home/hanjh/ros2_ws/install/tutorial_service:/home/hanjh/ros2_ws/install/tutorial_action:/home/hanjh/ros2_ws/install/node_exercise:/home/hanjh/ros2_ws/install/my_package:/home/hanjh/ros2_ws/install/moving_services:/home/hanjh/ros2_ws/install/logger_test:/home/hanjh/ros2_ws/install/elevator_vision:/home/hanjh/ros2_ws/install/ebimu_pkg:/home/hanjh/ros2_ws/install/debug_pkg:/home/hanjh/ros2_ws/install/custom_interface_example:/home/hanjh/ros2_ws/install/camera_perception_pkg:/opt/ros/humble /usr/bin/cmake --install /home/hanjh/F1_TENTH_UNITA/build/ackermann_mux
[5.061s] Level 1:colcon.colcon_core.environment:checking '/home/hanjh/F1_TENTH_UNITA/install/ackermann_mux' for CMake module files
[5.064s] Level 1:colcon.colcon_core.environment:checking '/home/hanjh/F1_TENTH_UNITA/install/ackermann_mux' for CMake config files
[5.064s] Level 1:colcon.colcon_core.shell:create_environment_hook('ackermann_mux', 'cmake_prefix_path')
[5.065s] INFO:colcon.colcon_core.shell:Creating environment hook '/home/hanjh/F1_TENTH_UNITA/install/ackermann_mux/share/ackermann_mux/hook/cmake_prefix_path.ps1'
[5.066s] INFO:colcon.colcon_core.shell:Creating environment descriptor '/home/hanjh/F1_TENTH_UNITA/install/ackermann_mux/share/ackermann_mux/hook/cmake_prefix_path.dsv'
[5.066s] INFO:colcon.colcon_core.shell:Creating environment hook '/home/hanjh/F1_TENTH_UNITA/install/ackermann_mux/share/ackermann_mux/hook/cmake_prefix_path.sh'
[5.067s] Level 1:colcon.colcon_core.environment:checking '/home/hanjh/F1_TENTH_UNITA/install/ackermann_mux/lib'
[5.070s] Level 1:colcon.colcon_core.environment:checking '/home/hanjh/F1_TENTH_UNITA/install/ackermann_mux/bin'
[5.071s] Level 1:colcon.colcon_core.environment:checking '/home/hanjh/F1_TENTH_UNITA/install/ackermann_mux/lib/pkgconfig/ackermann_mux.pc'
[5.071s] Level 1:colcon.colcon_core.environment:checking '/home/hanjh/F1_TENTH_UNITA/install/ackermann_mux/lib/python3.10/site-packages'
[5.071s] Level 1:colcon.colcon_core.environment:checking '/home/hanjh/F1_TENTH_UNITA/install/ackermann_mux/bin'
[5.072s] INFO:colcon.colcon_core.shell:Creating package script '/home/hanjh/F1_TENTH_UNITA/install/ackermann_mux/share/ackermann_mux/package.ps1'
[5.073s] INFO:colcon.colcon_core.shell:Creating package descriptor '/home/hanjh/F1_TENTH_UNITA/install/ackermann_mux/share/ackermann_mux/package.dsv'
[5.077s] INFO:colcon.colcon_core.shell:Creating package script '/home/hanjh/F1_TENTH_UNITA/install/ackermann_mux/share/ackermann_mux/package.sh'
[5.078s] INFO:colcon.colcon_core.shell:Creating package script '/home/hanjh/F1_TENTH_UNITA/install/ackermann_mux/share/ackermann_mux/package.bash'
[5.079s] INFO:colcon.colcon_core.shell:Creating package script '/home/hanjh/F1_TENTH_UNITA/install/ackermann_mux/share/ackermann_mux/package.zsh'
[5.083s] Level 1:colcon.colcon_core.environment:create_file_with_runtime_dependencies(/home/hanjh/F1_TENTH_UNITA/install/ackermann_mux/share/colcon-core/packages/ackermann_mux)
[5.084s] Level 1:colcon.colcon_core.environment:create_environment_scripts_only(ackermann_mux)
[5.084s] Level 1:colcon.colcon_core.environment:checking '/home/hanjh/F1_TENTH_UNITA/install/ackermann_mux' for CMake module files
[5.085s] Level 1:colcon.colcon_core.environment:checking '/home/hanjh/F1_TENTH_UNITA/install/ackermann_mux' for CMake config files
[5.089s] Level 1:colcon.colcon_core.shell:create_environment_hook('ackermann_mux', 'cmake_prefix_path')
[5.089s] INFO:colcon.colcon_core.shell:Creating environment hook '/home/hanjh/F1_TENTH_UNITA/install/ackermann_mux/share/ackermann_mux/hook/cmake_prefix_path.ps1'
[5.090s] INFO:colcon.colcon_core.shell:Creating environment descriptor '/home/hanjh/F1_TENTH_UNITA/install/ackermann_mux/share/ackermann_mux/hook/cmake_prefix_path.dsv'
[5.090s] INFO:colcon.colcon_core.shell:Creating environment hook '/home/hanjh/F1_TENTH_UNITA/install/ackermann_mux/share/ackermann_mux/hook/cmake_prefix_path.sh'
[5.091s] Level 1:colcon.colcon_core.environment:checking '/home/hanjh/F1_TENTH_UNITA/install/ackermann_mux/lib'
[5.091s] Level 1:colcon.colcon_core.environment:checking '/home/hanjh/F1_TENTH_UNITA/install/ackermann_mux/bin'
[5.097s] Level 1:colcon.colcon_core.environment:checking '/home/hanjh/F1_TENTH_UNITA/install/ackermann_mux/lib/pkgconfig/ackermann_mux.pc'
[5.098s] Level 1:colcon.colcon_core.environment:checking '/home/hanjh/F1_TENTH_UNITA/install/ackermann_mux/lib/python3.10/site-packages'
[5.098s] Level 1:colcon.colcon_core.environment:checking '/home/hanjh/F1_TENTH_UNITA/install/ackermann_mux/bin'
[5.103s] INFO:colcon.colcon_core.shell:Creating package script '/home/hanjh/F1_TENTH_UNITA/install/ackermann_mux/share/ackermann_mux/package.ps1'
[5.104s] INFO:colcon.colcon_core.shell:Creating package descriptor '/home/hanjh/F1_TENTH_UNITA/install/ackermann_mux/share/ackermann_mux/package.dsv'
[5.105s] INFO:colcon.colcon_core.shell:Creating package script '/home/hanjh/F1_TENTH_UNITA/install/ackermann_mux/share/ackermann_mux/package.sh'
[5.105s] INFO:colcon.colcon_core.shell:Creating package script '/home/hanjh/F1_TENTH_UNITA/install/ackermann_mux/share/ackermann_mux/package.bash'
[5.109s] INFO:colcon.colcon_core.shell:Creating package script '/home/hanjh/F1_TENTH_UNITA/install/ackermann_mux/share/ackermann_mux/package.zsh'
[5.110s] Level 1:colcon.colcon_core.environment:create_file_with_runtime_dependencies(/home/hanjh/F1_TENTH_UNITA/install/ackermann_mux/share/colcon-core/packages/ackermann_mux)
[5.111s] INFO:colcon.colcon_ros.task.ament_python.build:Building ROS package in '/home/hanjh/F1_TENTH_UNITA/src/race_stack/perception' with build type 'ament_python'
[5.111s] Level 1:colcon.colcon_core.shell:create_environment_hook('perception', 'ament_prefix_path')
[5.111s] INFO:colcon.colcon_core.shell:Creating environment hook '/home/hanjh/F1_TENTH_UNITA/install/perception/share/perception/hook/ament_prefix_path.ps1'
[5.116s] INFO:colcon.colcon_core.shell:Creating environment descriptor '/home/hanjh/F1_TENTH_UNITA/install/perception/share/perception/hook/ament_prefix_path.dsv'
[5.117s] INFO:colcon.colcon_core.shell:Creating environment hook '/home/hanjh/F1_TENTH_UNITA/install/perception/share/perception/hook/ament_prefix_path.sh'
[5.119s] INFO:colcon.colcon_core.shell:Skip shell extension 'powershell' for command environment: Not usable outside of PowerShell
[5.121s] DEBUG:colcon.colcon_core.shell:Skip shell extension 'dsv' for command environment
[5.132s] Level 1:colcon.colcon_core.environment:create_environment_scripts_only(teleop_tools_msgs)
[5.133s] Level 1:colcon.colcon_core.environment:checking '/home/hanjh/F1_TENTH_UNITA/install/teleop_tools_msgs' for CMake module files
[5.134s] Level 1:colcon.colcon_core.environment:checking '/home/hanjh/F1_TENTH_UNITA/install/teleop_tools_msgs' for CMake config files
[5.135s] DEBUG:colcon.colcon_core.event_handler.log_command:Invoked command in '/home/hanjh/F1_TENTH_UNITA/build/teleop_tools_msgs' returned '0': CMAKE_PREFIX_PATH=${CMAKE_PREFIX_PATH}:/home/hanjh/F1_TENTH_UNITA/install/f1tenth_stack:/home/hanjh/F1_TENTH_UNITA/install/joy_teleop:/home/hanjh/F1_TENTH_UNITA/install/steering_lookup:/home/hanjh/F1_TENTH_UNITA/install/state_machine:/home/hanjh/F1_TENTH_UNITA/install/slam_tuner:/home/hanjh/F1_TENTH_UNITA/install/state_estimation:/home/hanjh/F1_TENTH_UNITA/install/map_editor:/home/hanjh/F1_TENTH_UNITA/install/stack_master:/home/hanjh/F1_TENTH_UNITA/install/spline_planner:/home/hanjh/F1_TENTH_UNITA/install/sector_tuner:/home/hanjh/F1_TENTH_UNITA/install/perception:/home/hanjh/F1_TENTH_UNITA/install/opponent_publisher:/home/hanjh/F1_TENTH_UNITA/install/mouse_teleop:/home/hanjh/F1_TENTH_UNITA/install/lap_analyser:/home/hanjh/F1_TENTH_UNITA/install/key_teleop:/home/hanjh/F1_TENTH_UNITA/install/id_controller:/home/hanjh/F1_TENTH_UNITA/install/global_planner:/home/hanjh/F1_TENTH_UNITA/install/frenet_odom_republisher:/home/hanjh/F1_TENTH_UNITA/install/frenet_conversion:/home/hanjh/F1_TENTH_UNITA/install/f1tenth_gym_ros:/home/hanjh/F1_TENTH_UNITA/install/controller:/home/hanjh/ros2_ws/install/tutorial_topic:/home/hanjh/ros2_ws/install/tutorial_service:/home/hanjh/ros2_ws/install/tutorial_action:/home/hanjh/ros2_ws/install/node_exercise:/home/hanjh/ros2_ws/install/my_package:/home/hanjh/ros2_ws/install/moving_services:/home/hanjh/ros2_ws/install/logger_test:/home/hanjh/ros2_ws/install/elevator_vision:/home/hanjh/ros2_ws/install/ebimu_pkg:/home/hanjh/ros2_ws/install/debug_pkg:/home/hanjh/ros2_ws/install/custom_interface_example:/home/hanjh/ros2_ws/install/camera_perception_pkg:/opt/ros/humble /usr/bin/cmake --install /home/hanjh/F1_TENTH_UNITA/build/teleop_tools_msgs
[5.135s] Level 1:colcon.colcon_core.shell:create_environment_hook('teleop_tools_msgs', 'cmake_prefix_path')
[5.136s] INFO:colcon.colcon_core.shell:Creating environment hook '/home/hanjh/F1_TENTH_UNITA/install/teleop_tools_msgs/share/teleop_tools_msgs/hook/cmake_prefix_path.ps1'
[5.136s] INFO:colcon.colcon_core.shell:Creating environment descriptor '/home/hanjh/F1_TENTH_UNITA/install/teleop_tools_msgs/share/teleop_tools_msgs/hook/cmake_prefix_path.dsv'
[5.137s] INFO:colcon.colcon_core.shell:Creating environment hook '/home/hanjh/F1_TENTH_UNITA/install/teleop_tools_msgs/share/teleop_tools_msgs/hook/cmake_prefix_path.sh'
[5.137s] Level 1:colcon.colcon_core.environment:checking '/home/hanjh/F1_TENTH_UNITA/install/teleop_tools_msgs/lib'
[5.138s] Level 1:colcon.colcon_core.shell:create_environment_hook('teleop_tools_msgs', 'ld_library_path_lib')
[5.138s] INFO:colcon.colcon_core.shell:Creating environment hook '/home/hanjh/F1_TENTH_UNITA/install/teleop_tools_msgs/share/teleop_tools_msgs/hook/ld_library_path_lib.ps1'
[5.138s] INFO:colcon.colcon_core.shell:Creating environment descriptor '/home/hanjh/F1_TENTH_UNITA/install/teleop_tools_msgs/share/teleop_tools_msgs/hook/ld_library_path_lib.dsv'
[5.139s] INFO:colcon.colcon_core.shell:Creating environment hook '/home/hanjh/F1_TENTH_UNITA/install/teleop_tools_msgs/share/teleop_tools_msgs/hook/ld_library_path_lib.sh'
[5.139s] Level 1:colcon.colcon_core.environment:checking '/home/hanjh/F1_TENTH_UNITA/install/teleop_tools_msgs/bin'
[5.139s] Level 1:colcon.colcon_core.environment:checking '/home/hanjh/F1_TENTH_UNITA/install/teleop_tools_msgs/lib/pkgconfig/teleop_tools_msgs.pc'
[5.140s] Level 1:colcon.colcon_core.environment:checking '/home/hanjh/F1_TENTH_UNITA/install/teleop_tools_msgs/lib/python3.10/site-packages'
[5.140s] Level 1:colcon.colcon_core.environment:checking '/home/hanjh/F1_TENTH_UNITA/install/teleop_tools_msgs/bin'
[5.141s] INFO:colcon.colcon_core.shell:Creating package script '/home/hanjh/F1_TENTH_UNITA/install/teleop_tools_msgs/share/teleop_tools_msgs/package.ps1'
[5.141s] INFO:colcon.colcon_core.shell:Creating package descriptor '/home/hanjh/F1_TENTH_UNITA/install/teleop_tools_msgs/share/teleop_tools_msgs/package.dsv'
[5.142s] INFO:colcon.colcon_core.shell:Creating package script '/home/hanjh/F1_TENTH_UNITA/install/teleop_tools_msgs/share/teleop_tools_msgs/package.sh'
[5.142s] INFO:colcon.colcon_core.shell:Creating package script '/home/hanjh/F1_TENTH_UNITA/install/teleop_tools_msgs/share/teleop_tools_msgs/package.bash'
[5.143s] INFO:colcon.colcon_core.shell:Creating package script '/home/hanjh/F1_TENTH_UNITA/install/teleop_tools_msgs/share/teleop_tools_msgs/package.zsh'
[5.143s] Level 1:colcon.colcon_core.environment:create_file_with_runtime_dependencies(/home/hanjh/F1_TENTH_UNITA/install/teleop_tools_msgs/share/colcon-core/packages/teleop_tools_msgs)
[5.144s] Level 1:colcon.colcon_core.environment:create_environment_scripts_only(teleop_tools_msgs)
[5.144s] Level 1:colcon.colcon_core.environment:checking '/home/hanjh/F1_TENTH_UNITA/install/teleop_tools_msgs' for CMake module files
[5.145s] Level 1:colcon.colcon_core.environment:checking '/home/hanjh/F1_TENTH_UNITA/install/teleop_tools_msgs' for CMake config files
[5.145s] Level 1:colcon.colcon_core.shell:create_environment_hook('teleop_tools_msgs', 'cmake_prefix_path')
[5.146s] INFO:colcon.colcon_core.shell:Creating environment hook '/home/hanjh/F1_TENTH_UNITA/install/teleop_tools_msgs/share/teleop_tools_msgs/hook/cmake_prefix_path.ps1'
[5.146s] INFO:colcon.colcon_core.shell:Creating environment descriptor '/home/hanjh/F1_TENTH_UNITA/install/teleop_tools_msgs/share/teleop_tools_msgs/hook/cmake_prefix_path.dsv'
[5.147s] INFO:colcon.colcon_core.shell:Creating environment hook '/home/hanjh/F1_TENTH_UNITA/install/teleop_tools_msgs/share/teleop_tools_msgs/hook/cmake_prefix_path.sh'
[5.147s] Level 1:colcon.colcon_core.environment:checking '/home/hanjh/F1_TENTH_UNITA/install/teleop_tools_msgs/lib'
[5.147s] Level 1:colcon.colcon_core.shell:create_environment_hook('teleop_tools_msgs', 'ld_library_path_lib')
[5.148s] INFO:colcon.colcon_core.shell:Creating environment hook '/home/hanjh/F1_TENTH_UNITA/install/teleop_tools_msgs/share/teleop_tools_msgs/hook/ld_library_path_lib.ps1'
[5.148s] INFO:colcon.colcon_core.shell:Creating environment descriptor '/home/hanjh/F1_TENTH_UNITA/install/teleop_tools_msgs/share/teleop_tools_msgs/hook/ld_library_path_lib.dsv'
[5.149s] INFO:colcon.colcon_core.shell:Creating environment hook '/home/hanjh/F1_TENTH_UNITA/install/teleop_tools_msgs/share/teleop_tools_msgs/hook/ld_library_path_lib.sh'
[5.149s] Level 1:colcon.colcon_core.environment:checking '/home/hanjh/F1_TENTH_UNITA/install/teleop_tools_msgs/bin'
[5.149s] Level 1:colcon.colcon_core.environment:checking '/home/hanjh/F1_TENTH_UNITA/install/teleop_tools_msgs/lib/pkgconfig/teleop_tools_msgs.pc'
[5.149s] Level 1:colcon.colcon_core.environment:checking '/home/hanjh/F1_TENTH_UNITA/install/teleop_tools_msgs/lib/python3.10/site-packages'
[5.150s] Level 1:colcon.colcon_core.environment:checking '/home/hanjh/F1_TENTH_UNITA/install/teleop_tools_msgs/bin'
[5.150s] INFO:colcon.colcon_core.shell:Creating package script '/home/hanjh/F1_TENTH_UNITA/install/teleop_tools_msgs/share/teleop_tools_msgs/package.ps1'
[5.150s] INFO:colcon.colcon_core.shell:Creating package descriptor '/home/hanjh/F1_TENTH_UNITA/install/teleop_tools_msgs/share/teleop_tools_msgs/package.dsv'
[5.151s] INFO:colcon.colcon_core.shell:Creating package script '/home/hanjh/F1_TENTH_UNITA/install/teleop_tools_msgs/share/teleop_tools_msgs/package.sh'
[5.151s] INFO:colcon.colcon_core.shell:Creating package script '/home/hanjh/F1_TENTH_UNITA/install/teleop_tools_msgs/share/teleop_tools_msgs/package.bash'
[5.152s] INFO:colcon.colcon_core.shell:Creating package script '/home/hanjh/F1_TENTH_UNITA/install/teleop_tools_msgs/share/teleop_tools_msgs/package.zsh'
[5.152s] Level 1:colcon.colcon_core.environment:create_file_with_runtime_dependencies(/home/hanjh/F1_TENTH_UNITA/install/teleop_tools_msgs/share/colcon-core/packages/teleop_tools_msgs)
[5.153s] INFO:colcon.colcon_ros.task.ament_python.build:Building ROS package in '/home/hanjh/F1_TENTH_UNITA/src/race_stack/base_system/f1tenth_system/teleop_tools/joy_teleop' with build type 'ament_python'
[5.153s] Level 1:colcon.colcon_core.shell:create_environment_hook('joy_teleop', 'ament_prefix_path')
[5.153s] INFO:colcon.colcon_core.shell:Creating environment hook '/home/hanjh/F1_TENTH_UNITA/install/joy_teleop/share/joy_teleop/hook/ament_prefix_path.ps1'
[5.154s] INFO:colcon.colcon_core.shell:Creating environment descriptor '/home/hanjh/F1_TENTH_UNITA/install/joy_teleop/share/joy_teleop/hook/ament_prefix_path.dsv'
[5.154s] INFO:colcon.colcon_core.shell:Creating environment hook '/home/hanjh/F1_TENTH_UNITA/install/joy_teleop/share/joy_teleop/hook/ament_prefix_path.sh'
[5.155s] INFO:colcon.colcon_core.shell:Skip shell extension 'powershell' for command environment: Not usable outside of PowerShell
[5.155s] DEBUG:colcon.colcon_core.shell:Skip shell extension 'dsv' for command environment
[5.160s] Level 1:colcon.colcon_core.environment:create_environment_scripts_only(vesc_msgs)
[5.161s] Level 1:colcon.colcon_core.environment:checking '/home/hanjh/F1_TENTH_UNITA/install/vesc_msgs' for CMake module files
[5.162s] DEBUG:colcon.colcon_core.event_handler.log_command:Invoked command in '/home/hanjh/F1_TENTH_UNITA/build/vesc_msgs' returned '0': CMAKE_PREFIX_PATH=${CMAKE_PREFIX_PATH}:/home/hanjh/F1_TENTH_UNITA/install/f1tenth_stack:/home/hanjh/F1_TENTH_UNITA/install/joy_teleop:/home/hanjh/F1_TENTH_UNITA/install/steering_lookup:/home/hanjh/F1_TENTH_UNITA/install/state_machine:/home/hanjh/F1_TENTH_UNITA/install/slam_tuner:/home/hanjh/F1_TENTH_UNITA/install/state_estimation:/home/hanjh/F1_TENTH_UNITA/install/map_editor:/home/hanjh/F1_TENTH_UNITA/install/stack_master:/home/hanjh/F1_TENTH_UNITA/install/spline_planner:/home/hanjh/F1_TENTH_UNITA/install/sector_tuner:/home/hanjh/F1_TENTH_UNITA/install/perception:/home/hanjh/F1_TENTH_UNITA/install/opponent_publisher:/home/hanjh/F1_TENTH_UNITA/install/mouse_teleop:/home/hanjh/F1_TENTH_UNITA/install/lap_analyser:/home/hanjh/F1_TENTH_UNITA/install/key_teleop:/home/hanjh/F1_TENTH_UNITA/install/id_controller:/home/hanjh/F1_TENTH_UNITA/install/global_planner:/home/hanjh/F1_TENTH_UNITA/install/frenet_odom_republisher:/home/hanjh/F1_TENTH_UNITA/install/frenet_conversion:/home/hanjh/F1_TENTH_UNITA/install/f1tenth_gym_ros:/home/hanjh/F1_TENTH_UNITA/install/controller:/home/hanjh/ros2_ws/install/tutorial_topic:/home/hanjh/ros2_ws/install/tutorial_service:/home/hanjh/ros2_ws/install/tutorial_action:/home/hanjh/ros2_ws/install/node_exercise:/home/hanjh/ros2_ws/install/my_package:/home/hanjh/ros2_ws/install/moving_services:/home/hanjh/ros2_ws/install/logger_test:/home/hanjh/ros2_ws/install/elevator_vision:/home/hanjh/ros2_ws/install/ebimu_pkg:/home/hanjh/ros2_ws/install/debug_pkg:/home/hanjh/ros2_ws/install/custom_interface_example:/home/hanjh/ros2_ws/install/camera_perception_pkg:/opt/ros/humble /usr/bin/cmake --install /home/hanjh/F1_TENTH_UNITA/build/vesc_msgs
[5.162s] Level 1:colcon.colcon_core.environment:checking '/home/hanjh/F1_TENTH_UNITA/install/vesc_msgs' for CMake config files
[5.163s] Level 1:colcon.colcon_core.shell:create_environment_hook('vesc_msgs', 'cmake_prefix_path')
[5.163s] INFO:colcon.colcon_core.shell:Creating environment hook '/home/hanjh/F1_TENTH_UNITA/install/vesc_msgs/share/vesc_msgs/hook/cmake_prefix_path.ps1'
[5.165s] INFO:colcon.colcon_core.shell:Creating environment descriptor '/home/hanjh/F1_TENTH_UNITA/install/vesc_msgs/share/vesc_msgs/hook/cmake_prefix_path.dsv'
[5.165s] INFO:colcon.colcon_core.shell:Creating environment hook '/home/hanjh/F1_TENTH_UNITA/install/vesc_msgs/share/vesc_msgs/hook/cmake_prefix_path.sh'
[5.166s] Level 1:colcon.colcon_core.environment:checking '/home/hanjh/F1_TENTH_UNITA/install/vesc_msgs/lib'
[5.166s] Level 1:colcon.colcon_core.shell:create_environment_hook('vesc_msgs', 'ld_library_path_lib')
[5.167s] INFO:colcon.colcon_core.shell:Creating environment hook '/home/hanjh/F1_TENTH_UNITA/install/vesc_msgs/share/vesc_msgs/hook/ld_library_path_lib.ps1'
[5.167s] INFO:colcon.colcon_core.shell:Creating environment descriptor '/home/hanjh/F1_TENTH_UNITA/install/vesc_msgs/share/vesc_msgs/hook/ld_library_path_lib.dsv'
[5.167s] INFO:colcon.colcon_core.shell:Creating environment hook '/home/hanjh/F1_TENTH_UNITA/install/vesc_msgs/share/vesc_msgs/hook/ld_library_path_lib.sh'
[5.168s] Level 1:colcon.colcon_core.environment:checking '/home/hanjh/F1_TENTH_UNITA/install/vesc_msgs/bin'
[5.168s] Level 1:colcon.colcon_core.environment:checking '/home/hanjh/F1_TENTH_UNITA/install/vesc_msgs/lib/pkgconfig/vesc_msgs.pc'
[5.168s] Level 1:colcon.colcon_core.environment:checking '/home/hanjh/F1_TENTH_UNITA/install/vesc_msgs/lib/python3.10/site-packages'
[5.169s] Level 1:colcon.colcon_core.environment:checking '/home/hanjh/F1_TENTH_UNITA/install/vesc_msgs/bin'
[5.169s] INFO:colcon.colcon_core.shell:Creating package script '/home/hanjh/F1_TENTH_UNITA/install/vesc_msgs/share/vesc_msgs/package.ps1'
[5.170s] INFO:colcon.colcon_core.shell:Creating package descriptor '/home/hanjh/F1_TENTH_UNITA/install/vesc_msgs/share/vesc_msgs/package.dsv'
[5.170s] INFO:colcon.colcon_core.shell:Creating package script '/home/hanjh/F1_TENTH_UNITA/install/vesc_msgs/share/vesc_msgs/package.sh'
[5.171s] INFO:colcon.colcon_core.shell:Creating package script '/home/hanjh/F1_TENTH_UNITA/install/vesc_msgs/share/vesc_msgs/package.bash'
[5.171s] INFO:colcon.colcon_core.shell:Creating package script '/home/hanjh/F1_TENTH_UNITA/install/vesc_msgs/share/vesc_msgs/package.zsh'
[5.172s] Level 1:colcon.colcon_core.environment:create_file_with_runtime_dependencies(/home/hanjh/F1_TENTH_UNITA/install/vesc_msgs/share/colcon-core/packages/vesc_msgs)
[5.173s] Level 1:colcon.colcon_core.environment:create_environment_scripts_only(vesc_msgs)
[5.173s] Level 1:colcon.colcon_core.environment:checking '/home/hanjh/F1_TENTH_UNITA/install/vesc_msgs' for CMake module files
[5.174s] Level 1:colcon.colcon_core.environment:checking '/home/hanjh/F1_TENTH_UNITA/install/vesc_msgs' for CMake config files
[5.174s] Level 1:colcon.colcon_core.shell:create_environment_hook('vesc_msgs', 'cmake_prefix_path')
[5.175s] INFO:colcon.colcon_core.shell:Creating environment hook '/home/hanjh/F1_TENTH_UNITA/install/vesc_msgs/share/vesc_msgs/hook/cmake_prefix_path.ps1'
[5.175s] INFO:colcon.colcon_core.shell:Creating environment descriptor '/home/hanjh/F1_TENTH_UNITA/install/vesc_msgs/share/vesc_msgs/hook/cmake_prefix_path.dsv'
[5.175s] INFO:colcon.colcon_core.shell:Creating environment hook '/home/hanjh/F1_TENTH_UNITA/install/vesc_msgs/share/vesc_msgs/hook/cmake_prefix_path.sh'
[5.176s] Level 1:colcon.colcon_core.environment:checking '/home/hanjh/F1_TENTH_UNITA/install/vesc_msgs/lib'
[5.176s] Level 1:colcon.colcon_core.shell:create_environment_hook('vesc_msgs', 'ld_library_path_lib')
[5.176s] INFO:colcon.colcon_core.shell:Creating environment hook '/home/hanjh/F1_TENTH_UNITA/install/vesc_msgs/share/vesc_msgs/hook/ld_library_path_lib.ps1'
[5.176s] INFO:colcon.colcon_core.shell:Creating environment descriptor '/home/hanjh/F1_TENTH_UNITA/install/vesc_msgs/share/vesc_msgs/hook/ld_library_path_lib.dsv'
[5.177s] INFO:colcon.colcon_core.shell:Creating environment hook '/home/hanjh/F1_TENTH_UNITA/install/vesc_msgs/share/vesc_msgs/hook/ld_library_path_lib.sh'
[5.177s] Level 1:colcon.colcon_core.environment:checking '/home/hanjh/F1_TENTH_UNITA/install/vesc_msgs/bin'
[5.177s] Level 1:colcon.colcon_core.environment:checking '/home/hanjh/F1_TENTH_UNITA/install/vesc_msgs/lib/pkgconfig/vesc_msgs.pc'
[5.177s] Level 1:colcon.colcon_core.environment:checking '/home/hanjh/F1_TENTH_UNITA/install/vesc_msgs/lib/python3.10/site-packages'
[5.177s] Level 1:colcon.colcon_core.environment:checking '/home/hanjh/F1_TENTH_UNITA/install/vesc_msgs/bin'
[5.178s] INFO:colcon.colcon_core.shell:Creating package script '/home/hanjh/F1_TENTH_UNITA/install/vesc_msgs/share/vesc_msgs/package.ps1'
[5.178s] INFO:colcon.colcon_core.shell:Creating package descriptor '/home/hanjh/F1_TENTH_UNITA/install/vesc_msgs/share/vesc_msgs/package.dsv'
[5.179s] INFO:colcon.colcon_core.shell:Creating package script '/home/hanjh/F1_TENTH_UNITA/install/vesc_msgs/share/vesc_msgs/package.sh'
[5.179s] INFO:colcon.colcon_core.shell:Creating package script '/home/hanjh/F1_TENTH_UNITA/install/vesc_msgs/share/vesc_msgs/package.bash'
[5.180s] INFO:colcon.colcon_core.shell:Creating package script '/home/hanjh/F1_TENTH_UNITA/install/vesc_msgs/share/vesc_msgs/package.zsh'
[5.180s] Level 1:colcon.colcon_core.environment:create_file_with_runtime_dependencies(/home/hanjh/F1_TENTH_UNITA/install/vesc_msgs/share/colcon-core/packages/vesc_msgs)
[5.181s] INFO:colcon.colcon_ros.task.ament_cmake.build:Building ROS package in '/home/hanjh/F1_TENTH_UNITA/src/race_stack/sensors/vesc/vesc_ackermann' with build type 'ament_cmake'
[5.181s] INFO:colcon.colcon_cmake.task.cmake.build:Building CMake package in '/home/hanjh/F1_TENTH_UNITA/src/race_stack/sensors/vesc/vesc_ackermann'
[5.181s] INFO:colcon.colcon_core.shell:Skip shell extension 'powershell' for command environment: Not usable outside of PowerShell
[5.181s] DEBUG:colcon.colcon_core.shell:Skip shell extension 'dsv' for command environment
[5.188s] Level 1:colcon.colcon_core.environment:create_environment_scripts_only(f110_msgs)
[5.188s] Level 1:colcon.colcon_core.environment:checking '/home/hanjh/F1_TENTH_UNITA/install/f110_msgs' for CMake module files
[5.189s] Level 1:colcon.colcon_core.environment:checking '/home/hanjh/F1_TENTH_UNITA/install/f110_msgs' for CMake config files
[5.189s] Level 1:colcon.colcon_core.shell:create_environment_hook('f110_msgs', 'cmake_prefix_path')
[5.190s] INFO:colcon.colcon_core.shell:Creating environment hook '/home/hanjh/F1_TENTH_UNITA/install/f110_msgs/share/f110_msgs/hook/cmake_prefix_path.ps1'
[5.190s] INFO:colcon.colcon_core.shell:Creating environment descriptor '/home/hanjh/F1_TENTH_UNITA/install/f110_msgs/share/f110_msgs/hook/cmake_prefix_path.dsv'
[5.191s] DEBUG:colcon.colcon_core.event_handler.log_command:Invoked command in '/home/hanjh/F1_TENTH_UNITA/build/f110_msgs' returned '0': CMAKE_PREFIX_PATH=${CMAKE_PREFIX_PATH}:/home/hanjh/F1_TENTH_UNITA/install/f1tenth_stack:/home/hanjh/F1_TENTH_UNITA/install/joy_teleop:/home/hanjh/F1_TENTH_UNITA/install/steering_lookup:/home/hanjh/F1_TENTH_UNITA/install/state_machine:/home/hanjh/F1_TENTH_UNITA/install/slam_tuner:/home/hanjh/F1_TENTH_UNITA/install/state_estimation:/home/hanjh/F1_TENTH_UNITA/install/map_editor:/home/hanjh/F1_TENTH_UNITA/install/stack_master:/home/hanjh/F1_TENTH_UNITA/install/spline_planner:/home/hanjh/F1_TENTH_UNITA/install/sector_tuner:/home/hanjh/F1_TENTH_UNITA/install/perception:/home/hanjh/F1_TENTH_UNITA/install/opponent_publisher:/home/hanjh/F1_TENTH_UNITA/install/mouse_teleop:/home/hanjh/F1_TENTH_UNITA/install/lap_analyser:/home/hanjh/F1_TENTH_UNITA/install/key_teleop:/home/hanjh/F1_TENTH_UNITA/install/id_controller:/home/hanjh/F1_TENTH_UNITA/install/global_planner:/home/hanjh/F1_TENTH_UNITA/install/frenet_odom_republisher:/home/hanjh/F1_TENTH_UNITA/install/frenet_conversion:/home/hanjh/F1_TENTH_UNITA/install/f1tenth_gym_ros:/home/hanjh/F1_TENTH_UNITA/install/controller:/home/hanjh/ros2_ws/install/tutorial_topic:/home/hanjh/ros2_ws/install/tutorial_service:/home/hanjh/ros2_ws/install/tutorial_action:/home/hanjh/ros2_ws/install/node_exercise:/home/hanjh/ros2_ws/install/my_package:/home/hanjh/ros2_ws/install/moving_services:/home/hanjh/ros2_ws/install/logger_test:/home/hanjh/ros2_ws/install/elevator_vision:/home/hanjh/ros2_ws/install/ebimu_pkg:/home/hanjh/ros2_ws/install/debug_pkg:/home/hanjh/ros2_ws/install/custom_interface_example:/home/hanjh/ros2_ws/install/camera_perception_pkg:/opt/ros/humble /usr/bin/cmake --install /home/hanjh/F1_TENTH_UNITA/build/f110_msgs
[5.191s] INFO:colcon.colcon_core.shell:Creating environment hook '/home/hanjh/F1_TENTH_UNITA/install/f110_msgs/share/f110_msgs/hook/cmake_prefix_path.sh'
[5.191s] Level 1:colcon.colcon_core.environment:checking '/home/hanjh/F1_TENTH_UNITA/install/f110_msgs/lib'
[5.191s] Level 1:colcon.colcon_core.shell:create_environment_hook('f110_msgs', 'ld_library_path_lib')
[5.192s] INFO:colcon.colcon_core.shell:Creating environment hook '/home/hanjh/F1_TENTH_UNITA/install/f110_msgs/share/f110_msgs/hook/ld_library_path_lib.ps1'
[5.192s] INFO:colcon.colcon_core.shell:Creating environment descriptor '/home/hanjh/F1_TENTH_UNITA/install/f110_msgs/share/f110_msgs/hook/ld_library_path_lib.dsv'
[5.192s] INFO:colcon.colcon_core.shell:Creating environment hook '/home/hanjh/F1_TENTH_UNITA/install/f110_msgs/share/f110_msgs/hook/ld_library_path_lib.sh'
[5.193s] Level 1:colcon.colcon_core.environment:checking '/home/hanjh/F1_TENTH_UNITA/install/f110_msgs/bin'
[5.193s] Level 1:colcon.colcon_core.environment:checking '/home/hanjh/F1_TENTH_UNITA/install/f110_msgs/lib/pkgconfig/f110_msgs.pc'
[5.193s] Level 1:colcon.colcon_core.environment:checking '/home/hanjh/F1_TENTH_UNITA/install/f110_msgs/lib/python3.10/site-packages'
[5.193s] Level 1:colcon.colcon_core.environment:checking '/home/hanjh/F1_TENTH_UNITA/install/f110_msgs/bin'
[5.194s] INFO:colcon.colcon_core.shell:Creating package script '/home/hanjh/F1_TENTH_UNITA/install/f110_msgs/share/f110_msgs/package.ps1'
[5.194s] INFO:colcon.colcon_core.shell:Creating package descriptor '/home/hanjh/F1_TENTH_UNITA/install/f110_msgs/share/f110_msgs/package.dsv'
[5.195s] INFO:colcon.colcon_core.shell:Creating package script '/home/hanjh/F1_TENTH_UNITA/install/f110_msgs/share/f110_msgs/package.sh'
[5.195s] INFO:colcon.colcon_core.shell:Creating package script '/home/hanjh/F1_TENTH_UNITA/install/f110_msgs/share/f110_msgs/package.bash'
[5.195s] INFO:colcon.colcon_core.shell:Creating package script '/home/hanjh/F1_TENTH_UNITA/install/f110_msgs/share/f110_msgs/package.zsh'
[5.195s] Level 1:colcon.colcon_core.environment:create_file_with_runtime_dependencies(/home/hanjh/F1_TENTH_UNITA/install/f110_msgs/share/colcon-core/packages/f110_msgs)
[5.196s] Level 1:colcon.colcon_core.environment:create_environment_scripts_only(f110_msgs)
[5.196s] Level 1:colcon.colcon_core.environment:checking '/home/hanjh/F1_TENTH_UNITA/install/f110_msgs' for CMake module files
[5.197s] Level 1:colcon.colcon_core.environment:checking '/home/hanjh/F1_TENTH_UNITA/install/f110_msgs' for CMake config files
[5.197s] Level 1:colcon.colcon_core.shell:create_environment_hook('f110_msgs', 'cmake_prefix_path')
[5.197s] INFO:colcon.colcon_core.shell:Creating environment hook '/home/hanjh/F1_TENTH_UNITA/install/f110_msgs/share/f110_msgs/hook/cmake_prefix_path.ps1'
[5.198s] INFO:colcon.colcon_core.shell:Creating environment descriptor '/home/hanjh/F1_TENTH_UNITA/install/f110_msgs/share/f110_msgs/hook/cmake_prefix_path.dsv'
[5.198s] INFO:colcon.colcon_core.shell:Creating environment hook '/home/hanjh/F1_TENTH_UNITA/install/f110_msgs/share/f110_msgs/hook/cmake_prefix_path.sh'
[5.198s] Level 1:colcon.colcon_core.environment:checking '/home/hanjh/F1_TENTH_UNITA/install/f110_msgs/lib'
[5.198s] Level 1:colcon.colcon_core.shell:create_environment_hook('f110_msgs', 'ld_library_path_lib')
[5.198s] INFO:colcon.colcon_core.shell:Creating environment hook '/home/hanjh/F1_TENTH_UNITA/install/f110_msgs/share/f110_msgs/hook/ld_library_path_lib.ps1'
[5.199s] INFO:colcon.colcon_core.shell:Creating environment descriptor '/home/hanjh/F1_TENTH_UNITA/install/f110_msgs/share/f110_msgs/hook/ld_library_path_lib.dsv'
[5.199s] INFO:colcon.colcon_core.shell:Creating environment hook '/home/hanjh/F1_TENTH_UNITA/install/f110_msgs/share/f110_msgs/hook/ld_library_path_lib.sh'
[5.199s] Level 1:colcon.colcon_core.environment:checking '/home/hanjh/F1_TENTH_UNITA/install/f110_msgs/bin'
[5.199s] Level 1:colcon.colcon_core.environment:checking '/home/hanjh/F1_TENTH_UNITA/install/f110_msgs/lib/pkgconfig/f110_msgs.pc'
[5.200s] Level 1:colcon.colcon_core.environment:checking '/home/hanjh/F1_TENTH_UNITA/install/f110_msgs/lib/python3.10/site-packages'
[5.200s] Level 1:colcon.colcon_core.environment:checking '/home/hanjh/F1_TENTH_UNITA/install/f110_msgs/bin'
[5.200s] INFO:colcon.colcon_core.shell:Creating package script '/home/hanjh/F1_TENTH_UNITA/install/f110_msgs/share/f110_msgs/package.ps1'
[5.201s] INFO:colcon.colcon_core.shell:Creating package descriptor '/home/hanjh/F1_TENTH_UNITA/install/f110_msgs/share/f110_msgs/package.dsv'
[5.201s] INFO:colcon.colcon_core.shell:Creating package script '/home/hanjh/F1_TENTH_UNITA/install/f110_msgs/share/f110_msgs/package.sh'
[5.201s] INFO:colcon.colcon_core.shell:Creating package script '/home/hanjh/F1_TENTH_UNITA/install/f110_msgs/share/f110_msgs/package.bash'
[5.202s] INFO:colcon.colcon_core.shell:Creating package script '/home/hanjh/F1_TENTH_UNITA/install/f110_msgs/share/f110_msgs/package.zsh'
[5.202s] Level 1:colcon.colcon_core.environment:create_file_with_runtime_dependencies(/home/hanjh/F1_TENTH_UNITA/install/f110_msgs/share/colcon-core/packages/f110_msgs)
[5.686s] INFO:colcon.colcon_core.task.python.build:Building Python package in '/home/hanjh/F1_TENTH_UNITA/src/race_stack/perception'
[5.686s] INFO:colcon.colcon_core.shell:Skip shell extension 'powershell' for command environment: Not usable outside of PowerShell
[5.686s] DEBUG:colcon.colcon_core.shell:Skip shell extension 'dsv' for command environment
[5.693s] INFO:colcon.colcon_ros.task.ament_cmake.build:Building ROS package in '/home/hanjh/F1_TENTH_UNITA/src/race_stack/sensors/vesc/vesc_driver' with build type 'ament_cmake'
[5.693s] INFO:colcon.colcon_cmake.task.cmake.build:Building CMake package in '/home/hanjh/F1_TENTH_UNITA/src/race_stack/sensors/vesc/vesc_driver'
[5.694s] INFO:colcon.colcon_core.shell:Skip shell extension 'powershell' for command environment: Not usable outside of PowerShell
[5.694s] DEBUG:colcon.colcon_core.shell:Skip shell extension 'dsv' for command environment
[6.127s] INFO:colcon.colcon_core.task.python.build:Building Python package in '/home/hanjh/F1_TENTH_UNITA/src/race_stack/base_system/f1tenth_system/teleop_tools/joy_teleop'
[6.127s] INFO:colcon.colcon_core.shell:Skip shell extension 'powershell' for command environment: Not usable outside of PowerShell
[6.127s] DEBUG:colcon.colcon_core.shell:Skip shell extension 'dsv' for command environment
[6.135s] DEBUG:colcon.colcon_core.event_handler.log_command:Invoking command in '/home/hanjh/F1_TENTH_UNITA/build/vesc_ackermann': CMAKE_PREFIX_PATH=/home/hanjh/F1_TENTH_UNITA/install/vesc_msgs:/home/hanjh/F1_TENTH_UNITA/install/vesc:/home/hanjh/F1_TENTH_UNITA/install/vesc_driver:/home/hanjh/F1_TENTH_UNITA/install/vesc_ackermann:/home/hanjh/F1_TENTH_UNITA/install/teleop_tools:/home/hanjh/F1_TENTH_UNITA/install/teleop_tools_msgs:/home/hanjh/F1_TENTH_UNITA/install/f110_msgs:/home/hanjh/F1_TENTH_UNITA/install/ackermann_mux:/home/hanjh/ros2_ws/install/custom_interfaces:/home/hanjh/F1_TENTH_UNITA/install/f1tenth_stack:/home/hanjh/F1_TENTH_UNITA/install/joy_teleop:/home/hanjh/F1_TENTH_UNITA/install/steering_lookup:/home/hanjh/F1_TENTH_UNITA/install/state_machine:/home/hanjh/F1_TENTH_UNITA/install/slam_tuner:/home/hanjh/F1_TENTH_UNITA/install/state_estimation:/home/hanjh/F1_TENTH_UNITA/install/map_editor:/home/hanjh/F1_TENTH_UNITA/install/stack_master:/home/hanjh/F1_TENTH_UNITA/install/spline_planner:/home/hanjh/F1_TENTH_UNITA/install/sector_tuner:/home/hanjh/F1_TENTH_UNITA/install/perception:/home/hanjh/F1_TENTH_UNITA/install/opponent_publisher:/home/hanjh/F1_TENTH_UNITA/install/mouse_teleop:/home/hanjh/F1_TENTH_UNITA/install/lap_analyser:/home/hanjh/F1_TENTH_UNITA/install/key_teleop:/home/hanjh/F1_TENTH_UNITA/install/id_controller:/home/hanjh/F1_TENTH_UNITA/install/global_planner:/home/hanjh/F1_TENTH_UNITA/install/frenet_odom_republisher:/home/hanjh/F1_TENTH_UNITA/install/frenet_conversion:/home/hanjh/F1_TENTH_UNITA/install/f1tenth_gym_ros:/home/hanjh/F1_TENTH_UNITA/install/controller:/home/hanjh/ros2_ws/install/tutorial_topic:/home/hanjh/ros2_ws/install/tutorial_service:/home/hanjh/ros2_ws/install/tutorial_action:/home/hanjh/ros2_ws/install/node_exercise:/home/hanjh/ros2_ws/install/my_package:/home/hanjh/ros2_ws/install/moving_services:/home/hanjh/ros2_ws/install/logger_test:/home/hanjh/ros2_ws/install/elevator_vision:/home/hanjh/ros2_ws/install/ebimu_pkg:/home/hanjh/ros2_ws/install/debug_pkg:/home/hanjh/ros2_ws/install/custom_interface_example:/home/hanjh/ros2_ws/install/camera_perception_pkg:/opt/ros/humble LD_LIBRARY_PATH=/home/hanjh/F1_TENTH_UNITA/install/vesc_msgs/lib:/home/hanjh/F1_TENTH_UNITA/install/vesc_driver/lib:/home/hanjh/F1_TENTH_UNITA/install/vesc_ackermann/lib:/home/hanjh/F1_TENTH_UNITA/install/teleop_tools_msgs/lib:/home/hanjh/F1_TENTH_UNITA/install/f110_msgs/lib:/home/hanjh/ros2_ws/install/custom_interfaces/lib:/usr/lib/x86_64-linux-gnu/gazebo-11/plugins:/opt/ros/humble/opt/rviz_ogre_vendor/lib:/opt/ros/humble/lib/x86_64-linux-gnu:/opt/ros/humble/lib /usr/bin/cmake --build /home/hanjh/F1_TENTH_UNITA/build/vesc_ackermann -- -j16 -l16
[6.141s] DEBUG:colcon.colcon_core.event_handler.log_command:Invoking command in '/home/hanjh/F1_TENTH_UNITA/build/f1tenth_gym_ros': PYTHONPATH=/home/hanjh/F1_TENTH_UNITA/build/f1tenth_gym_ros/prefix_override:/usr/lib/python3/dist-packages/colcon_core/task/python/colcon_distutils_commands:/home/hanjh/F1_TENTH_UNITA/install/f1tenth_gym_ros/lib/python3.10/site-packages:${PYTHONPATH} /usr/bin/python3 -W ignore:setup.py install is deprecated -W ignore:easy_install command is deprecated setup.py develop --editable --build-directory /home/hanjh/F1_TENTH_UNITA/build/f1tenth_gym_ros/build --no-deps symlink_data
[6.144s] DEBUG:colcon.colcon_core.event_handler.log_command:Invoking command in '/home/hanjh/F1_TENTH_UNITA/build/vesc_driver': CMAKE_PREFIX_PATH=/home/hanjh/F1_TENTH_UNITA/install/vesc_msgs:/home/hanjh/F1_TENTH_UNITA/install/vesc:/home/hanjh/F1_TENTH_UNITA/install/vesc_driver:/home/hanjh/F1_TENTH_UNITA/install/vesc_ackermann:/home/hanjh/F1_TENTH_UNITA/install/teleop_tools:/home/hanjh/F1_TENTH_UNITA/install/teleop_tools_msgs:/home/hanjh/F1_TENTH_UNITA/install/f110_msgs:/home/hanjh/F1_TENTH_UNITA/install/ackermann_mux:/home/hanjh/ros2_ws/install/custom_interfaces:/home/hanjh/F1_TENTH_UNITA/install/f1tenth_stack:/home/hanjh/F1_TENTH_UNITA/install/joy_teleop:/home/hanjh/F1_TENTH_UNITA/install/steering_lookup:/home/hanjh/F1_TENTH_UNITA/install/state_machine:/home/hanjh/F1_TENTH_UNITA/install/slam_tuner:/home/hanjh/F1_TENTH_UNITA/install/state_estimation:/home/hanjh/F1_TENTH_UNITA/install/map_editor:/home/hanjh/F1_TENTH_UNITA/install/stack_master:/home/hanjh/F1_TENTH_UNITA/install/spline_planner:/home/hanjh/F1_TENTH_UNITA/install/sector_tuner:/home/hanjh/F1_TENTH_UNITA/install/perception:/home/hanjh/F1_TENTH_UNITA/install/opponent_publisher:/home/hanjh/F1_TENTH_UNITA/install/mouse_teleop:/home/hanjh/F1_TENTH_UNITA/install/lap_analyser:/home/hanjh/F1_TENTH_UNITA/install/key_teleop:/home/hanjh/F1_TENTH_UNITA/install/id_controller:/home/hanjh/F1_TENTH_UNITA/install/global_planner:/home/hanjh/F1_TENTH_UNITA/install/frenet_odom_republisher:/home/hanjh/F1_TENTH_UNITA/install/frenet_conversion:/home/hanjh/F1_TENTH_UNITA/install/f1tenth_gym_ros:/home/hanjh/F1_TENTH_UNITA/install/controller:/home/hanjh/ros2_ws/install/tutorial_topic:/home/hanjh/ros2_ws/install/tutorial_service:/home/hanjh/ros2_ws/install/tutorial_action:/home/hanjh/ros2_ws/install/node_exercise:/home/hanjh/ros2_ws/install/my_package:/home/hanjh/ros2_ws/install/moving_services:/home/hanjh/ros2_ws/install/logger_test:/home/hanjh/ros2_ws/install/elevator_vision:/home/hanjh/ros2_ws/install/ebimu_pkg:/home/hanjh/ros2_ws/install/debug_pkg:/home/hanjh/ros2_ws/install/custom_interface_example:/home/hanjh/ros2_ws/install/camera_perception_pkg:/opt/ros/humble LD_LIBRARY_PATH=/home/hanjh/F1_TENTH_UNITA/install/vesc_msgs/lib:/home/hanjh/F1_TENTH_UNITA/install/vesc_driver/lib:/home/hanjh/F1_TENTH_UNITA/install/vesc_ackermann/lib:/home/hanjh/F1_TENTH_UNITA/install/teleop_tools_msgs/lib:/home/hanjh/F1_TENTH_UNITA/install/f110_msgs/lib:/home/hanjh/ros2_ws/install/custom_interfaces/lib:/usr/lib/x86_64-linux-gnu/gazebo-11/plugins:/opt/ros/humble/opt/rviz_ogre_vendor/lib:/opt/ros/humble/lib/x86_64-linux-gnu:/opt/ros/humble/lib /usr/bin/cmake --build /home/hanjh/F1_TENTH_UNITA/build/vesc_driver -- -j16 -l16
[6.149s] DEBUG:colcon.colcon_core.event_handler.log_command:Invoking command in '/home/hanjh/F1_TENTH_UNITA/build/stack_master': PYTHONPATH=/home/hanjh/F1_TENTH_UNITA/build/stack_master/prefix_override:/usr/lib/python3/dist-packages/colcon_core/task/python/colcon_distutils_commands:/home/hanjh/F1_TENTH_UNITA/install/stack_master/lib/python3.10/site-packages:${PYTHONPATH} /usr/bin/python3 -W ignore:setup.py install is deprecated -W ignore:easy_install command is deprecated setup.py develop --editable --build-directory /home/hanjh/F1_TENTH_UNITA/build/stack_master/build --no-deps symlink_data
[6.150s] DEBUG:colcon.colcon_core.event_handler.log_command:Invoking command in '/home/hanjh/F1_TENTH_UNITA/build/global_planner': PYTHONPATH=/home/hanjh/F1_TENTH_UNITA/build/global_planner/prefix_override:/usr/lib/python3/dist-packages/colcon_core/task/python/colcon_distutils_commands:/home/hanjh/F1_TENTH_UNITA/install/global_planner/lib/python3.10/site-packages:${PYTHONPATH} /usr/bin/python3 -W ignore:setup.py install is deprecated -W ignore:easy_install command is deprecated setup.py develop --editable --build-directory /home/hanjh/F1_TENTH_UNITA/build/global_planner/build --no-deps symlink_data
[6.154s] DEBUG:colcon.colcon_core.event_handler.log_command:Invoking command in '/home/hanjh/F1_TENTH_UNITA/build/frenet_odom_republisher': PYTHONPATH=/home/hanjh/F1_TENTH_UNITA/build/frenet_odom_republisher/prefix_override:/usr/lib/python3/dist-packages/colcon_core/task/python/colcon_distutils_commands:/home/hanjh/F1_TENTH_UNITA/install/frenet_odom_republisher/lib/python3.10/site-packages:${PYTHONPATH} /usr/bin/python3 -W ignore:setup.py install is deprecated -W ignore:easy_install command is deprecated setup.py develop --editable --build-directory /home/hanjh/F1_TENTH_UNITA/build/frenet_odom_republisher/build --no-deps symlink_data
[6.155s] DEBUG:colcon.colcon_core.event_handler.log_command:Invoking command in '/home/hanjh/F1_TENTH_UNITA/build/opponent_publisher': PYTHONPATH=/home/hanjh/F1_TENTH_UNITA/build/opponent_publisher/prefix_override:/usr/lib/python3/dist-packages/colcon_core/task/python/colcon_distutils_commands:/home/hanjh/F1_TENTH_UNITA/install/opponent_publisher/lib/python3.10/site-packages:${PYTHONPATH} /usr/bin/python3 -W ignore:setup.py install is deprecated -W ignore:easy_install command is deprecated setup.py develop --editable --build-directory /home/hanjh/F1_TENTH_UNITA/build/opponent_publisher/build --no-deps symlink_data
[6.156s] DEBUG:colcon.colcon_core.event_handler.log_command:Invoking command in '/home/hanjh/F1_TENTH_UNITA/build/frenet_conversion': PYTHONPATH=/home/hanjh/F1_TENTH_UNITA/build/frenet_conversion/prefix_override:/usr/lib/python3/dist-packages/colcon_core/task/python/colcon_distutils_commands:/home/hanjh/F1_TENTH_UNITA/install/frenet_conversion/lib/python3.10/site-packages:${PYTHONPATH} /usr/bin/python3 -W ignore:setup.py install is deprecated -W ignore:easy_install command is deprecated setup.py develop --editable --build-directory /home/hanjh/F1_TENTH_UNITA/build/frenet_conversion/build --no-deps symlink_data
[6.158s] DEBUG:colcon.colcon_core.event_handler.log_command:Invoking command in '/home/hanjh/F1_TENTH_UNITA/build/controller': PYTHONPATH=/home/hanjh/F1_TENTH_UNITA/build/controller/prefix_override:/usr/lib/python3/dist-packages/colcon_core/task/python/colcon_distutils_commands:/home/hanjh/F1_TENTH_UNITA/install/controller/lib/python3.10/site-packages:${PYTHONPATH} /usr/bin/python3 -W ignore:setup.py install is deprecated -W ignore:easy_install command is deprecated setup.py develop --editable --build-directory /home/hanjh/F1_TENTH_UNITA/build/controller/build --no-deps symlink_data
[6.160s] DEBUG:colcon.colcon_core.event_handler.log_command:Invoking command in '/home/hanjh/F1_TENTH_UNITA/build/key_teleop': PYTHONPATH=/home/hanjh/F1_TENTH_UNITA/build/key_teleop/prefix_override:/usr/lib/python3/dist-packages/colcon_core/task/python/colcon_distutils_commands:/home/hanjh/F1_TENTH_UNITA/install/key_teleop/lib/python3.10/site-packages:${PYTHONPATH} /usr/bin/python3 -W ignore:setup.py install is deprecated -W ignore:easy_install command is deprecated setup.py develop --editable --build-directory /home/hanjh/F1_TENTH_UNITA/build/key_teleop/build --no-deps symlink_data
[6.162s] DEBUG:colcon.colcon_core.event_handler.log_command:Invoking command in '/home/hanjh/F1_TENTH_UNITA/build/state_estimation': PYTHONPATH=/home/hanjh/F1_TENTH_UNITA/build/state_estimation/prefix_override:/usr/lib/python3/dist-packages/colcon_core/task/python/colcon_distutils_commands:/home/hanjh/F1_TENTH_UNITA/install/state_estimation/lib/python3.10/site-packages:${PYTHONPATH} /usr/bin/python3 -W ignore:setup.py install is deprecated -W ignore:easy_install command is deprecated setup.py develop --editable --build-directory /home/hanjh/F1_TENTH_UNITA/build/state_estimation/build --no-deps symlink_data
[6.164s] DEBUG:colcon.colcon_core.event_handler.log_command:Invoking command in '/home/hanjh/F1_TENTH_UNITA/build/mouse_teleop': PYTHONPATH=/home/hanjh/F1_TENTH_UNITA/build/mouse_teleop/prefix_override:/usr/lib/python3/dist-packages/colcon_core/task/python/colcon_distutils_commands:/home/hanjh/F1_TENTH_UNITA/install/mouse_teleop/lib/python3.10/site-packages:${PYTHONPATH} /usr/bin/python3 -W ignore:setup.py install is deprecated -W ignore:easy_install command is deprecated setup.py develop --editable --build-directory /home/hanjh/F1_TENTH_UNITA/build/mouse_teleop/build --no-deps symlink_data
[6.166s] DEBUG:colcon.colcon_core.event_handler.log_command:Invoking command in '/home/hanjh/F1_TENTH_UNITA/build/id_controller': PYTHONPATH=/home/hanjh/F1_TENTH_UNITA/build/id_controller/prefix_override:/usr/lib/python3/dist-packages/colcon_core/task/python/colcon_distutils_commands:/home/hanjh/F1_TENTH_UNITA/install/id_controller/lib/python3.10/site-packages:${PYTHONPATH} /usr/bin/python3 -W ignore:setup.py install is deprecated -W ignore:easy_install command is deprecated setup.py develop --editable --build-directory /home/hanjh/F1_TENTH_UNITA/build/id_controller/build --no-deps symlink_data
[6.181s] DEBUG:colcon.colcon_core.event_handler.log_command:Invoking command in '/home/hanjh/F1_TENTH_UNITA/build/lap_analyser': PYTHONPATH=/home/hanjh/F1_TENTH_UNITA/build/lap_analyser/prefix_override:/usr/lib/python3/dist-packages/colcon_core/task/python/colcon_distutils_commands:/home/hanjh/F1_TENTH_UNITA/install/lap_analyser/lib/python3.10/site-packages:${PYTHONPATH} /usr/bin/python3 -W ignore:setup.py install is deprecated -W ignore:easy_install command is deprecated setup.py develop --editable --build-directory /home/hanjh/F1_TENTH_UNITA/build/lap_analyser/build --no-deps symlink_data
[6.333s] DEBUG:colcon.colcon_core.event_handler.log_command:Invoked command in '/home/hanjh/F1_TENTH_UNITA/build/vesc_ackermann' returned '0': CMAKE_PREFIX_PATH=/home/hanjh/F1_TENTH_UNITA/install/vesc_msgs:/home/hanjh/F1_TENTH_UNITA/install/vesc:/home/hanjh/F1_TENTH_UNITA/install/vesc_driver:/home/hanjh/F1_TENTH_UNITA/install/vesc_ackermann:/home/hanjh/F1_TENTH_UNITA/install/teleop_tools:/home/hanjh/F1_TENTH_UNITA/install/teleop_tools_msgs:/home/hanjh/F1_TENTH_UNITA/install/f110_msgs:/home/hanjh/F1_TENTH_UNITA/install/ackermann_mux:/home/hanjh/ros2_ws/install/custom_interfaces:/home/hanjh/F1_TENTH_UNITA/install/f1tenth_stack:/home/hanjh/F1_TENTH_UNITA/install/joy_teleop:/home/hanjh/F1_TENTH_UNITA/install/steering_lookup:/home/hanjh/F1_TENTH_UNITA/install/state_machine:/home/hanjh/F1_TENTH_UNITA/install/slam_tuner:/home/hanjh/F1_TENTH_UNITA/install/state_estimation:/home/hanjh/F1_TENTH_UNITA/install/map_editor:/home/hanjh/F1_TENTH_UNITA/install/stack_master:/home/hanjh/F1_TENTH_UNITA/install/spline_planner:/home/hanjh/F1_TENTH_UNITA/install/sector_tuner:/home/hanjh/F1_TENTH_UNITA/install/perception:/home/hanjh/F1_TENTH_UNITA/install/opponent_publisher:/home/hanjh/F1_TENTH_UNITA/install/mouse_teleop:/home/hanjh/F1_TENTH_UNITA/install/lap_analyser:/home/hanjh/F1_TENTH_UNITA/install/key_teleop:/home/hanjh/F1_TENTH_UNITA/install/id_controller:/home/hanjh/F1_TENTH_UNITA/install/global_planner:/home/hanjh/F1_TENTH_UNITA/install/frenet_odom_republisher:/home/hanjh/F1_TENTH_UNITA/install/frenet_conversion:/home/hanjh/F1_TENTH_UNITA/install/f1tenth_gym_ros:/home/hanjh/F1_TENTH_UNITA/install/controller:/home/hanjh/ros2_ws/install/tutorial_topic:/home/hanjh/ros2_ws/install/tutorial_service:/home/hanjh/ros2_ws/install/tutorial_action:/home/hanjh/ros2_ws/install/node_exercise:/home/hanjh/ros2_ws/install/my_package:/home/hanjh/ros2_ws/install/moving_services:/home/hanjh/ros2_ws/install/logger_test:/home/hanjh/ros2_ws/install/elevator_vision:/home/hanjh/ros2_ws/install/ebimu_pkg:/home/hanjh/ros2_ws/install/debug_pkg:/home/hanjh/ros2_ws/install/custom_interface_example:/home/hanjh/ros2_ws/install/camera_perception_pkg:/opt/ros/humble LD_LIBRARY_PATH=/home/hanjh/F1_TENTH_UNITA/install/vesc_msgs/lib:/home/hanjh/F1_TENTH_UNITA/install/vesc_driver/lib:/home/hanjh/F1_TENTH_UNITA/install/vesc_ackermann/lib:/home/hanjh/F1_TENTH_UNITA/install/teleop_tools_msgs/lib:/home/hanjh/F1_TENTH_UNITA/install/f110_msgs/lib:/home/hanjh/ros2_ws/install/custom_interfaces/lib:/usr/lib/x86_64-linux-gnu/gazebo-11/plugins:/opt/ros/humble/opt/rviz_ogre_vendor/lib:/opt/ros/humble/lib/x86_64-linux-gnu:/opt/ros/humble/lib /usr/bin/cmake --build /home/hanjh/F1_TENTH_UNITA/build/vesc_ackermann -- -j16 -l16
[6.334s] DEBUG:colcon.colcon_core.event_handler.log_command:Invoking command in '/home/hanjh/F1_TENTH_UNITA/build/vesc_ackermann': CMAKE_PREFIX_PATH=/home/hanjh/F1_TENTH_UNITA/install/vesc_msgs:/home/hanjh/F1_TENTH_UNITA/install/vesc:/home/hanjh/F1_TENTH_UNITA/install/vesc_driver:/home/hanjh/F1_TENTH_UNITA/install/vesc_ackermann:/home/hanjh/F1_TENTH_UNITA/install/teleop_tools:/home/hanjh/F1_TENTH_UNITA/install/teleop_tools_msgs:/home/hanjh/F1_TENTH_UNITA/install/f110_msgs:/home/hanjh/F1_TENTH_UNITA/install/ackermann_mux:/home/hanjh/ros2_ws/install/custom_interfaces:/home/hanjh/F1_TENTH_UNITA/install/f1tenth_stack:/home/hanjh/F1_TENTH_UNITA/install/joy_teleop:/home/hanjh/F1_TENTH_UNITA/install/steering_lookup:/home/hanjh/F1_TENTH_UNITA/install/state_machine:/home/hanjh/F1_TENTH_UNITA/install/slam_tuner:/home/hanjh/F1_TENTH_UNITA/install/state_estimation:/home/hanjh/F1_TENTH_UNITA/install/map_editor:/home/hanjh/F1_TENTH_UNITA/install/stack_master:/home/hanjh/F1_TENTH_UNITA/install/spline_planner:/home/hanjh/F1_TENTH_UNITA/install/sector_tuner:/home/hanjh/F1_TENTH_UNITA/install/perception:/home/hanjh/F1_TENTH_UNITA/install/opponent_publisher:/home/hanjh/F1_TENTH_UNITA/install/mouse_teleop:/home/hanjh/F1_TENTH_UNITA/install/lap_analyser:/home/hanjh/F1_TENTH_UNITA/install/key_teleop:/home/hanjh/F1_TENTH_UNITA/install/id_controller:/home/hanjh/F1_TENTH_UNITA/install/global_planner:/home/hanjh/F1_TENTH_UNITA/install/frenet_odom_republisher:/home/hanjh/F1_TENTH_UNITA/install/frenet_conversion:/home/hanjh/F1_TENTH_UNITA/install/f1tenth_gym_ros:/home/hanjh/F1_TENTH_UNITA/install/controller:/home/hanjh/ros2_ws/install/tutorial_topic:/home/hanjh/ros2_ws/install/tutorial_service:/home/hanjh/ros2_ws/install/tutorial_action:/home/hanjh/ros2_ws/install/node_exercise:/home/hanjh/ros2_ws/install/my_package:/home/hanjh/ros2_ws/install/moving_services:/home/hanjh/ros2_ws/install/logger_test:/home/hanjh/ros2_ws/install/elevator_vision:/home/hanjh/ros2_ws/install/ebimu_pkg:/home/hanjh/ros2_ws/install/debug_pkg:/home/hanjh/ros2_ws/install/custom_interface_example:/home/hanjh/ros2_ws/install/camera_perception_pkg:/opt/ros/humble LD_LIBRARY_PATH=/home/hanjh/F1_TENTH_UNITA/install/vesc_msgs/lib:/home/hanjh/F1_TENTH_UNITA/install/vesc_driver/lib:/home/hanjh/F1_TENTH_UNITA/install/vesc_ackermann/lib:/home/hanjh/F1_TENTH_UNITA/install/teleop_tools_msgs/lib:/home/hanjh/F1_TENTH_UNITA/install/f110_msgs/lib:/home/hanjh/ros2_ws/install/custom_interfaces/lib:/usr/lib/x86_64-linux-gnu/gazebo-11/plugins:/opt/ros/humble/opt/rviz_ogre_vendor/lib:/opt/ros/humble/lib/x86_64-linux-gnu:/opt/ros/humble/lib /usr/bin/cmake --install /home/hanjh/F1_TENTH_UNITA/build/vesc_ackermann
[6.475s] DEBUG:colcon.colcon_core.event_handler.log_command:Invoked command in '/home/hanjh/F1_TENTH_UNITA/build/vesc_driver' returned '0': CMAKE_PREFIX_PATH=/home/hanjh/F1_TENTH_UNITA/install/vesc_msgs:/home/hanjh/F1_TENTH_UNITA/install/vesc:/home/hanjh/F1_TENTH_UNITA/install/vesc_driver:/home/hanjh/F1_TENTH_UNITA/install/vesc_ackermann:/home/hanjh/F1_TENTH_UNITA/install/teleop_tools:/home/hanjh/F1_TENTH_UNITA/install/teleop_tools_msgs:/home/hanjh/F1_TENTH_UNITA/install/f110_msgs:/home/hanjh/F1_TENTH_UNITA/install/ackermann_mux:/home/hanjh/ros2_ws/install/custom_interfaces:/home/hanjh/F1_TENTH_UNITA/install/f1tenth_stack:/home/hanjh/F1_TENTH_UNITA/install/joy_teleop:/home/hanjh/F1_TENTH_UNITA/install/steering_lookup:/home/hanjh/F1_TENTH_UNITA/install/state_machine:/home/hanjh/F1_TENTH_UNITA/install/slam_tuner:/home/hanjh/F1_TENTH_UNITA/install/state_estimation:/home/hanjh/F1_TENTH_UNITA/install/map_editor:/home/hanjh/F1_TENTH_UNITA/install/stack_master:/home/hanjh/F1_TENTH_UNITA/install/spline_planner:/home/hanjh/F1_TENTH_UNITA/install/sector_tuner:/home/hanjh/F1_TENTH_UNITA/install/perception:/home/hanjh/F1_TENTH_UNITA/install/opponent_publisher:/home/hanjh/F1_TENTH_UNITA/install/mouse_teleop:/home/hanjh/F1_TENTH_UNITA/install/lap_analyser:/home/hanjh/F1_TENTH_UNITA/install/key_teleop:/home/hanjh/F1_TENTH_UNITA/install/id_controller:/home/hanjh/F1_TENTH_UNITA/install/global_planner:/home/hanjh/F1_TENTH_UNITA/install/frenet_odom_republisher:/home/hanjh/F1_TENTH_UNITA/install/frenet_conversion:/home/hanjh/F1_TENTH_UNITA/install/f1tenth_gym_ros:/home/hanjh/F1_TENTH_UNITA/install/controller:/home/hanjh/ros2_ws/install/tutorial_topic:/home/hanjh/ros2_ws/install/tutorial_service:/home/hanjh/ros2_ws/install/tutorial_action:/home/hanjh/ros2_ws/install/node_exercise:/home/hanjh/ros2_ws/install/my_package:/home/hanjh/ros2_ws/install/moving_services:/home/hanjh/ros2_ws/install/logger_test:/home/hanjh/ros2_ws/install/elevator_vision:/home/hanjh/ros2_ws/install/ebimu_pkg:/home/hanjh/ros2_ws/install/debug_pkg:/home/hanjh/ros2_ws/install/custom_interface_example:/home/hanjh/ros2_ws/install/camera_perception_pkg:/opt/ros/humble LD_LIBRARY_PATH=/home/hanjh/F1_TENTH_UNITA/install/vesc_msgs/lib:/home/hanjh/F1_TENTH_UNITA/install/vesc_driver/lib:/home/hanjh/F1_TENTH_UNITA/install/vesc_ackermann/lib:/home/hanjh/F1_TENTH_UNITA/install/teleop_tools_msgs/lib:/home/hanjh/F1_TENTH_UNITA/install/f110_msgs/lib:/home/hanjh/ros2_ws/install/custom_interfaces/lib:/usr/lib/x86_64-linux-gnu/gazebo-11/plugins:/opt/ros/humble/opt/rviz_ogre_vendor/lib:/opt/ros/humble/lib/x86_64-linux-gnu:/opt/ros/humble/lib /usr/bin/cmake --build /home/hanjh/F1_TENTH_UNITA/build/vesc_driver -- -j16 -l16
[6.477s] DEBUG:colcon.colcon_core.event_handler.log_command:Invoking command in '/home/hanjh/F1_TENTH_UNITA/build/vesc_driver': CMAKE_PREFIX_PATH=/home/hanjh/F1_TENTH_UNITA/install/vesc_msgs:/home/hanjh/F1_TENTH_UNITA/install/vesc:/home/hanjh/F1_TENTH_UNITA/install/vesc_driver:/home/hanjh/F1_TENTH_UNITA/install/vesc_ackermann:/home/hanjh/F1_TENTH_UNITA/install/teleop_tools:/home/hanjh/F1_TENTH_UNITA/install/teleop_tools_msgs:/home/hanjh/F1_TENTH_UNITA/install/f110_msgs:/home/hanjh/F1_TENTH_UNITA/install/ackermann_mux:/home/hanjh/ros2_ws/install/custom_interfaces:/home/hanjh/F1_TENTH_UNITA/install/f1tenth_stack:/home/hanjh/F1_TENTH_UNITA/install/joy_teleop:/home/hanjh/F1_TENTH_UNITA/install/steering_lookup:/home/hanjh/F1_TENTH_UNITA/install/state_machine:/home/hanjh/F1_TENTH_UNITA/install/slam_tuner:/home/hanjh/F1_TENTH_UNITA/install/state_estimation:/home/hanjh/F1_TENTH_UNITA/install/map_editor:/home/hanjh/F1_TENTH_UNITA/install/stack_master:/home/hanjh/F1_TENTH_UNITA/install/spline_planner:/home/hanjh/F1_TENTH_UNITA/install/sector_tuner:/home/hanjh/F1_TENTH_UNITA/install/perception:/home/hanjh/F1_TENTH_UNITA/install/opponent_publisher:/home/hanjh/F1_TENTH_UNITA/install/mouse_teleop:/home/hanjh/F1_TENTH_UNITA/install/lap_analyser:/home/hanjh/F1_TENTH_UNITA/install/key_teleop:/home/hanjh/F1_TENTH_UNITA/install/id_controller:/home/hanjh/F1_TENTH_UNITA/install/global_planner:/home/hanjh/F1_TENTH_UNITA/install/frenet_odom_republisher:/home/hanjh/F1_TENTH_UNITA/install/frenet_conversion:/home/hanjh/F1_TENTH_UNITA/install/f1tenth_gym_ros:/home/hanjh/F1_TENTH_UNITA/install/controller:/home/hanjh/ros2_ws/install/tutorial_topic:/home/hanjh/ros2_ws/install/tutorial_service:/home/hanjh/ros2_ws/install/tutorial_action:/home/hanjh/ros2_ws/install/node_exercise:/home/hanjh/ros2_ws/install/my_package:/home/hanjh/ros2_ws/install/moving_services:/home/hanjh/ros2_ws/install/logger_test:/home/hanjh/ros2_ws/install/elevator_vision:/home/hanjh/ros2_ws/install/ebimu_pkg:/home/hanjh/ros2_ws/install/debug_pkg:/home/hanjh/ros2_ws/install/custom_interface_example:/home/hanjh/ros2_ws/install/camera_perception_pkg:/opt/ros/humble LD_LIBRARY_PATH=/home/hanjh/F1_TENTH_UNITA/install/vesc_msgs/lib:/home/hanjh/F1_TENTH_UNITA/install/vesc_driver/lib:/home/hanjh/F1_TENTH_UNITA/install/vesc_ackermann/lib:/home/hanjh/F1_TENTH_UNITA/install/teleop_tools_msgs/lib:/home/hanjh/F1_TENTH_UNITA/install/f110_msgs/lib:/home/hanjh/ros2_ws/install/custom_interfaces/lib:/usr/lib/x86_64-linux-gnu/gazebo-11/plugins:/opt/ros/humble/opt/rviz_ogre_vendor/lib:/opt/ros/humble/lib/x86_64-linux-gnu:/opt/ros/humble/lib /usr/bin/cmake --install /home/hanjh/F1_TENTH_UNITA/build/vesc_driver
[7.207s] DEBUG:colcon.colcon_core.event_handler.log_command:Invoking command in '/home/hanjh/F1_TENTH_UNITA/build/perception': PYTHONPATH=/home/hanjh/F1_TENTH_UNITA/build/perception/prefix_override:/usr/lib/python3/dist-packages/colcon_core/task/python/colcon_distutils_commands:/home/hanjh/F1_TENTH_UNITA/install/perception/lib/python3.10/site-packages:${PYTHONPATH} /usr/bin/python3 -W ignore:setup.py install is deprecated -W ignore:easy_install command is deprecated setup.py develop --editable --build-directory /home/hanjh/F1_TENTH_UNITA/build/perception/build --no-deps symlink_data
[7.259s] DEBUG:colcon.colcon_core.event_handler.log_command:Invoking command in '/home/hanjh/F1_TENTH_UNITA/build/joy_teleop': CMAKE_PREFIX_PATH=/home/hanjh/F1_TENTH_UNITA/install/teleop_tools_msgs:/home/hanjh/F1_TENTH_UNITA/install/vesc:/home/hanjh/F1_TENTH_UNITA/install/vesc_driver:/home/hanjh/F1_TENTH_UNITA/install/vesc_ackermann:/home/hanjh/F1_TENTH_UNITA/install/vesc_msgs:/home/hanjh/F1_TENTH_UNITA/install/teleop_tools:/home/hanjh/F1_TENTH_UNITA/install/f110_msgs:/home/hanjh/F1_TENTH_UNITA/install/ackermann_mux:/home/hanjh/ros2_ws/install/custom_interfaces LD_LIBRARY_PATH=/home/hanjh/F1_TENTH_UNITA/install/teleop_tools_msgs/lib:/home/hanjh/F1_TENTH_UNITA/install/vesc_driver/lib:/home/hanjh/F1_TENTH_UNITA/install/vesc_ackermann/lib:/home/hanjh/F1_TENTH_UNITA/install/vesc_msgs/lib:/home/hanjh/F1_TENTH_UNITA/install/f110_msgs/lib:/home/hanjh/ros2_ws/install/custom_interfaces/lib:/usr/lib/x86_64-linux-gnu/gazebo-11/plugins:/opt/ros/humble/opt/rviz_ogre_vendor/lib:/opt/ros/humble/lib/x86_64-linux-gnu:/opt/ros/humble/lib PYTHONPATH=/home/hanjh/F1_TENTH_UNITA/build/joy_teleop/prefix_override:/usr/lib/python3/dist-packages/colcon_core/task/python/colcon_distutils_commands:/home/hanjh/F1_TENTH_UNITA/install/joy_teleop/lib/python3.10/site-packages:${PYTHONPATH} /usr/bin/python3 -W ignore:setup.py install is deprecated -W ignore:easy_install command is deprecated setup.py develop --editable --build-directory /home/hanjh/F1_TENTH_UNITA/build/joy_teleop/build --no-deps symlink_data
[7.479s] Level 1:colcon.colcon_core.shell:create_environment_hook('f1tenth_gym_ros', 'pythonpath_develop')
[7.480s] INFO:colcon.colcon_core.shell:Creating environment hook '/home/hanjh/F1_TENTH_UNITA/build/f1tenth_gym_ros/share/f1tenth_gym_ros/hook/pythonpath_develop.ps1'
[7.480s] INFO:colcon.colcon_core.shell:Creating environment descriptor '/home/hanjh/F1_TENTH_UNITA/build/f1tenth_gym_ros/share/f1tenth_gym_ros/hook/pythonpath_develop.dsv'
[7.481s] DEBUG:colcon.colcon_core.event_handler.log_command:Invoked command in '/home/hanjh/F1_TENTH_UNITA/build/f1tenth_gym_ros' returned '0': PYTHONPATH=/home/hanjh/F1_TENTH_UNITA/build/f1tenth_gym_ros/prefix_override:/usr/lib/python3/dist-packages/colcon_core/task/python/colcon_distutils_commands:/home/hanjh/F1_TENTH_UNITA/install/f1tenth_gym_ros/lib/python3.10/site-packages:${PYTHONPATH} /usr/bin/python3 -W ignore:setup.py install is deprecated -W ignore:easy_install command is deprecated setup.py develop --editable --build-directory /home/hanjh/F1_TENTH_UNITA/build/f1tenth_gym_ros/build --no-deps symlink_data
[7.482s] INFO:colcon.colcon_core.shell:Creating environment hook '/home/hanjh/F1_TENTH_UNITA/build/f1tenth_gym_ros/share/f1tenth_gym_ros/hook/pythonpath_develop.sh'
[7.483s] Level 1:colcon.colcon_core.environment:checking '/home/hanjh/F1_TENTH_UNITA/install/f1tenth_gym_ros' for CMake module files
[7.483s] Level 1:colcon.colcon_core.environment:checking '/home/hanjh/F1_TENTH_UNITA/install/f1tenth_gym_ros' for CMake config files
[7.484s] Level 1:colcon.colcon_core.environment:checking '/home/hanjh/F1_TENTH_UNITA/install/f1tenth_gym_ros/lib'
[7.484s] Level 1:colcon.colcon_core.environment:checking '/home/hanjh/F1_TENTH_UNITA/install/f1tenth_gym_ros/bin'
[7.484s] Level 1:colcon.colcon_core.environment:checking '/home/hanjh/F1_TENTH_UNITA/install/f1tenth_gym_ros/lib/pkgconfig/f1tenth_gym_ros.pc'
[7.485s] Level 1:colcon.colcon_core.environment:checking '/home/hanjh/F1_TENTH_UNITA/install/f1tenth_gym_ros/lib/python3.10/site-packages'
[7.485s] Level 1:colcon.colcon_core.shell:create_environment_hook('f1tenth_gym_ros', 'pythonpath')
[7.485s] INFO:colcon.colcon_core.shell:Creating environment hook '/home/hanjh/F1_TENTH_UNITA/install/f1tenth_gym_ros/share/f1tenth_gym_ros/hook/pythonpath.ps1'
[7.486s] INFO:colcon.colcon_core.shell:Creating environment descriptor '/home/hanjh/F1_TENTH_UNITA/install/f1tenth_gym_ros/share/f1tenth_gym_ros/hook/pythonpath.dsv'
[7.486s] INFO:colcon.colcon_core.shell:Creating environment hook '/home/hanjh/F1_TENTH_UNITA/install/f1tenth_gym_ros/share/f1tenth_gym_ros/hook/pythonpath.sh'
[7.487s] Level 1:colcon.colcon_core.environment:checking '/home/hanjh/F1_TENTH_UNITA/install/f1tenth_gym_ros/bin'
[7.487s] Level 1:colcon.colcon_core.environment:create_environment_scripts_only(f1tenth_gym_ros)
[7.488s] INFO:colcon.colcon_core.shell:Creating package script '/home/hanjh/F1_TENTH_UNITA/install/f1tenth_gym_ros/share/f1tenth_gym_ros/package.ps1'
[7.489s] INFO:colcon.colcon_core.shell:Creating package descriptor '/home/hanjh/F1_TENTH_UNITA/install/f1tenth_gym_ros/share/f1tenth_gym_ros/package.dsv'
[7.490s] INFO:colcon.colcon_core.shell:Creating package script '/home/hanjh/F1_TENTH_UNITA/install/f1tenth_gym_ros/share/f1tenth_gym_ros/package.sh'
[7.490s] INFO:colcon.colcon_core.shell:Creating package script '/home/hanjh/F1_TENTH_UNITA/install/f1tenth_gym_ros/share/f1tenth_gym_ros/package.bash'
[7.491s] INFO:colcon.colcon_core.shell:Creating package script '/home/hanjh/F1_TENTH_UNITA/install/f1tenth_gym_ros/share/f1tenth_gym_ros/package.zsh'
[7.491s] Level 1:colcon.colcon_core.environment:create_file_with_runtime_dependencies(/home/hanjh/F1_TENTH_UNITA/install/f1tenth_gym_ros/share/colcon-core/packages/f1tenth_gym_ros)
[7.492s] INFO:colcon.colcon_ros.task.ament_python.build:Building ROS package in '/home/hanjh/F1_TENTH_UNITA/src/race_stack/utilities/nodes/sector_tuner' with build type 'ament_python'
[7.492s] Level 1:colcon.colcon_core.shell:create_environment_hook('sector_tuner', 'ament_prefix_path')
[7.492s] INFO:colcon.colcon_core.shell:Creating environment hook '/home/hanjh/F1_TENTH_UNITA/install/sector_tuner/share/sector_tuner/hook/ament_prefix_path.ps1'
[7.493s] INFO:colcon.colcon_core.shell:Creating environment descriptor '/home/hanjh/F1_TENTH_UNITA/install/sector_tuner/share/sector_tuner/hook/ament_prefix_path.dsv'
[7.494s] INFO:colcon.colcon_core.shell:Creating environment hook '/home/hanjh/F1_TENTH_UNITA/install/sector_tuner/share/sector_tuner/hook/ament_prefix_path.sh'
[7.494s] INFO:colcon.colcon_core.shell:Skip shell extension 'powershell' for command environment: Not usable outside of PowerShell
[7.494s] DEBUG:colcon.colcon_core.shell:Skip shell extension 'dsv' for command environment
[7.503s] Level 1:colcon.colcon_core.shell:create_environment_hook('global_planner', 'pythonpath_develop')
[7.504s] INFO:colcon.colcon_core.shell:Creating environment hook '/home/hanjh/F1_TENTH_UNITA/build/global_planner/share/global_planner/hook/pythonpath_develop.ps1'
[7.505s] DEBUG:colcon.colcon_core.event_handler.log_command:Invoked command in '/home/hanjh/F1_TENTH_UNITA/build/global_planner' returned '0': PYTHONPATH=/home/hanjh/F1_TENTH_UNITA/build/global_planner/prefix_override:/usr/lib/python3/dist-packages/colcon_core/task/python/colcon_distutils_commands:/home/hanjh/F1_TENTH_UNITA/install/global_planner/lib/python3.10/site-packages:${PYTHONPATH} /usr/bin/python3 -W ignore:setup.py install is deprecated -W ignore:easy_install command is deprecated setup.py develop --editable --build-directory /home/hanjh/F1_TENTH_UNITA/build/global_planner/build --no-deps symlink_data
[7.505s] INFO:colcon.colcon_core.shell:Creating environment descriptor '/home/hanjh/F1_TENTH_UNITA/build/global_planner/share/global_planner/hook/pythonpath_develop.dsv'
[7.506s] INFO:colcon.colcon_core.shell:Creating environment hook '/home/hanjh/F1_TENTH_UNITA/build/global_planner/share/global_planner/hook/pythonpath_develop.sh'
[7.506s] Level 1:colcon.colcon_core.environment:checking '/home/hanjh/F1_TENTH_UNITA/install/global_planner' for CMake module files
[7.507s] Level 1:colcon.colcon_core.environment:checking '/home/hanjh/F1_TENTH_UNITA/install/global_planner' for CMake config files
[7.509s] Level 1:colcon.colcon_core.environment:checking '/home/hanjh/F1_TENTH_UNITA/install/global_planner/lib'
[7.509s] Level 1:colcon.colcon_core.environment:checking '/home/hanjh/F1_TENTH_UNITA/install/global_planner/bin'
[7.509s] Level 1:colcon.colcon_core.environment:checking '/home/hanjh/F1_TENTH_UNITA/install/global_planner/lib/pkgconfig/global_planner.pc'
[7.510s] Level 1:colcon.colcon_core.environment:checking '/home/hanjh/F1_TENTH_UNITA/install/global_planner/lib/python3.10/site-packages'
[7.510s] Level 1:colcon.colcon_core.shell:create_environment_hook('global_planner', 'pythonpath')
[7.510s] INFO:colcon.colcon_core.shell:Creating environment hook '/home/hanjh/F1_TENTH_UNITA/install/global_planner/share/global_planner/hook/pythonpath.ps1'
[7.511s] INFO:colcon.colcon_core.shell:Creating environment descriptor '/home/hanjh/F1_TENTH_UNITA/install/global_planner/share/global_planner/hook/pythonpath.dsv'
[7.511s] INFO:colcon.colcon_core.shell:Creating environment hook '/home/hanjh/F1_TENTH_UNITA/install/global_planner/share/global_planner/hook/pythonpath.sh'
[7.512s] Level 1:colcon.colcon_core.environment:checking '/home/hanjh/F1_TENTH_UNITA/install/global_planner/bin'
[7.512s] Level 1:colcon.colcon_core.environment:create_environment_scripts_only(global_planner)
[7.512s] INFO:colcon.colcon_core.shell:Creating package script '/home/hanjh/F1_TENTH_UNITA/install/global_planner/share/global_planner/package.ps1'
[7.513s] INFO:colcon.colcon_core.shell:Creating package descriptor '/home/hanjh/F1_TENTH_UNITA/install/global_planner/share/global_planner/package.dsv'
[7.513s] INFO:colcon.colcon_core.shell:Creating package script '/home/hanjh/F1_TENTH_UNITA/install/global_planner/share/global_planner/package.sh'
[7.514s] INFO:colcon.colcon_core.shell:Creating package script '/home/hanjh/F1_TENTH_UNITA/install/global_planner/share/global_planner/package.bash'
[7.514s] INFO:colcon.colcon_core.shell:Creating package script '/home/hanjh/F1_TENTH_UNITA/install/global_planner/share/global_planner/package.zsh'
[7.514s] Level 1:colcon.colcon_core.environment:create_file_with_runtime_dependencies(/home/hanjh/F1_TENTH_UNITA/install/global_planner/share/colcon-core/packages/global_planner)
[7.515s] INFO:colcon.colcon_ros.task.ament_python.build:Building ROS package in '/home/hanjh/F1_TENTH_UNITA/src/race_stack/state_machine' with build type 'ament_python'
[7.515s] Level 1:colcon.colcon_core.shell:create_environment_hook('state_machine', 'ament_prefix_path')
[7.516s] INFO:colcon.colcon_core.shell:Creating environment hook '/home/hanjh/F1_TENTH_UNITA/install/state_machine/share/state_machine/hook/ament_prefix_path.ps1'
[7.516s] INFO:colcon.colcon_core.shell:Creating environment descriptor '/home/hanjh/F1_TENTH_UNITA/install/state_machine/share/state_machine/hook/ament_prefix_path.dsv'
[7.517s] INFO:colcon.colcon_core.shell:Creating environment hook '/home/hanjh/F1_TENTH_UNITA/install/state_machine/share/state_machine/hook/ament_prefix_path.sh'
[7.518s] INFO:colcon.colcon_core.shell:Skip shell extension 'powershell' for command environment: Not usable outside of PowerShell
[7.518s] DEBUG:colcon.colcon_core.shell:Skip shell extension 'dsv' for command environment
[8.017s] INFO:colcon.colcon_core.task.python.build:Building Python package in '/home/hanjh/F1_TENTH_UNITA/src/race_stack/utilities/nodes/sector_tuner'
[8.018s] INFO:colcon.colcon_core.shell:Skip shell extension 'powershell' for command environment: Not usable outside of PowerShell
[8.018s] DEBUG:colcon.colcon_core.shell:Skip shell extension 'dsv' for command environment
[8.039s] Level 1:colcon.colcon_core.shell:create_environment_hook('controller', 'pythonpath_develop')
[8.039s] INFO:colcon.colcon_core.shell:Creating environment hook '/home/hanjh/F1_TENTH_UNITA/build/controller/share/controller/hook/pythonpath_develop.ps1'
[8.041s] INFO:colcon.colcon_core.shell:Creating environment descriptor '/home/hanjh/F1_TENTH_UNITA/build/controller/share/controller/hook/pythonpath_develop.dsv'
[8.042s] INFO:colcon.colcon_core.shell:Creating environment hook '/home/hanjh/F1_TENTH_UNITA/build/controller/share/controller/hook/pythonpath_develop.sh'
[8.043s] Level 1:colcon.colcon_core.environment:checking '/home/hanjh/F1_TENTH_UNITA/install/controller' for CMake module files
[8.044s] Level 1:colcon.colcon_core.environment:checking '/home/hanjh/F1_TENTH_UNITA/install/controller' for CMake config files
[8.047s] Level 1:colcon.colcon_core.environment:checking '/home/hanjh/F1_TENTH_UNITA/install/controller/lib'
[8.048s] Level 1:colcon.colcon_core.environment:checking '/home/hanjh/F1_TENTH_UNITA/install/controller/bin'
[8.049s] Level 1:colcon.colcon_core.environment:checking '/home/hanjh/F1_TENTH_UNITA/install/controller/lib/pkgconfig/controller.pc'
[8.049s] Level 1:colcon.colcon_core.environment:checking '/home/hanjh/F1_TENTH_UNITA/install/controller/lib/python3.10/site-packages'
[8.049s] Level 1:colcon.colcon_core.shell:create_environment_hook('controller', 'pythonpath')
[8.049s] INFO:colcon.colcon_core.shell:Creating environment hook '/home/hanjh/F1_TENTH_UNITA/install/controller/share/controller/hook/pythonpath.ps1'
[8.050s] DEBUG:colcon.colcon_core.event_handler.log_command:Invoked command in '/home/hanjh/F1_TENTH_UNITA/build/controller' returned '0': PYTHONPATH=/home/hanjh/F1_TENTH_UNITA/build/controller/prefix_override:/usr/lib/python3/dist-packages/colcon_core/task/python/colcon_distutils_commands:/home/hanjh/F1_TENTH_UNITA/install/controller/lib/python3.10/site-packages:${PYTHONPATH} /usr/bin/python3 -W ignore:setup.py install is deprecated -W ignore:easy_install command is deprecated setup.py develop --editable --build-directory /home/hanjh/F1_TENTH_UNITA/build/controller/build --no-deps symlink_data
[8.050s] INFO:colcon.colcon_core.shell:Creating environment descriptor '/home/hanjh/F1_TENTH_UNITA/install/controller/share/controller/hook/pythonpath.dsv'
[8.051s] INFO:colcon.colcon_core.shell:Creating environment hook '/home/hanjh/F1_TENTH_UNITA/install/controller/share/controller/hook/pythonpath.sh'
[8.052s] Level 1:colcon.colcon_core.environment:checking '/home/hanjh/F1_TENTH_UNITA/install/controller/bin'
[8.052s] Level 1:colcon.colcon_core.environment:create_environment_scripts_only(controller)
[8.053s] INFO:colcon.colcon_core.shell:Creating package script '/home/hanjh/F1_TENTH_UNITA/install/controller/share/controller/package.ps1'
[8.053s] INFO:colcon.colcon_core.shell:Creating package descriptor '/home/hanjh/F1_TENTH_UNITA/install/controller/share/controller/package.dsv'
[8.054s] INFO:colcon.colcon_core.shell:Creating package script '/home/hanjh/F1_TENTH_UNITA/install/controller/share/controller/package.sh'
[8.055s] INFO:colcon.colcon_core.shell:Creating package script '/home/hanjh/F1_TENTH_UNITA/install/controller/share/controller/package.bash'
[8.055s] INFO:colcon.colcon_core.shell:Creating package script '/home/hanjh/F1_TENTH_UNITA/install/controller/share/controller/package.zsh'
[8.056s] Level 1:colcon.colcon_core.environment:create_file_with_runtime_dependencies(/home/hanjh/F1_TENTH_UNITA/install/controller/share/colcon-core/packages/controller)
[8.056s] Level 1:colcon.colcon_core.environment:create_environment_scripts_only(vesc_ackermann)
[8.056s] Level 1:colcon.colcon_core.environment:checking '/home/hanjh/F1_TENTH_UNITA/install/vesc_ackermann' for CMake module files
[8.058s] DEBUG:colcon.colcon_core.event_handler.log_command:Invoked command in '/home/hanjh/F1_TENTH_UNITA/build/vesc_ackermann' returned '0': CMAKE_PREFIX_PATH=/home/hanjh/F1_TENTH_UNITA/install/vesc_msgs:/home/hanjh/F1_TENTH_UNITA/install/vesc:/home/hanjh/F1_TENTH_UNITA/install/vesc_driver:/home/hanjh/F1_TENTH_UNITA/install/vesc_ackermann:/home/hanjh/F1_TENTH_UNITA/install/teleop_tools:/home/hanjh/F1_TENTH_UNITA/install/teleop_tools_msgs:/home/hanjh/F1_TENTH_UNITA/install/f110_msgs:/home/hanjh/F1_TENTH_UNITA/install/ackermann_mux:/home/hanjh/ros2_ws/install/custom_interfaces:/home/hanjh/F1_TENTH_UNITA/install/f1tenth_stack:/home/hanjh/F1_TENTH_UNITA/install/joy_teleop:/home/hanjh/F1_TENTH_UNITA/install/steering_lookup:/home/hanjh/F1_TENTH_UNITA/install/state_machine:/home/hanjh/F1_TENTH_UNITA/install/slam_tuner:/home/hanjh/F1_TENTH_UNITA/install/state_estimation:/home/hanjh/F1_TENTH_UNITA/install/map_editor:/home/hanjh/F1_TENTH_UNITA/install/stack_master:/home/hanjh/F1_TENTH_UNITA/install/spline_planner:/home/hanjh/F1_TENTH_UNITA/install/sector_tuner:/home/hanjh/F1_TENTH_UNITA/install/perception:/home/hanjh/F1_TENTH_UNITA/install/opponent_publisher:/home/hanjh/F1_TENTH_UNITA/install/mouse_teleop:/home/hanjh/F1_TENTH_UNITA/install/lap_analyser:/home/hanjh/F1_TENTH_UNITA/install/key_teleop:/home/hanjh/F1_TENTH_UNITA/install/id_controller:/home/hanjh/F1_TENTH_UNITA/install/global_planner:/home/hanjh/F1_TENTH_UNITA/install/frenet_odom_republisher:/home/hanjh/F1_TENTH_UNITA/install/frenet_conversion:/home/hanjh/F1_TENTH_UNITA/install/f1tenth_gym_ros:/home/hanjh/F1_TENTH_UNITA/install/controller:/home/hanjh/ros2_ws/install/tutorial_topic:/home/hanjh/ros2_ws/install/tutorial_service:/home/hanjh/ros2_ws/install/tutorial_action:/home/hanjh/ros2_ws/install/node_exercise:/home/hanjh/ros2_ws/install/my_package:/home/hanjh/ros2_ws/install/moving_services:/home/hanjh/ros2_ws/install/logger_test:/home/hanjh/ros2_ws/install/elevator_vision:/home/hanjh/ros2_ws/install/ebimu_pkg:/home/hanjh/ros2_ws/install/debug_pkg:/home/hanjh/ros2_ws/install/custom_interface_example:/home/hanjh/ros2_ws/install/camera_perception_pkg:/opt/ros/humble LD_LIBRARY_PATH=/home/hanjh/F1_TENTH_UNITA/install/vesc_msgs/lib:/home/hanjh/F1_TENTH_UNITA/install/vesc_driver/lib:/home/hanjh/F1_TENTH_UNITA/install/vesc_ackermann/lib:/home/hanjh/F1_TENTH_UNITA/install/teleop_tools_msgs/lib:/home/hanjh/F1_TENTH_UNITA/install/f110_msgs/lib:/home/hanjh/ros2_ws/install/custom_interfaces/lib:/usr/lib/x86_64-linux-gnu/gazebo-11/plugins:/opt/ros/humble/opt/rviz_ogre_vendor/lib:/opt/ros/humble/lib/x86_64-linux-gnu:/opt/ros/humble/lib /usr/bin/cmake --install /home/hanjh/F1_TENTH_UNITA/build/vesc_ackermann
[8.058s] Level 1:colcon.colcon_core.environment:checking '/home/hanjh/F1_TENTH_UNITA/install/vesc_ackermann' for CMake config files
[8.058s] Level 1:colcon.colcon_core.shell:create_environment_hook('vesc_ackermann', 'cmake_prefix_path')
[8.059s] INFO:colcon.colcon_core.shell:Creating environment hook '/home/hanjh/F1_TENTH_UNITA/install/vesc_ackermann/share/vesc_ackermann/hook/cmake_prefix_path.ps1'
[8.059s] INFO:colcon.colcon_core.shell:Creating environment descriptor '/home/hanjh/F1_TENTH_UNITA/install/vesc_ackermann/share/vesc_ackermann/hook/cmake_prefix_path.dsv'
[8.060s] INFO:colcon.colcon_core.shell:Creating environment hook '/home/hanjh/F1_TENTH_UNITA/install/vesc_ackermann/share/vesc_ackermann/hook/cmake_prefix_path.sh'
[8.060s] Level 1:colcon.colcon_core.environment:checking '/home/hanjh/F1_TENTH_UNITA/install/vesc_ackermann/lib'
[8.061s] Level 1:colcon.colcon_core.shell:create_environment_hook('vesc_ackermann', 'ld_library_path_lib')
[8.061s] INFO:colcon.colcon_core.shell:Creating environment hook '/home/hanjh/F1_TENTH_UNITA/install/vesc_ackermann/share/vesc_ackermann/hook/ld_library_path_lib.ps1'
[8.061s] INFO:colcon.colcon_core.shell:Creating environment descriptor '/home/hanjh/F1_TENTH_UNITA/install/vesc_ackermann/share/vesc_ackermann/hook/ld_library_path_lib.dsv'
[8.062s] INFO:colcon.colcon_core.shell:Creating environment hook '/home/hanjh/F1_TENTH_UNITA/install/vesc_ackermann/share/vesc_ackermann/hook/ld_library_path_lib.sh'
[8.062s] Level 1:colcon.colcon_core.environment:checking '/home/hanjh/F1_TENTH_UNITA/install/vesc_ackermann/bin'
[8.062s] Level 1:colcon.colcon_core.environment:checking '/home/hanjh/F1_TENTH_UNITA/install/vesc_ackermann/lib/pkgconfig/vesc_ackermann.pc'
[8.063s] Level 1:colcon.colcon_core.environment:checking '/home/hanjh/F1_TENTH_UNITA/install/vesc_ackermann/lib/python3.10/site-packages'
[8.063s] Level 1:colcon.colcon_core.environment:checking '/home/hanjh/F1_TENTH_UNITA/install/vesc_ackermann/bin'
[8.063s] INFO:colcon.colcon_core.shell:Creating package script '/home/hanjh/F1_TENTH_UNITA/install/vesc_ackermann/share/vesc_ackermann/package.ps1'
[8.064s] INFO:colcon.colcon_core.shell:Creating package descriptor '/home/hanjh/F1_TENTH_UNITA/install/vesc_ackermann/share/vesc_ackermann/package.dsv'
[8.065s] INFO:colcon.colcon_core.shell:Creating package script '/home/hanjh/F1_TENTH_UNITA/install/vesc_ackermann/share/vesc_ackermann/package.sh'
[8.065s] INFO:colcon.colcon_core.shell:Creating package script '/home/hanjh/F1_TENTH_UNITA/install/vesc_ackermann/share/vesc_ackermann/package.bash'
[8.065s] INFO:colcon.colcon_core.shell:Creating package script '/home/hanjh/F1_TENTH_UNITA/install/vesc_ackermann/share/vesc_ackermann/package.zsh'
[8.066s] Level 1:colcon.colcon_core.environment:create_file_with_runtime_dependencies(/home/hanjh/F1_TENTH_UNITA/install/vesc_ackermann/share/colcon-core/packages/vesc_ackermann)
[8.067s] Level 1:colcon.colcon_core.environment:create_environment_scripts_only(vesc_ackermann)
[8.067s] Level 1:colcon.colcon_core.environment:checking '/home/hanjh/F1_TENTH_UNITA/install/vesc_ackermann' for CMake module files
[8.067s] Level 1:colcon.colcon_core.environment:checking '/home/hanjh/F1_TENTH_UNITA/install/vesc_ackermann' for CMake config files
[8.068s] Level 1:colcon.colcon_core.shell:create_environment_hook('vesc_ackermann', 'cmake_prefix_path')
[8.068s] INFO:colcon.colcon_core.shell:Creating environment hook '/home/hanjh/F1_TENTH_UNITA/install/vesc_ackermann/share/vesc_ackermann/hook/cmake_prefix_path.ps1'
[8.069s] INFO:colcon.colcon_core.shell:Creating environment descriptor '/home/hanjh/F1_TENTH_UNITA/install/vesc_ackermann/share/vesc_ackermann/hook/cmake_prefix_path.dsv'
[8.069s] INFO:colcon.colcon_core.shell:Creating environment hook '/home/hanjh/F1_TENTH_UNITA/install/vesc_ackermann/share/vesc_ackermann/hook/cmake_prefix_path.sh'
[8.070s] Level 1:colcon.colcon_core.environment:checking '/home/hanjh/F1_TENTH_UNITA/install/vesc_ackermann/lib'
[8.070s] Level 1:colcon.colcon_core.shell:create_environment_hook('vesc_ackermann', 'ld_library_path_lib')
[8.070s] INFO:colcon.colcon_core.shell:Creating environment hook '/home/hanjh/F1_TENTH_UNITA/install/vesc_ackermann/share/vesc_ackermann/hook/ld_library_path_lib.ps1'
[8.071s] INFO:colcon.colcon_core.shell:Creating environment descriptor '/home/hanjh/F1_TENTH_UNITA/install/vesc_ackermann/share/vesc_ackermann/hook/ld_library_path_lib.dsv'
[8.071s] INFO:colcon.colcon_core.shell:Creating environment hook '/home/hanjh/F1_TENTH_UNITA/install/vesc_ackermann/share/vesc_ackermann/hook/ld_library_path_lib.sh'
[8.071s] Level 1:colcon.colcon_core.environment:checking '/home/hanjh/F1_TENTH_UNITA/install/vesc_ackermann/bin'
[8.072s] Level 1:colcon.colcon_core.environment:checking '/home/hanjh/F1_TENTH_UNITA/install/vesc_ackermann/lib/pkgconfig/vesc_ackermann.pc'
[8.072s] Level 1:colcon.colcon_core.environment:checking '/home/hanjh/F1_TENTH_UNITA/install/vesc_ackermann/lib/python3.10/site-packages'
[8.072s] Level 1:colcon.colcon_core.environment:checking '/home/hanjh/F1_TENTH_UNITA/install/vesc_ackermann/bin'
[8.073s] INFO:colcon.colcon_core.shell:Creating package script '/home/hanjh/F1_TENTH_UNITA/install/vesc_ackermann/share/vesc_ackermann/package.ps1'
[8.073s] INFO:colcon.colcon_core.shell:Creating package descriptor '/home/hanjh/F1_TENTH_UNITA/install/vesc_ackermann/share/vesc_ackermann/package.dsv'
[8.074s] INFO:colcon.colcon_core.shell:Creating package script '/home/hanjh/F1_TENTH_UNITA/install/vesc_ackermann/share/vesc_ackermann/package.sh'
[8.075s] INFO:colcon.colcon_core.shell:Creating package script '/home/hanjh/F1_TENTH_UNITA/install/vesc_ackermann/share/vesc_ackermann/package.bash'
[8.075s] INFO:colcon.colcon_core.shell:Creating package script '/home/hanjh/F1_TENTH_UNITA/install/vesc_ackermann/share/vesc_ackermann/package.zsh'
[8.076s] Level 1:colcon.colcon_core.environment:create_file_with_runtime_dependencies(/home/hanjh/F1_TENTH_UNITA/install/vesc_ackermann/share/colcon-core/packages/vesc_ackermann)
[8.076s] Level 1:colcon.colcon_core.shell:create_environment_hook('frenet_conversion', 'pythonpath_develop')
[8.076s] INFO:colcon.colcon_core.shell:Creating environment hook '/home/hanjh/F1_TENTH_UNITA/build/frenet_conversion/share/frenet_conversion/hook/pythonpath_develop.ps1'
[8.077s] INFO:colcon.colcon_core.shell:Creating environment descriptor '/home/hanjh/F1_TENTH_UNITA/build/frenet_conversion/share/frenet_conversion/hook/pythonpath_develop.dsv'
[8.078s] DEBUG:colcon.colcon_core.event_handler.log_command:Invoked command in '/home/hanjh/F1_TENTH_UNITA/build/frenet_conversion' returned '0': PYTHONPATH=/home/hanjh/F1_TENTH_UNITA/build/frenet_conversion/prefix_override:/usr/lib/python3/dist-packages/colcon_core/task/python/colcon_distutils_commands:/home/hanjh/F1_TENTH_UNITA/install/frenet_conversion/lib/python3.10/site-packages:${PYTHONPATH} /usr/bin/python3 -W ignore:setup.py install is deprecated -W ignore:easy_install command is deprecated setup.py develop --editable --build-directory /home/hanjh/F1_TENTH_UNITA/build/frenet_conversion/build --no-deps symlink_data
[8.078s] INFO:colcon.colcon_core.shell:Creating environment hook '/home/hanjh/F1_TENTH_UNITA/build/frenet_conversion/share/frenet_conversion/hook/pythonpath_develop.sh'
[8.079s] Level 1:colcon.colcon_core.environment:checking '/home/hanjh/F1_TENTH_UNITA/install/frenet_conversion' for CMake module files
[8.079s] Level 1:colcon.colcon_core.environment:checking '/home/hanjh/F1_TENTH_UNITA/install/frenet_conversion' for CMake config files
[8.080s] Level 1:colcon.colcon_core.environment:checking '/home/hanjh/F1_TENTH_UNITA/install/frenet_conversion/lib'
[8.080s] Level 1:colcon.colcon_core.environment:checking '/home/hanjh/F1_TENTH_UNITA/install/frenet_conversion/bin'
[8.080s] Level 1:colcon.colcon_core.environment:checking '/home/hanjh/F1_TENTH_UNITA/install/frenet_conversion/lib/pkgconfig/frenet_conversion.pc'
[8.080s] Level 1:colcon.colcon_core.environment:checking '/home/hanjh/F1_TENTH_UNITA/install/frenet_conversion/lib/python3.10/site-packages'
[8.081s] Level 1:colcon.colcon_core.shell:create_environment_hook('frenet_conversion', 'pythonpath')
[8.081s] INFO:colcon.colcon_core.shell:Creating environment hook '/home/hanjh/F1_TENTH_UNITA/install/frenet_conversion/share/frenet_conversion/hook/pythonpath.ps1'
[8.081s] INFO:colcon.colcon_core.shell:Creating environment descriptor '/home/hanjh/F1_TENTH_UNITA/install/frenet_conversion/share/frenet_conversion/hook/pythonpath.dsv'
[8.082s] INFO:colcon.colcon_core.shell:Creating environment hook '/home/hanjh/F1_TENTH_UNITA/install/frenet_conversion/share/frenet_conversion/hook/pythonpath.sh'
[8.083s] Level 1:colcon.colcon_core.environment:checking '/home/hanjh/F1_TENTH_UNITA/install/frenet_conversion/bin'
[8.083s] Level 1:colcon.colcon_core.environment:create_environment_scripts_only(frenet_conversion)
[8.083s] INFO:colcon.colcon_core.shell:Creating package script '/home/hanjh/F1_TENTH_UNITA/install/frenet_conversion/share/frenet_conversion/package.ps1'
[8.084s] INFO:colcon.colcon_core.shell:Creating package descriptor '/home/hanjh/F1_TENTH_UNITA/install/frenet_conversion/share/frenet_conversion/package.dsv'
[8.084s] INFO:colcon.colcon_core.shell:Creating package script '/home/hanjh/F1_TENTH_UNITA/install/frenet_conversion/share/frenet_conversion/package.sh'
[8.085s] INFO:colcon.colcon_core.shell:Creating package script '/home/hanjh/F1_TENTH_UNITA/install/frenet_conversion/share/frenet_conversion/package.bash'
[8.085s] INFO:colcon.colcon_core.shell:Creating package script '/home/hanjh/F1_TENTH_UNITA/install/frenet_conversion/share/frenet_conversion/package.zsh'
[8.086s] Level 1:colcon.colcon_core.environment:create_file_with_runtime_dependencies(/home/hanjh/F1_TENTH_UNITA/install/frenet_conversion/share/colcon-core/packages/frenet_conversion)
[8.086s] Level 1:colcon.colcon_core.shell:create_environment_hook('mouse_teleop', 'pythonpath_develop')
[8.086s] INFO:colcon.colcon_core.shell:Creating environment hook '/home/hanjh/F1_TENTH_UNITA/build/mouse_teleop/share/mouse_teleop/hook/pythonpath_develop.ps1'
[8.087s] INFO:colcon.colcon_core.shell:Creating environment descriptor '/home/hanjh/F1_TENTH_UNITA/build/mouse_teleop/share/mouse_teleop/hook/pythonpath_develop.dsv'
[8.088s] DEBUG:colcon.colcon_core.event_handler.log_command:Invoked command in '/home/hanjh/F1_TENTH_UNITA/build/mouse_teleop' returned '0': PYTHONPATH=/home/hanjh/F1_TENTH_UNITA/build/mouse_teleop/prefix_override:/usr/lib/python3/dist-packages/colcon_core/task/python/colcon_distutils_commands:/home/hanjh/F1_TENTH_UNITA/install/mouse_teleop/lib/python3.10/site-packages:${PYTHONPATH} /usr/bin/python3 -W ignore:setup.py install is deprecated -W ignore:easy_install command is deprecated setup.py develop --editable --build-directory /home/hanjh/F1_TENTH_UNITA/build/mouse_teleop/build --no-deps symlink_data
[8.088s] INFO:colcon.colcon_core.shell:Creating environment hook '/home/hanjh/F1_TENTH_UNITA/build/mouse_teleop/share/mouse_teleop/hook/pythonpath_develop.sh'
[8.089s] Level 1:colcon.colcon_core.environment:checking '/home/hanjh/F1_TENTH_UNITA/install/mouse_teleop' for CMake module files
[8.089s] Level 1:colcon.colcon_core.environment:checking '/home/hanjh/F1_TENTH_UNITA/install/mouse_teleop' for CMake config files
[8.090s] Level 1:colcon.colcon_core.environment:checking '/home/hanjh/F1_TENTH_UNITA/install/mouse_teleop/lib'
[8.090s] Level 1:colcon.colcon_core.environment:checking '/home/hanjh/F1_TENTH_UNITA/install/mouse_teleop/bin'
[8.090s] Level 1:colcon.colcon_core.environment:checking '/home/hanjh/F1_TENTH_UNITA/install/mouse_teleop/lib/pkgconfig/mouse_teleop.pc'
[8.091s] Level 1:colcon.colcon_core.environment:checking '/home/hanjh/F1_TENTH_UNITA/install/mouse_teleop/lib/python3.10/site-packages'
[8.091s] Level 1:colcon.colcon_core.shell:create_environment_hook('mouse_teleop', 'pythonpath')
[8.091s] INFO:colcon.colcon_core.shell:Creating environment hook '/home/hanjh/F1_TENTH_UNITA/install/mouse_teleop/share/mouse_teleop/hook/pythonpath.ps1'
[8.091s] INFO:colcon.colcon_core.shell:Creating environment descriptor '/home/hanjh/F1_TENTH_UNITA/install/mouse_teleop/share/mouse_teleop/hook/pythonpath.dsv'
[8.092s] INFO:colcon.colcon_core.shell:Creating environment hook '/home/hanjh/F1_TENTH_UNITA/install/mouse_teleop/share/mouse_teleop/hook/pythonpath.sh'
[8.093s] Level 1:colcon.colcon_core.environment:checking '/home/hanjh/F1_TENTH_UNITA/install/mouse_teleop/bin'
[8.093s] Level 1:colcon.colcon_core.environment:create_environment_scripts_only(mouse_teleop)
[8.093s] INFO:colcon.colcon_core.shell:Creating package script '/home/hanjh/F1_TENTH_UNITA/install/mouse_teleop/share/mouse_teleop/package.ps1'
[8.094s] INFO:colcon.colcon_core.shell:Creating package descriptor '/home/hanjh/F1_TENTH_UNITA/install/mouse_teleop/share/mouse_teleop/package.dsv'
[8.095s] INFO:colcon.colcon_core.shell:Creating package script '/home/hanjh/F1_TENTH_UNITA/install/mouse_teleop/share/mouse_teleop/package.sh'
[8.095s] INFO:colcon.colcon_core.shell:Creating package script '/home/hanjh/F1_TENTH_UNITA/install/mouse_teleop/share/mouse_teleop/package.bash'
[8.096s] INFO:colcon.colcon_core.shell:Creating package script '/home/hanjh/F1_TENTH_UNITA/install/mouse_teleop/share/mouse_teleop/package.zsh'
[8.096s] Level 1:colcon.colcon_core.environment:create_file_with_runtime_dependencies(/home/hanjh/F1_TENTH_UNITA/install/mouse_teleop/share/colcon-core/packages/mouse_teleop)
[8.097s] Level 1:colcon.colcon_core.shell:create_environment_hook('opponent_publisher', 'pythonpath_develop')
[8.097s] INFO:colcon.colcon_core.shell:Creating environment hook '/home/hanjh/F1_TENTH_UNITA/build/opponent_publisher/share/opponent_publisher/hook/pythonpath_develop.ps1'
[8.098s] INFO:colcon.colcon_core.shell:Creating environment descriptor '/home/hanjh/F1_TENTH_UNITA/build/opponent_publisher/share/opponent_publisher/hook/pythonpath_develop.dsv'
[8.099s] DEBUG:colcon.colcon_core.event_handler.log_command:Invoked command in '/home/hanjh/F1_TENTH_UNITA/build/opponent_publisher' returned '0': PYTHONPATH=/home/hanjh/F1_TENTH_UNITA/build/opponent_publisher/prefix_override:/usr/lib/python3/dist-packages/colcon_core/task/python/colcon_distutils_commands:/home/hanjh/F1_TENTH_UNITA/install/opponent_publisher/lib/python3.10/site-packages:${PYTHONPATH} /usr/bin/python3 -W ignore:setup.py install is deprecated -W ignore:easy_install command is deprecated setup.py develop --editable --build-directory /home/hanjh/F1_TENTH_UNITA/build/opponent_publisher/build --no-deps symlink_data
[8.099s] INFO:colcon.colcon_core.shell:Creating environment hook '/home/hanjh/F1_TENTH_UNITA/build/opponent_publisher/share/opponent_publisher/hook/pythonpath_develop.sh'
[8.100s] Level 1:colcon.colcon_core.environment:checking '/home/hanjh/F1_TENTH_UNITA/install/opponent_publisher' for CMake module files
[8.100s] Level 1:colcon.colcon_core.environment:checking '/home/hanjh/F1_TENTH_UNITA/install/opponent_publisher' for CMake config files
[8.101s] Level 1:colcon.colcon_core.environment:checking '/home/hanjh/F1_TENTH_UNITA/install/opponent_publisher/lib'
[8.101s] Level 1:colcon.colcon_core.environment:checking '/home/hanjh/F1_TENTH_UNITA/install/opponent_publisher/bin'
[8.101s] Level 1:colcon.colcon_core.environment:checking '/home/hanjh/F1_TENTH_UNITA/install/opponent_publisher/lib/pkgconfig/opponent_publisher.pc'
[8.101s] Level 1:colcon.colcon_core.environment:checking '/home/hanjh/F1_TENTH_UNITA/install/opponent_publisher/lib/python3.10/site-packages'
[8.101s] Level 1:colcon.colcon_core.shell:create_environment_hook('opponent_publisher', 'pythonpath')
[8.102s] INFO:colcon.colcon_core.shell:Creating environment hook '/home/hanjh/F1_TENTH_UNITA/install/opponent_publisher/share/opponent_publisher/hook/pythonpath.ps1'
[8.102s] INFO:colcon.colcon_core.shell:Creating environment descriptor '/home/hanjh/F1_TENTH_UNITA/install/opponent_publisher/share/opponent_publisher/hook/pythonpath.dsv'
[8.103s] INFO:colcon.colcon_core.shell:Creating environment hook '/home/hanjh/F1_TENTH_UNITA/install/opponent_publisher/share/opponent_publisher/hook/pythonpath.sh'
[8.104s] Level 1:colcon.colcon_core.environment:checking '/home/hanjh/F1_TENTH_UNITA/install/opponent_publisher/bin'
[8.104s] Level 1:colcon.colcon_core.environment:create_environment_scripts_only(opponent_publisher)
[8.104s] INFO:colcon.colcon_core.shell:Creating package script '/home/hanjh/F1_TENTH_UNITA/install/opponent_publisher/share/opponent_publisher/package.ps1'
[8.105s] INFO:colcon.colcon_core.shell:Creating package descriptor '/home/hanjh/F1_TENTH_UNITA/install/opponent_publisher/share/opponent_publisher/package.dsv'
[8.106s] INFO:colcon.colcon_core.shell:Creating package script '/home/hanjh/F1_TENTH_UNITA/install/opponent_publisher/share/opponent_publisher/package.sh'
[8.106s] INFO:colcon.colcon_core.shell:Creating package script '/home/hanjh/F1_TENTH_UNITA/install/opponent_publisher/share/opponent_publisher/package.bash'
[8.107s] INFO:colcon.colcon_core.shell:Creating package script '/home/hanjh/F1_TENTH_UNITA/install/opponent_publisher/share/opponent_publisher/package.zsh'
[8.108s] Level 1:colcon.colcon_core.environment:create_file_with_runtime_dependencies(/home/hanjh/F1_TENTH_UNITA/install/opponent_publisher/share/colcon-core/packages/opponent_publisher)
[8.108s] Level 1:colcon.colcon_core.shell:create_environment_hook('frenet_odom_republisher', 'pythonpath_develop')
[8.108s] INFO:colcon.colcon_core.shell:Creating environment hook '/home/hanjh/F1_TENTH_UNITA/build/frenet_odom_republisher/share/frenet_odom_republisher/hook/pythonpath_develop.ps1'
[8.109s] INFO:colcon.colcon_core.shell:Creating environment descriptor '/home/hanjh/F1_TENTH_UNITA/build/frenet_odom_republisher/share/frenet_odom_republisher/hook/pythonpath_develop.dsv'
[8.110s] DEBUG:colcon.colcon_core.event_handler.log_command:Invoked command in '/home/hanjh/F1_TENTH_UNITA/build/frenet_odom_republisher' returned '0': PYTHONPATH=/home/hanjh/F1_TENTH_UNITA/build/frenet_odom_republisher/prefix_override:/usr/lib/python3/dist-packages/colcon_core/task/python/colcon_distutils_commands:/home/hanjh/F1_TENTH_UNITA/install/frenet_odom_republisher/lib/python3.10/site-packages:${PYTHONPATH} /usr/bin/python3 -W ignore:setup.py install is deprecated -W ignore:easy_install command is deprecated setup.py develop --editable --build-directory /home/hanjh/F1_TENTH_UNITA/build/frenet_odom_republisher/build --no-deps symlink_data
[8.110s] INFO:colcon.colcon_core.shell:Creating environment hook '/home/hanjh/F1_TENTH_UNITA/build/frenet_odom_republisher/share/frenet_odom_republisher/hook/pythonpath_develop.sh'
[8.111s] Level 1:colcon.colcon_core.environment:checking '/home/hanjh/F1_TENTH_UNITA/install/frenet_odom_republisher' for CMake module files
[8.112s] Level 1:colcon.colcon_core.environment:checking '/home/hanjh/F1_TENTH_UNITA/install/frenet_odom_republisher' for CMake config files
[8.112s] Level 1:colcon.colcon_core.environment:checking '/home/hanjh/F1_TENTH_UNITA/install/frenet_odom_republisher/lib'
[8.113s] Level 1:colcon.colcon_core.environment:checking '/home/hanjh/F1_TENTH_UNITA/install/frenet_odom_republisher/bin'
[8.113s] Level 1:colcon.colcon_core.environment:checking '/home/hanjh/F1_TENTH_UNITA/install/frenet_odom_republisher/lib/pkgconfig/frenet_odom_republisher.pc'
[8.113s] Level 1:colcon.colcon_core.environment:checking '/home/hanjh/F1_TENTH_UNITA/install/frenet_odom_republisher/lib/python3.10/site-packages'
[8.113s] Level 1:colcon.colcon_core.shell:create_environment_hook('frenet_odom_republisher', 'pythonpath')
[8.113s] INFO:colcon.colcon_core.shell:Creating environment hook '/home/hanjh/F1_TENTH_UNITA/install/frenet_odom_republisher/share/frenet_odom_republisher/hook/pythonpath.ps1'
[8.114s] INFO:colcon.colcon_core.shell:Creating environment descriptor '/home/hanjh/F1_TENTH_UNITA/install/frenet_odom_republisher/share/frenet_odom_republisher/hook/pythonpath.dsv'
[8.114s] INFO:colcon.colcon_core.shell:Creating environment hook '/home/hanjh/F1_TENTH_UNITA/install/frenet_odom_republisher/share/frenet_odom_republisher/hook/pythonpath.sh'
[8.115s] Level 1:colcon.colcon_core.environment:checking '/home/hanjh/F1_TENTH_UNITA/install/frenet_odom_republisher/bin'
[8.115s] Level 1:colcon.colcon_core.environment:create_environment_scripts_only(frenet_odom_republisher)
[8.116s] INFO:colcon.colcon_core.shell:Creating package script '/home/hanjh/F1_TENTH_UNITA/install/frenet_odom_republisher/share/frenet_odom_republisher/package.ps1'
[8.116s] INFO:colcon.colcon_core.shell:Creating package descriptor '/home/hanjh/F1_TENTH_UNITA/install/frenet_odom_republisher/share/frenet_odom_republisher/package.dsv'
[8.117s] INFO:colcon.colcon_core.shell:Creating package script '/home/hanjh/F1_TENTH_UNITA/install/frenet_odom_republisher/share/frenet_odom_republisher/package.sh'
[8.119s] INFO:colcon.colcon_core.shell:Creating package script '/home/hanjh/F1_TENTH_UNITA/install/frenet_odom_republisher/share/frenet_odom_republisher/package.bash'
[8.119s] INFO:colcon.colcon_core.shell:Creating package script '/home/hanjh/F1_TENTH_UNITA/install/frenet_odom_republisher/share/frenet_odom_republisher/package.zsh'
[8.120s] Level 1:colcon.colcon_core.environment:create_file_with_runtime_dependencies(/home/hanjh/F1_TENTH_UNITA/install/frenet_odom_republisher/share/colcon-core/packages/frenet_odom_republisher)
[8.120s] Level 1:colcon.colcon_core.environment:create_environment_scripts_only(vesc_driver)
[8.120s] Level 1:colcon.colcon_core.environment:checking '/home/hanjh/F1_TENTH_UNITA/install/vesc_driver' for CMake module files
[8.122s] Level 1:colcon.colcon_core.environment:checking '/home/hanjh/F1_TENTH_UNITA/install/vesc_driver' for CMake config files
[8.123s] DEBUG:colcon.colcon_core.event_handler.log_command:Invoked command in '/home/hanjh/F1_TENTH_UNITA/build/vesc_driver' returned '0': CMAKE_PREFIX_PATH=/home/hanjh/F1_TENTH_UNITA/install/vesc_msgs:/home/hanjh/F1_TENTH_UNITA/install/vesc:/home/hanjh/F1_TENTH_UNITA/install/vesc_driver:/home/hanjh/F1_TENTH_UNITA/install/vesc_ackermann:/home/hanjh/F1_TENTH_UNITA/install/teleop_tools:/home/hanjh/F1_TENTH_UNITA/install/teleop_tools_msgs:/home/hanjh/F1_TENTH_UNITA/install/f110_msgs:/home/hanjh/F1_TENTH_UNITA/install/ackermann_mux:/home/hanjh/ros2_ws/install/custom_interfaces:/home/hanjh/F1_TENTH_UNITA/install/f1tenth_stack:/home/hanjh/F1_TENTH_UNITA/install/joy_teleop:/home/hanjh/F1_TENTH_UNITA/install/steering_lookup:/home/hanjh/F1_TENTH_UNITA/install/state_machine:/home/hanjh/F1_TENTH_UNITA/install/slam_tuner:/home/hanjh/F1_TENTH_UNITA/install/state_estimation:/home/hanjh/F1_TENTH_UNITA/install/map_editor:/home/hanjh/F1_TENTH_UNITA/install/stack_master:/home/hanjh/F1_TENTH_UNITA/install/spline_planner:/home/hanjh/F1_TENTH_UNITA/install/sector_tuner:/home/hanjh/F1_TENTH_UNITA/install/perception:/home/hanjh/F1_TENTH_UNITA/install/opponent_publisher:/home/hanjh/F1_TENTH_UNITA/install/mouse_teleop:/home/hanjh/F1_TENTH_UNITA/install/lap_analyser:/home/hanjh/F1_TENTH_UNITA/install/key_teleop:/home/hanjh/F1_TENTH_UNITA/install/id_controller:/home/hanjh/F1_TENTH_UNITA/install/global_planner:/home/hanjh/F1_TENTH_UNITA/install/frenet_odom_republisher:/home/hanjh/F1_TENTH_UNITA/install/frenet_conversion:/home/hanjh/F1_TENTH_UNITA/install/f1tenth_gym_ros:/home/hanjh/F1_TENTH_UNITA/install/controller:/home/hanjh/ros2_ws/install/tutorial_topic:/home/hanjh/ros2_ws/install/tutorial_service:/home/hanjh/ros2_ws/install/tutorial_action:/home/hanjh/ros2_ws/install/node_exercise:/home/hanjh/ros2_ws/install/my_package:/home/hanjh/ros2_ws/install/moving_services:/home/hanjh/ros2_ws/install/logger_test:/home/hanjh/ros2_ws/install/elevator_vision:/home/hanjh/ros2_ws/install/ebimu_pkg:/home/hanjh/ros2_ws/install/debug_pkg:/home/hanjh/ros2_ws/install/custom_interface_example:/home/hanjh/ros2_ws/install/camera_perception_pkg:/opt/ros/humble LD_LIBRARY_PATH=/home/hanjh/F1_TENTH_UNITA/install/vesc_msgs/lib:/home/hanjh/F1_TENTH_UNITA/install/vesc_driver/lib:/home/hanjh/F1_TENTH_UNITA/install/vesc_ackermann/lib:/home/hanjh/F1_TENTH_UNITA/install/teleop_tools_msgs/lib:/home/hanjh/F1_TENTH_UNITA/install/f110_msgs/lib:/home/hanjh/ros2_ws/install/custom_interfaces/lib:/usr/lib/x86_64-linux-gnu/gazebo-11/plugins:/opt/ros/humble/opt/rviz_ogre_vendor/lib:/opt/ros/humble/lib/x86_64-linux-gnu:/opt/ros/humble/lib /usr/bin/cmake --install /home/hanjh/F1_TENTH_UNITA/build/vesc_driver
[8.123s] Level 1:colcon.colcon_core.shell:create_environment_hook('vesc_driver', 'cmake_prefix_path')
[8.124s] INFO:colcon.colcon_core.shell:Creating environment hook '/home/hanjh/F1_TENTH_UNITA/install/vesc_driver/share/vesc_driver/hook/cmake_prefix_path.ps1'
[8.124s] INFO:colcon.colcon_core.shell:Creating environment descriptor '/home/hanjh/F1_TENTH_UNITA/install/vesc_driver/share/vesc_driver/hook/cmake_prefix_path.dsv'
[8.125s] INFO:colcon.colcon_core.shell:Creating environment hook '/home/hanjh/F1_TENTH_UNITA/install/vesc_driver/share/vesc_driver/hook/cmake_prefix_path.sh'
[8.126s] Level 1:colcon.colcon_core.environment:checking '/home/hanjh/F1_TENTH_UNITA/install/vesc_driver/lib'
[8.126s] Level 1:colcon.colcon_core.shell:create_environment_hook('vesc_driver', 'ld_library_path_lib')
[8.126s] INFO:colcon.colcon_core.shell:Creating environment hook '/home/hanjh/F1_TENTH_UNITA/install/vesc_driver/share/vesc_driver/hook/ld_library_path_lib.ps1'
[8.127s] INFO:colcon.colcon_core.shell:Creating environment descriptor '/home/hanjh/F1_TENTH_UNITA/install/vesc_driver/share/vesc_driver/hook/ld_library_path_lib.dsv'
[8.127s] INFO:colcon.colcon_core.shell:Creating environment hook '/home/hanjh/F1_TENTH_UNITA/install/vesc_driver/share/vesc_driver/hook/ld_library_path_lib.sh'
[8.127s] Level 1:colcon.colcon_core.environment:checking '/home/hanjh/F1_TENTH_UNITA/install/vesc_driver/bin'
[8.128s] Level 1:colcon.colcon_core.environment:checking '/home/hanjh/F1_TENTH_UNITA/install/vesc_driver/lib/pkgconfig/vesc_driver.pc'
[8.128s] Level 1:colcon.colcon_core.environment:checking '/home/hanjh/F1_TENTH_UNITA/install/vesc_driver/lib/python3.10/site-packages'
[8.128s] Level 1:colcon.colcon_core.environment:checking '/home/hanjh/F1_TENTH_UNITA/install/vesc_driver/bin'
[8.129s] INFO:colcon.colcon_core.shell:Creating package script '/home/hanjh/F1_TENTH_UNITA/install/vesc_driver/share/vesc_driver/package.ps1'
[8.129s] INFO:colcon.colcon_core.shell:Creating package descriptor '/home/hanjh/F1_TENTH_UNITA/install/vesc_driver/share/vesc_driver/package.dsv'
[8.130s] INFO:colcon.colcon_core.shell:Creating package script '/home/hanjh/F1_TENTH_UNITA/install/vesc_driver/share/vesc_driver/package.sh'
[8.131s] INFO:colcon.colcon_core.shell:Creating package script '/home/hanjh/F1_TENTH_UNITA/install/vesc_driver/share/vesc_driver/package.bash'
[8.131s] INFO:colcon.colcon_core.shell:Creating package script '/home/hanjh/F1_TENTH_UNITA/install/vesc_driver/share/vesc_driver/package.zsh'
[8.131s] Level 1:colcon.colcon_core.environment:create_file_with_runtime_dependencies(/home/hanjh/F1_TENTH_UNITA/install/vesc_driver/share/colcon-core/packages/vesc_driver)
[8.132s] Level 1:colcon.colcon_core.environment:create_environment_scripts_only(vesc_driver)
[8.132s] Level 1:colcon.colcon_core.environment:checking '/home/hanjh/F1_TENTH_UNITA/install/vesc_driver' for CMake module files
[8.133s] Level 1:colcon.colcon_core.environment:checking '/home/hanjh/F1_TENTH_UNITA/install/vesc_driver' for CMake config files
[8.133s] Level 1:colcon.colcon_core.shell:create_environment_hook('vesc_driver', 'cmake_prefix_path')
[8.134s] INFO:colcon.colcon_core.shell:Creating environment hook '/home/hanjh/F1_TENTH_UNITA/install/vesc_driver/share/vesc_driver/hook/cmake_prefix_path.ps1'
[8.134s] INFO:colcon.colcon_core.shell:Creating environment descriptor '/home/hanjh/F1_TENTH_UNITA/install/vesc_driver/share/vesc_driver/hook/cmake_prefix_path.dsv'
[8.135s] INFO:colcon.colcon_core.shell:Creating environment hook '/home/hanjh/F1_TENTH_UNITA/install/vesc_driver/share/vesc_driver/hook/cmake_prefix_path.sh'
[8.135s] Level 1:colcon.colcon_core.environment:checking '/home/hanjh/F1_TENTH_UNITA/install/vesc_driver/lib'
[8.135s] Level 1:colcon.colcon_core.shell:create_environment_hook('vesc_driver', 'ld_library_path_lib')
[8.136s] INFO:colcon.colcon_core.shell:Creating environment hook '/home/hanjh/F1_TENTH_UNITA/install/vesc_driver/share/vesc_driver/hook/ld_library_path_lib.ps1'
[8.136s] INFO:colcon.colcon_core.shell:Creating environment descriptor '/home/hanjh/F1_TENTH_UNITA/install/vesc_driver/share/vesc_driver/hook/ld_library_path_lib.dsv'
[8.137s] INFO:colcon.colcon_core.shell:Creating environment hook '/home/hanjh/F1_TENTH_UNITA/install/vesc_driver/share/vesc_driver/hook/ld_library_path_lib.sh'
[8.137s] Level 1:colcon.colcon_core.environment:checking '/home/hanjh/F1_TENTH_UNITA/install/vesc_driver/bin'
[8.137s] Level 1:colcon.colcon_core.environment:checking '/home/hanjh/F1_TENTH_UNITA/install/vesc_driver/lib/pkgconfig/vesc_driver.pc'
[8.138s] Level 1:colcon.colcon_core.environment:checking '/home/hanjh/F1_TENTH_UNITA/install/vesc_driver/lib/python3.10/site-packages'
[8.138s] Level 1:colcon.colcon_core.environment:checking '/home/hanjh/F1_TENTH_UNITA/install/vesc_driver/bin'
[8.138s] INFO:colcon.colcon_core.shell:Creating package script '/home/hanjh/F1_TENTH_UNITA/install/vesc_driver/share/vesc_driver/package.ps1'
[8.139s] INFO:colcon.colcon_core.shell:Creating package descriptor '/home/hanjh/F1_TENTH_UNITA/install/vesc_driver/share/vesc_driver/package.dsv'
[8.140s] INFO:colcon.colcon_core.shell:Creating package script '/home/hanjh/F1_TENTH_UNITA/install/vesc_driver/share/vesc_driver/package.sh'
[8.140s] INFO:colcon.colcon_core.shell:Creating package script '/home/hanjh/F1_TENTH_UNITA/install/vesc_driver/share/vesc_driver/package.bash'
[8.141s] INFO:colcon.colcon_core.shell:Creating package script '/home/hanjh/F1_TENTH_UNITA/install/vesc_driver/share/vesc_driver/package.zsh'
[8.141s] Level 1:colcon.colcon_core.environment:create_file_with_runtime_dependencies(/home/hanjh/F1_TENTH_UNITA/install/vesc_driver/share/colcon-core/packages/vesc_driver)
[8.142s] Level 1:colcon.colcon_core.shell:create_environment_hook('stack_master', 'pythonpath_develop')
[8.142s] INFO:colcon.colcon_core.shell:Creating environment hook '/home/hanjh/F1_TENTH_UNITA/build/stack_master/share/stack_master/hook/pythonpath_develop.ps1'
[8.143s] INFO:colcon.colcon_core.shell:Creating environment descriptor '/home/hanjh/F1_TENTH_UNITA/build/stack_master/share/stack_master/hook/pythonpath_develop.dsv'
[8.144s] INFO:colcon.colcon_core.shell:Creating environment hook '/home/hanjh/F1_TENTH_UNITA/build/stack_master/share/stack_master/hook/pythonpath_develop.sh'
[8.145s] DEBUG:colcon.colcon_core.event_handler.log_command:Invoked command in '/home/hanjh/F1_TENTH_UNITA/build/stack_master' returned '0': PYTHONPATH=/home/hanjh/F1_TENTH_UNITA/build/stack_master/prefix_override:/usr/lib/python3/dist-packages/colcon_core/task/python/colcon_distutils_commands:/home/hanjh/F1_TENTH_UNITA/install/stack_master/lib/python3.10/site-packages:${PYTHONPATH} /usr/bin/python3 -W ignore:setup.py install is deprecated -W ignore:easy_install command is deprecated setup.py develop --editable --build-directory /home/hanjh/F1_TENTH_UNITA/build/stack_master/build --no-deps symlink_data
[8.146s] Level 1:colcon.colcon_core.environment:checking '/home/hanjh/F1_TENTH_UNITA/install/stack_master' for CMake module files
[8.146s] Level 1:colcon.colcon_core.environment:checking '/home/hanjh/F1_TENTH_UNITA/install/stack_master' for CMake config files
[8.147s] Level 1:colcon.colcon_core.environment:checking '/home/hanjh/F1_TENTH_UNITA/install/stack_master/lib'
[8.148s] Level 1:colcon.colcon_core.environment:checking '/home/hanjh/F1_TENTH_UNITA/install/stack_master/bin'
[8.148s] Level 1:colcon.colcon_core.environment:checking '/home/hanjh/F1_TENTH_UNITA/install/stack_master/lib/pkgconfig/stack_master.pc'
[8.148s] Level 1:colcon.colcon_core.environment:checking '/home/hanjh/F1_TENTH_UNITA/install/stack_master/lib/python3.10/site-packages'
[8.148s] Level 1:colcon.colcon_core.shell:create_environment_hook('stack_master', 'pythonpath')
[8.148s] INFO:colcon.colcon_core.shell:Creating environment hook '/home/hanjh/F1_TENTH_UNITA/install/stack_master/share/stack_master/hook/pythonpath.ps1'
[8.149s] INFO:colcon.colcon_core.shell:Creating environment descriptor '/home/hanjh/F1_TENTH_UNITA/install/stack_master/share/stack_master/hook/pythonpath.dsv'
[8.149s] INFO:colcon.colcon_core.shell:Creating environment hook '/home/hanjh/F1_TENTH_UNITA/install/stack_master/share/stack_master/hook/pythonpath.sh'
[8.150s] Level 1:colcon.colcon_core.environment:checking '/home/hanjh/F1_TENTH_UNITA/install/stack_master/bin'
[8.150s] Level 1:colcon.colcon_core.environment:create_environment_scripts_only(stack_master)
[8.151s] INFO:colcon.colcon_core.shell:Creating package script '/home/hanjh/F1_TENTH_UNITA/install/stack_master/share/stack_master/package.ps1'
[8.152s] INFO:colcon.colcon_core.shell:Creating package descriptor '/home/hanjh/F1_TENTH_UNITA/install/stack_master/share/stack_master/package.dsv'
[8.152s] INFO:colcon.colcon_core.shell:Creating package script '/home/hanjh/F1_TENTH_UNITA/install/stack_master/share/stack_master/package.sh'
[8.153s] INFO:colcon.colcon_core.shell:Creating package script '/home/hanjh/F1_TENTH_UNITA/install/stack_master/share/stack_master/package.bash'
[8.153s] INFO:colcon.colcon_core.shell:Creating package script '/home/hanjh/F1_TENTH_UNITA/install/stack_master/share/stack_master/package.zsh'
[8.154s] Level 1:colcon.colcon_core.environment:create_file_with_runtime_dependencies(/home/hanjh/F1_TENTH_UNITA/install/stack_master/share/colcon-core/packages/stack_master)
[8.154s] Level 1:colcon.colcon_core.shell:create_environment_hook('lap_analyser', 'pythonpath_develop')
[8.154s] INFO:colcon.colcon_core.shell:Creating environment hook '/home/hanjh/F1_TENTH_UNITA/build/lap_analyser/share/lap_analyser/hook/pythonpath_develop.ps1'
[8.155s] INFO:colcon.colcon_core.shell:Creating environment descriptor '/home/hanjh/F1_TENTH_UNITA/build/lap_analyser/share/lap_analyser/hook/pythonpath_develop.dsv'
[8.156s] INFO:colcon.colcon_core.shell:Creating environment hook '/home/hanjh/F1_TENTH_UNITA/build/lap_analyser/share/lap_analyser/hook/pythonpath_develop.sh'
[8.157s] Level 1:colcon.colcon_core.environment:checking '/home/hanjh/F1_TENTH_UNITA/install/lap_analyser' for CMake module files
[8.158s] DEBUG:colcon.colcon_core.event_handler.log_command:Invoked command in '/home/hanjh/F1_TENTH_UNITA/build/lap_analyser' returned '0': PYTHONPATH=/home/hanjh/F1_TENTH_UNITA/build/lap_analyser/prefix_override:/usr/lib/python3/dist-packages/colcon_core/task/python/colcon_distutils_commands:/home/hanjh/F1_TENTH_UNITA/install/lap_analyser/lib/python3.10/site-packages:${PYTHONPATH} /usr/bin/python3 -W ignore:setup.py install is deprecated -W ignore:easy_install command is deprecated setup.py develop --editable --build-directory /home/hanjh/F1_TENTH_UNITA/build/lap_analyser/build --no-deps symlink_data
[8.159s] Level 1:colcon.colcon_core.environment:checking '/home/hanjh/F1_TENTH_UNITA/install/lap_analyser' for CMake config files
[8.160s] Level 1:colcon.colcon_core.environment:checking '/home/hanjh/F1_TENTH_UNITA/install/lap_analyser/lib'
[8.160s] Level 1:colcon.colcon_core.environment:checking '/home/hanjh/F1_TENTH_UNITA/install/lap_analyser/bin'
[8.160s] Level 1:colcon.colcon_core.environment:checking '/home/hanjh/F1_TENTH_UNITA/install/lap_analyser/lib/pkgconfig/lap_analyser.pc'
[8.161s] Level 1:colcon.colcon_core.environment:checking '/home/hanjh/F1_TENTH_UNITA/install/lap_analyser/lib/python3.10/site-packages'
[8.161s] Level 1:colcon.colcon_core.shell:create_environment_hook('lap_analyser', 'pythonpath')
[8.162s] INFO:colcon.colcon_core.shell:Creating environment hook '/home/hanjh/F1_TENTH_UNITA/install/lap_analyser/share/lap_analyser/hook/pythonpath.ps1'
[8.163s] INFO:colcon.colcon_core.shell:Creating environment descriptor '/home/hanjh/F1_TENTH_UNITA/install/lap_analyser/share/lap_analyser/hook/pythonpath.dsv'
[8.164s] INFO:colcon.colcon_core.shell:Creating environment hook '/home/hanjh/F1_TENTH_UNITA/install/lap_analyser/share/lap_analyser/hook/pythonpath.sh'
[8.166s] Level 1:colcon.colcon_core.environment:checking '/home/hanjh/F1_TENTH_UNITA/install/lap_analyser/bin'
[8.166s] Level 1:colcon.colcon_core.environment:create_environment_scripts_only(lap_analyser)
[8.167s] INFO:colcon.colcon_core.shell:Creating package script '/home/hanjh/F1_TENTH_UNITA/install/lap_analyser/share/lap_analyser/package.ps1'
[8.168s] INFO:colcon.colcon_core.shell:Creating package descriptor '/home/hanjh/F1_TENTH_UNITA/install/lap_analyser/share/lap_analyser/package.dsv'
[8.170s] INFO:colcon.colcon_core.shell:Creating package script '/home/hanjh/F1_TENTH_UNITA/install/lap_analyser/share/lap_analyser/package.sh'
[8.171s] INFO:colcon.colcon_core.shell:Creating package script '/home/hanjh/F1_TENTH_UNITA/install/lap_analyser/share/lap_analyser/package.bash'
[8.172s] INFO:colcon.colcon_core.shell:Creating package script '/home/hanjh/F1_TENTH_UNITA/install/lap_analyser/share/lap_analyser/package.zsh'
[8.173s] Level 1:colcon.colcon_core.environment:create_file_with_runtime_dependencies(/home/hanjh/F1_TENTH_UNITA/install/lap_analyser/share/colcon-core/packages/lap_analyser)
[8.778s] INFO:colcon.colcon_core.task.python.build:Building Python package in '/home/hanjh/F1_TENTH_UNITA/src/race_stack/state_machine'
[8.779s] INFO:colcon.colcon_core.shell:Skip shell extension 'powershell' for command environment: Not usable outside of PowerShell
[8.779s] DEBUG:colcon.colcon_core.shell:Skip shell extension 'dsv' for command environment
[8.786s] Level 1:colcon.colcon_core.shell:create_environment_hook('id_controller', 'pythonpath_develop')
[8.787s] DEBUG:colcon.colcon_core.event_handler.log_command:Invoked command in '/home/hanjh/F1_TENTH_UNITA/build/id_controller' returned '0': PYTHONPATH=/home/hanjh/F1_TENTH_UNITA/build/id_controller/prefix_override:/usr/lib/python3/dist-packages/colcon_core/task/python/colcon_distutils_commands:/home/hanjh/F1_TENTH_UNITA/install/id_controller/lib/python3.10/site-packages:${PYTHONPATH} /usr/bin/python3 -W ignore:setup.py install is deprecated -W ignore:easy_install command is deprecated setup.py develop --editable --build-directory /home/hanjh/F1_TENTH_UNITA/build/id_controller/build --no-deps symlink_data
[8.787s] INFO:colcon.colcon_core.shell:Creating environment hook '/home/hanjh/F1_TENTH_UNITA/build/id_controller/share/id_controller/hook/pythonpath_develop.ps1'
[8.788s] INFO:colcon.colcon_core.shell:Creating environment descriptor '/home/hanjh/F1_TENTH_UNITA/build/id_controller/share/id_controller/hook/pythonpath_develop.dsv'
[8.789s] INFO:colcon.colcon_core.shell:Creating environment hook '/home/hanjh/F1_TENTH_UNITA/build/id_controller/share/id_controller/hook/pythonpath_develop.sh'
[8.789s] Level 1:colcon.colcon_core.environment:checking '/home/hanjh/F1_TENTH_UNITA/install/id_controller' for CMake module files
[8.790s] Level 1:colcon.colcon_core.environment:checking '/home/hanjh/F1_TENTH_UNITA/install/id_controller' for CMake config files
[8.790s] Level 1:colcon.colcon_core.environment:checking '/home/hanjh/F1_TENTH_UNITA/install/id_controller/lib'
[8.790s] Level 1:colcon.colcon_core.environment:checking '/home/hanjh/F1_TENTH_UNITA/install/id_controller/bin'
[8.790s] Level 1:colcon.colcon_core.environment:checking '/home/hanjh/F1_TENTH_UNITA/install/id_controller/lib/pkgconfig/id_controller.pc'
[8.791s] Level 1:colcon.colcon_core.environment:checking '/home/hanjh/F1_TENTH_UNITA/install/id_controller/lib/python3.10/site-packages'
[8.791s] Level 1:colcon.colcon_core.shell:create_environment_hook('id_controller', 'pythonpath')
[8.791s] INFO:colcon.colcon_core.shell:Creating environment hook '/home/hanjh/F1_TENTH_UNITA/install/id_controller/share/id_controller/hook/pythonpath.ps1'
[8.791s] INFO:colcon.colcon_core.shell:Creating environment descriptor '/home/hanjh/F1_TENTH_UNITA/install/id_controller/share/id_controller/hook/pythonpath.dsv'
[8.792s] INFO:colcon.colcon_core.shell:Creating environment hook '/home/hanjh/F1_TENTH_UNITA/install/id_controller/share/id_controller/hook/pythonpath.sh'
[8.793s] Level 1:colcon.colcon_core.environment:checking '/home/hanjh/F1_TENTH_UNITA/install/id_controller/bin'
[8.793s] Level 1:colcon.colcon_core.environment:create_environment_scripts_only(id_controller)
[8.793s] INFO:colcon.colcon_core.shell:Creating package script '/home/hanjh/F1_TENTH_UNITA/install/id_controller/share/id_controller/package.ps1'
[8.794s] INFO:colcon.colcon_core.shell:Creating package descriptor '/home/hanjh/F1_TENTH_UNITA/install/id_controller/share/id_controller/package.dsv'
[8.794s] INFO:colcon.colcon_core.shell:Creating package script '/home/hanjh/F1_TENTH_UNITA/install/id_controller/share/id_controller/package.sh'
[8.795s] INFO:colcon.colcon_core.shell:Creating package script '/home/hanjh/F1_TENTH_UNITA/install/id_controller/share/id_controller/package.bash'
[8.795s] INFO:colcon.colcon_core.shell:Creating package script '/home/hanjh/F1_TENTH_UNITA/install/id_controller/share/id_controller/package.zsh'
[8.795s] Level 1:colcon.colcon_core.environment:create_file_with_runtime_dependencies(/home/hanjh/F1_TENTH_UNITA/install/id_controller/share/colcon-core/packages/id_controller)
[8.796s] Level 1:colcon.colcon_core.shell:create_environment_hook('key_teleop', 'pythonpath_develop')
[8.796s] INFO:colcon.colcon_core.shell:Creating environment hook '/home/hanjh/F1_TENTH_UNITA/build/key_teleop/share/key_teleop/hook/pythonpath_develop.ps1'
[8.797s] INFO:colcon.colcon_core.shell:Creating environment descriptor '/home/hanjh/F1_TENTH_UNITA/build/key_teleop/share/key_teleop/hook/pythonpath_develop.dsv'
[8.798s] DEBUG:colcon.colcon_core.event_handler.log_command:Invoked command in '/home/hanjh/F1_TENTH_UNITA/build/key_teleop' returned '0': PYTHONPATH=/home/hanjh/F1_TENTH_UNITA/build/key_teleop/prefix_override:/usr/lib/python3/dist-packages/colcon_core/task/python/colcon_distutils_commands:/home/hanjh/F1_TENTH_UNITA/install/key_teleop/lib/python3.10/site-packages:${PYTHONPATH} /usr/bin/python3 -W ignore:setup.py install is deprecated -W ignore:easy_install command is deprecated setup.py develop --editable --build-directory /home/hanjh/F1_TENTH_UNITA/build/key_teleop/build --no-deps symlink_data
[8.798s] INFO:colcon.colcon_core.shell:Creating environment hook '/home/hanjh/F1_TENTH_UNITA/build/key_teleop/share/key_teleop/hook/pythonpath_develop.sh'
[8.799s] Level 1:colcon.colcon_core.environment:checking '/home/hanjh/F1_TENTH_UNITA/install/key_teleop' for CMake module files
[8.800s] Level 1:colcon.colcon_core.environment:checking '/home/hanjh/F1_TENTH_UNITA/install/key_teleop' for CMake config files
[8.800s] Level 1:colcon.colcon_core.environment:checking '/home/hanjh/F1_TENTH_UNITA/install/key_teleop/lib'
[8.800s] Level 1:colcon.colcon_core.environment:checking '/home/hanjh/F1_TENTH_UNITA/install/key_teleop/bin'
[8.800s] Level 1:colcon.colcon_core.environment:checking '/home/hanjh/F1_TENTH_UNITA/install/key_teleop/lib/pkgconfig/key_teleop.pc'
[8.800s] Level 1:colcon.colcon_core.environment:checking '/home/hanjh/F1_TENTH_UNITA/install/key_teleop/lib/python3.10/site-packages'
[8.801s] Level 1:colcon.colcon_core.shell:create_environment_hook('key_teleop', 'pythonpath')
[8.801s] INFO:colcon.colcon_core.shell:Creating environment hook '/home/hanjh/F1_TENTH_UNITA/install/key_teleop/share/key_teleop/hook/pythonpath.ps1'
[8.801s] INFO:colcon.colcon_core.shell:Creating environment descriptor '/home/hanjh/F1_TENTH_UNITA/install/key_teleop/share/key_teleop/hook/pythonpath.dsv'
[8.802s] INFO:colcon.colcon_core.shell:Creating environment hook '/home/hanjh/F1_TENTH_UNITA/install/key_teleop/share/key_teleop/hook/pythonpath.sh'
[8.802s] Level 1:colcon.colcon_core.environment:checking '/home/hanjh/F1_TENTH_UNITA/install/key_teleop/bin'
[8.803s] Level 1:colcon.colcon_core.environment:create_environment_scripts_only(key_teleop)
[8.803s] INFO:colcon.colcon_core.shell:Creating package script '/home/hanjh/F1_TENTH_UNITA/install/key_teleop/share/key_teleop/package.ps1'
[8.804s] INFO:colcon.colcon_core.shell:Creating package descriptor '/home/hanjh/F1_TENTH_UNITA/install/key_teleop/share/key_teleop/package.dsv'
[8.804s] INFO:colcon.colcon_core.shell:Creating package script '/home/hanjh/F1_TENTH_UNITA/install/key_teleop/share/key_teleop/package.sh'
[8.805s] INFO:colcon.colcon_core.shell:Creating package script '/home/hanjh/F1_TENTH_UNITA/install/key_teleop/share/key_teleop/package.bash'
[8.805s] INFO:colcon.colcon_core.shell:Creating package script '/home/hanjh/F1_TENTH_UNITA/install/key_teleop/share/key_teleop/package.zsh'
[8.805s] Level 1:colcon.colcon_core.environment:create_file_with_runtime_dependencies(/home/hanjh/F1_TENTH_UNITA/install/key_teleop/share/colcon-core/packages/key_teleop)
[8.806s] Level 1:colcon.colcon_core.shell:create_environment_hook('state_estimation', 'pythonpath_develop')
[8.806s] INFO:colcon.colcon_core.shell:Creating environment hook '/home/hanjh/F1_TENTH_UNITA/build/state_estimation/share/state_estimation/hook/pythonpath_develop.ps1'
[8.807s] INFO:colcon.colcon_core.shell:Creating environment descriptor '/home/hanjh/F1_TENTH_UNITA/build/state_estimation/share/state_estimation/hook/pythonpath_develop.dsv'
[8.807s] DEBUG:colcon.colcon_core.event_handler.log_command:Invoked command in '/home/hanjh/F1_TENTH_UNITA/build/state_estimation' returned '0': PYTHONPATH=/home/hanjh/F1_TENTH_UNITA/build/state_estimation/prefix_override:/usr/lib/python3/dist-packages/colcon_core/task/python/colcon_distutils_commands:/home/hanjh/F1_TENTH_UNITA/install/state_estimation/lib/python3.10/site-packages:${PYTHONPATH} /usr/bin/python3 -W ignore:setup.py install is deprecated -W ignore:easy_install command is deprecated setup.py develop --editable --build-directory /home/hanjh/F1_TENTH_UNITA/build/state_estimation/build --no-deps symlink_data
[8.808s] INFO:colcon.colcon_core.shell:Creating environment hook '/home/hanjh/F1_TENTH_UNITA/build/state_estimation/share/state_estimation/hook/pythonpath_develop.sh'
[8.808s] Level 1:colcon.colcon_core.environment:checking '/home/hanjh/F1_TENTH_UNITA/install/state_estimation' for CMake module files
[8.809s] Level 1:colcon.colcon_core.environment:checking '/home/hanjh/F1_TENTH_UNITA/install/state_estimation' for CMake config files
[8.809s] Level 1:colcon.colcon_core.environment:checking '/home/hanjh/F1_TENTH_UNITA/install/state_estimation/lib'
[8.810s] Level 1:colcon.colcon_core.environment:checking '/home/hanjh/F1_TENTH_UNITA/install/state_estimation/bin'
[8.810s] Level 1:colcon.colcon_core.environment:checking '/home/hanjh/F1_TENTH_UNITA/install/state_estimation/lib/pkgconfig/state_estimation.pc'
[8.810s] Level 1:colcon.colcon_core.environment:checking '/home/hanjh/F1_TENTH_UNITA/install/state_estimation/lib/python3.10/site-packages'
[8.810s] Level 1:colcon.colcon_core.shell:create_environment_hook('state_estimation', 'pythonpath')
[8.810s] INFO:colcon.colcon_core.shell:Creating environment hook '/home/hanjh/F1_TENTH_UNITA/install/state_estimation/share/state_estimation/hook/pythonpath.ps1'
[8.811s] INFO:colcon.colcon_core.shell:Creating environment descriptor '/home/hanjh/F1_TENTH_UNITA/install/state_estimation/share/state_estimation/hook/pythonpath.dsv'
[8.811s] INFO:colcon.colcon_core.shell:Creating environment hook '/home/hanjh/F1_TENTH_UNITA/install/state_estimation/share/state_estimation/hook/pythonpath.sh'
[8.812s] Level 1:colcon.colcon_core.environment:checking '/home/hanjh/F1_TENTH_UNITA/install/state_estimation/bin'
[8.812s] Level 1:colcon.colcon_core.environment:create_environment_scripts_only(state_estimation)
[8.812s] INFO:colcon.colcon_core.shell:Creating package script '/home/hanjh/F1_TENTH_UNITA/install/state_estimation/share/state_estimation/package.ps1'
[8.813s] INFO:colcon.colcon_core.shell:Creating package descriptor '/home/hanjh/F1_TENTH_UNITA/install/state_estimation/share/state_estimation/package.dsv'
[8.814s] INFO:colcon.colcon_core.shell:Creating package script '/home/hanjh/F1_TENTH_UNITA/install/state_estimation/share/state_estimation/package.sh'
[8.814s] INFO:colcon.colcon_core.shell:Creating package script '/home/hanjh/F1_TENTH_UNITA/install/state_estimation/share/state_estimation/package.bash'
[8.814s] INFO:colcon.colcon_core.shell:Creating package script '/home/hanjh/F1_TENTH_UNITA/install/state_estimation/share/state_estimation/package.zsh'
[8.815s] Level 1:colcon.colcon_core.environment:create_file_with_runtime_dependencies(/home/hanjh/F1_TENTH_UNITA/install/state_estimation/share/colcon-core/packages/state_estimation)
[8.816s] INFO:colcon.colcon_ros.task.ament_cmake.build:Building ROS package in '/home/hanjh/F1_TENTH_UNITA/src/race_stack/sensors/vesc/vesc' with build type 'ament_cmake'
[8.816s] INFO:colcon.colcon_cmake.task.cmake.build:Building CMake package in '/home/hanjh/F1_TENTH_UNITA/src/race_stack/sensors/vesc/vesc'
[8.816s] INFO:colcon.colcon_core.shell:Skip shell extension 'powershell' for command environment: Not usable outside of PowerShell
[8.816s] DEBUG:colcon.colcon_core.shell:Skip shell extension 'dsv' for command environment
[8.824s] INFO:colcon.colcon_ros.task.ament_python.build:Building ROS package in '/home/hanjh/F1_TENTH_UNITA/src/race_stack/system_identification/steering_lookup' with build type 'ament_python'
[8.824s] Level 1:colcon.colcon_core.shell:create_environment_hook('steering_lookup', 'ament_prefix_path')
[8.824s] INFO:colcon.colcon_core.shell:Creating environment hook '/home/hanjh/F1_TENTH_UNITA/install/steering_lookup/share/steering_lookup/hook/ament_prefix_path.ps1'
[8.825s] INFO:colcon.colcon_core.shell:Creating environment descriptor '/home/hanjh/F1_TENTH_UNITA/install/steering_lookup/share/steering_lookup/hook/ament_prefix_path.dsv'
[8.825s] INFO:colcon.colcon_core.shell:Creating environment hook '/home/hanjh/F1_TENTH_UNITA/install/steering_lookup/share/steering_lookup/hook/ament_prefix_path.sh'
[8.826s] INFO:colcon.colcon_core.shell:Skip shell extension 'powershell' for command environment: Not usable outside of PowerShell
[8.826s] DEBUG:colcon.colcon_core.shell:Skip shell extension 'dsv' for command environment
[8.833s] INFO:colcon.colcon_ros.task.ament_python.build:Building ROS package in '/home/hanjh/F1_TENTH_UNITA/src/race_stack/utilities/nodes/map_editor' with build type 'ament_python'
[8.833s] Level 1:colcon.colcon_core.shell:create_environment_hook('map_editor', 'ament_prefix_path')
[8.833s] INFO:colcon.colcon_core.shell:Creating environment hook '/home/hanjh/F1_TENTH_UNITA/install/map_editor/share/map_editor/hook/ament_prefix_path.ps1'
[8.834s] INFO:colcon.colcon_core.shell:Creating environment descriptor '/home/hanjh/F1_TENTH_UNITA/install/map_editor/share/map_editor/hook/ament_prefix_path.dsv'
[8.834s] INFO:colcon.colcon_core.shell:Creating environment hook '/home/hanjh/F1_TENTH_UNITA/install/map_editor/share/map_editor/hook/ament_prefix_path.sh'
[8.835s] INFO:colcon.colcon_core.shell:Skip shell extension 'powershell' for command environment: Not usable outside of PowerShell
[8.835s] DEBUG:colcon.colcon_core.shell:Skip shell extension 'dsv' for command environment
[8.843s] INFO:colcon.colcon_ros.task.ament_python.build:Building ROS package in '/home/hanjh/F1_TENTH_UNITA/src/race_stack/utilities/nodes/slam_tuner' with build type 'ament_python'
[8.844s] Level 1:colcon.colcon_core.shell:create_environment_hook('slam_tuner', 'ament_prefix_path')
[8.844s] INFO:colcon.colcon_core.shell:Creating environment hook '/home/hanjh/F1_TENTH_UNITA/install/slam_tuner/share/slam_tuner/hook/ament_prefix_path.ps1'
[8.845s] INFO:colcon.colcon_core.shell:Creating environment descriptor '/home/hanjh/F1_TENTH_UNITA/install/slam_tuner/share/slam_tuner/hook/ament_prefix_path.dsv'
[8.845s] INFO:colcon.colcon_core.shell:Creating environment hook '/home/hanjh/F1_TENTH_UNITA/install/slam_tuner/share/slam_tuner/hook/ament_prefix_path.sh'
[8.846s] INFO:colcon.colcon_core.shell:Skip shell extension 'powershell' for command environment: Not usable outside of PowerShell
[8.846s] DEBUG:colcon.colcon_core.shell:Skip shell extension 'dsv' for command environment
[8.853s] INFO:colcon.colcon_ros.task.ament_python.build:Building ROS package in '/home/hanjh/F1_TENTH_UNITA/src/race_stack/planner/local_planners/spline_planner' with build type 'ament_python'
[8.853s] Level 1:colcon.colcon_core.shell:create_environment_hook('spline_planner', 'ament_prefix_path')
[8.853s] INFO:colcon.colcon_core.shell:Creating environment hook '/home/hanjh/F1_TENTH_UNITA/install/spline_planner/share/spline_planner/hook/ament_prefix_path.ps1'
[8.854s] INFO:colcon.colcon_core.shell:Creating environment descriptor '/home/hanjh/F1_TENTH_UNITA/install/spline_planner/share/spline_planner/hook/ament_prefix_path.dsv'
[8.854s] INFO:colcon.colcon_core.shell:Creating environment hook '/home/hanjh/F1_TENTH_UNITA/install/spline_planner/share/spline_planner/hook/ament_prefix_path.sh'
[8.855s] INFO:colcon.colcon_core.shell:Skip shell extension 'powershell' for command environment: Not usable outside of PowerShell
[8.855s] DEBUG:colcon.colcon_core.shell:Skip shell extension 'dsv' for command environment
[8.868s] Level 1:colcon.colcon_core.shell:create_environment_hook('perception', 'pythonpath_develop')
[8.869s] INFO:colcon.colcon_core.shell:Creating environment hook '/home/hanjh/F1_TENTH_UNITA/build/perception/share/perception/hook/pythonpath_develop.ps1'
[8.870s] DEBUG:colcon.colcon_core.event_handler.log_command:Invoked command in '/home/hanjh/F1_TENTH_UNITA/build/perception' returned '0': PYTHONPATH=/home/hanjh/F1_TENTH_UNITA/build/perception/prefix_override:/usr/lib/python3/dist-packages/colcon_core/task/python/colcon_distutils_commands:/home/hanjh/F1_TENTH_UNITA/install/perception/lib/python3.10/site-packages:${PYTHONPATH} /usr/bin/python3 -W ignore:setup.py install is deprecated -W ignore:easy_install command is deprecated setup.py develop --editable --build-directory /home/hanjh/F1_TENTH_UNITA/build/perception/build --no-deps symlink_data
[8.870s] INFO:colcon.colcon_core.shell:Creating environment descriptor '/home/hanjh/F1_TENTH_UNITA/build/perception/share/perception/hook/pythonpath_develop.dsv'
[8.871s] INFO:colcon.colcon_core.shell:Creating environment hook '/home/hanjh/F1_TENTH_UNITA/build/perception/share/perception/hook/pythonpath_develop.sh'
[8.872s] Level 1:colcon.colcon_core.environment:checking '/home/hanjh/F1_TENTH_UNITA/install/perception' for CMake module files
[8.873s] Level 1:colcon.colcon_core.environment:checking '/home/hanjh/F1_TENTH_UNITA/install/perception' for CMake config files
[8.874s] Level 1:colcon.colcon_core.environment:checking '/home/hanjh/F1_TENTH_UNITA/install/perception/lib'
[8.874s] Level 1:colcon.colcon_core.environment:checking '/home/hanjh/F1_TENTH_UNITA/install/perception/bin'
[8.874s] Level 1:colcon.colcon_core.environment:checking '/home/hanjh/F1_TENTH_UNITA/install/perception/lib/pkgconfig/perception.pc'
[8.875s] Level 1:colcon.colcon_core.environment:checking '/home/hanjh/F1_TENTH_UNITA/install/perception/lib/python3.10/site-packages'
[8.875s] Level 1:colcon.colcon_core.shell:create_environment_hook('perception', 'pythonpath')
[8.876s] INFO:colcon.colcon_core.shell:Creating environment hook '/home/hanjh/F1_TENTH_UNITA/install/perception/share/perception/hook/pythonpath.ps1'
[8.876s] INFO:colcon.colcon_core.shell:Creating environment descriptor '/home/hanjh/F1_TENTH_UNITA/install/perception/share/perception/hook/pythonpath.dsv'
[8.877s] INFO:colcon.colcon_core.shell:Creating environment hook '/home/hanjh/F1_TENTH_UNITA/install/perception/share/perception/hook/pythonpath.sh'
[8.879s] Level 1:colcon.colcon_core.environment:checking '/home/hanjh/F1_TENTH_UNITA/install/perception/bin'
[8.879s] Level 1:colcon.colcon_core.environment:create_environment_scripts_only(perception)
[8.880s] INFO:colcon.colcon_core.shell:Creating package script '/home/hanjh/F1_TENTH_UNITA/install/perception/share/perception/package.ps1'
[8.881s] INFO:colcon.colcon_core.shell:Creating package descriptor '/home/hanjh/F1_TENTH_UNITA/install/perception/share/perception/package.dsv'
[8.882s] INFO:colcon.colcon_core.shell:Creating package script '/home/hanjh/F1_TENTH_UNITA/install/perception/share/perception/package.sh'
[8.883s] INFO:colcon.colcon_core.shell:Creating package script '/home/hanjh/F1_TENTH_UNITA/install/perception/share/perception/package.bash'
[8.883s] INFO:colcon.colcon_core.shell:Creating package script '/home/hanjh/F1_TENTH_UNITA/install/perception/share/perception/package.zsh'
[8.884s] Level 1:colcon.colcon_core.environment:create_file_with_runtime_dependencies(/home/hanjh/F1_TENTH_UNITA/install/perception/share/colcon-core/packages/perception)
[8.884s] Level 1:colcon.colcon_core.shell:create_environment_hook('joy_teleop', 'pythonpath_develop')
[8.884s] INFO:colcon.colcon_core.shell:Creating environment hook '/home/hanjh/F1_TENTH_UNITA/build/joy_teleop/share/joy_teleop/hook/pythonpath_develop.ps1'
[8.885s] INFO:colcon.colcon_core.shell:Creating environment descriptor '/home/hanjh/F1_TENTH_UNITA/build/joy_teleop/share/joy_teleop/hook/pythonpath_develop.dsv'
[8.886s] DEBUG:colcon.colcon_core.event_handler.log_command:Invoked command in '/home/hanjh/F1_TENTH_UNITA/build/joy_teleop' returned '0': CMAKE_PREFIX_PATH=/home/hanjh/F1_TENTH_UNITA/install/teleop_tools_msgs:/home/hanjh/F1_TENTH_UNITA/install/vesc:/home/hanjh/F1_TENTH_UNITA/install/vesc_driver:/home/hanjh/F1_TENTH_UNITA/install/vesc_ackermann:/home/hanjh/F1_TENTH_UNITA/install/vesc_msgs:/home/hanjh/F1_TENTH_UNITA/install/teleop_tools:/home/hanjh/F1_TENTH_UNITA/install/f110_msgs:/home/hanjh/F1_TENTH_UNITA/install/ackermann_mux:/home/hanjh/ros2_ws/install/custom_interfaces LD_LIBRARY_PATH=/home/hanjh/F1_TENTH_UNITA/install/teleop_tools_msgs/lib:/home/hanjh/F1_TENTH_UNITA/install/vesc_driver/lib:/home/hanjh/F1_TENTH_UNITA/install/vesc_ackermann/lib:/home/hanjh/F1_TENTH_UNITA/install/vesc_msgs/lib:/home/hanjh/F1_TENTH_UNITA/install/f110_msgs/lib:/home/hanjh/ros2_ws/install/custom_interfaces/lib:/usr/lib/x86_64-linux-gnu/gazebo-11/plugins:/opt/ros/humble/opt/rviz_ogre_vendor/lib:/opt/ros/humble/lib/x86_64-linux-gnu:/opt/ros/humble/lib PYTHONPATH=/home/hanjh/F1_TENTH_UNITA/build/joy_teleop/prefix_override:/usr/lib/python3/dist-packages/colcon_core/task/python/colcon_distutils_commands:/home/hanjh/F1_TENTH_UNITA/install/joy_teleop/lib/python3.10/site-packages:${PYTHONPATH} /usr/bin/python3 -W ignore:setup.py install is deprecated -W ignore:easy_install command is deprecated setup.py develop --editable --build-directory /home/hanjh/F1_TENTH_UNITA/build/joy_teleop/build --no-deps symlink_data
[8.886s] INFO:colcon.colcon_core.shell:Creating environment hook '/home/hanjh/F1_TENTH_UNITA/build/joy_teleop/share/joy_teleop/hook/pythonpath_develop.sh'
[8.887s] Level 1:colcon.colcon_core.environment:checking '/home/hanjh/F1_TENTH_UNITA/install/joy_teleop' for CMake module files
[8.887s] Level 1:colcon.colcon_core.environment:checking '/home/hanjh/F1_TENTH_UNITA/install/joy_teleop' for CMake config files
[8.888s] Level 1:colcon.colcon_core.environment:checking '/home/hanjh/F1_TENTH_UNITA/install/joy_teleop/lib'
[8.888s] Level 1:colcon.colcon_core.environment:checking '/home/hanjh/F1_TENTH_UNITA/install/joy_teleop/bin'
[8.888s] Level 1:colcon.colcon_core.environment:checking '/home/hanjh/F1_TENTH_UNITA/install/joy_teleop/lib/pkgconfig/joy_teleop.pc'
[8.888s] Level 1:colcon.colcon_core.environment:checking '/home/hanjh/F1_TENTH_UNITA/install/joy_teleop/lib/python3.10/site-packages'
[8.888s] Level 1:colcon.colcon_core.shell:create_environment_hook('joy_teleop', 'pythonpath')
[8.889s] INFO:colcon.colcon_core.shell:Creating environment hook '/home/hanjh/F1_TENTH_UNITA/install/joy_teleop/share/joy_teleop/hook/pythonpath.ps1'
[8.889s] INFO:colcon.colcon_core.shell:Creating environment descriptor '/home/hanjh/F1_TENTH_UNITA/install/joy_teleop/share/joy_teleop/hook/pythonpath.dsv'
[8.889s] INFO:colcon.colcon_core.shell:Creating environment hook '/home/hanjh/F1_TENTH_UNITA/install/joy_teleop/share/joy_teleop/hook/pythonpath.sh'
[8.890s] Level 1:colcon.colcon_core.environment:checking '/home/hanjh/F1_TENTH_UNITA/install/joy_teleop/bin'
[8.890s] Level 1:colcon.colcon_core.environment:create_environment_scripts_only(joy_teleop)
[8.891s] INFO:colcon.colcon_core.shell:Creating package script '/home/hanjh/F1_TENTH_UNITA/install/joy_teleop/share/joy_teleop/package.ps1'
[8.891s] INFO:colcon.colcon_core.shell:Creating package descriptor '/home/hanjh/F1_TENTH_UNITA/install/joy_teleop/share/joy_teleop/package.dsv'
[8.892s] INFO:colcon.colcon_core.shell:Creating package script '/home/hanjh/F1_TENTH_UNITA/install/joy_teleop/share/joy_teleop/package.sh'
[8.892s] INFO:colcon.colcon_core.shell:Creating package script '/home/hanjh/F1_TENTH_UNITA/install/joy_teleop/share/joy_teleop/package.bash'
[8.893s] INFO:colcon.colcon_core.shell:Creating package script '/home/hanjh/F1_TENTH_UNITA/install/joy_teleop/share/joy_teleop/package.zsh'
[8.894s] Level 1:colcon.colcon_core.environment:create_file_with_runtime_dependencies(/home/hanjh/F1_TENTH_UNITA/install/joy_teleop/share/colcon-core/packages/joy_teleop)
[8.896s] INFO:colcon.colcon_ros.task.ament_cmake.build:Building ROS package in '/home/hanjh/F1_TENTH_UNITA/src/race_stack/base_system/f1tenth_system/teleop_tools/teleop_tools' with build type 'ament_cmake'
[8.896s] INFO:colcon.colcon_cmake.task.cmake.build:Building CMake package in '/home/hanjh/F1_TENTH_UNITA/src/race_stack/base_system/f1tenth_system/teleop_tools/teleop_tools'
[8.897s] INFO:colcon.colcon_core.shell:Skip shell extension 'powershell' for command environment: Not usable outside of PowerShell
[8.897s] DEBUG:colcon.colcon_core.shell:Skip shell extension 'dsv' for command environment
[8.913s] DEBUG:colcon.colcon_core.event_handler.log_command:Invoking command in '/home/hanjh/F1_TENTH_UNITA/build/vesc': CMAKE_PREFIX_PATH=/home/hanjh/F1_TENTH_UNITA/install/vesc_driver:/home/hanjh/F1_TENTH_UNITA/install/vesc_ackermann:/home/hanjh/F1_TENTH_UNITA/install/vesc_msgs:/home/hanjh/F1_TENTH_UNITA/install/vesc:/home/hanjh/F1_TENTH_UNITA/install/teleop_tools:/home/hanjh/F1_TENTH_UNITA/install/teleop_tools_msgs:/home/hanjh/F1_TENTH_UNITA/install/f110_msgs:/home/hanjh/F1_TENTH_UNITA/install/ackermann_mux:/home/hanjh/ros2_ws/install/custom_interfaces:/home/hanjh/F1_TENTH_UNITA/install/f1tenth_stack:/home/hanjh/F1_TENTH_UNITA/install/joy_teleop:/home/hanjh/F1_TENTH_UNITA/install/steering_lookup:/home/hanjh/F1_TENTH_UNITA/install/state_machine:/home/hanjh/F1_TENTH_UNITA/install/slam_tuner:/home/hanjh/F1_TENTH_UNITA/install/state_estimation:/home/hanjh/F1_TENTH_UNITA/install/map_editor:/home/hanjh/F1_TENTH_UNITA/install/stack_master:/home/hanjh/F1_TENTH_UNITA/install/spline_planner:/home/hanjh/F1_TENTH_UNITA/install/sector_tuner:/home/hanjh/F1_TENTH_UNITA/install/perception:/home/hanjh/F1_TENTH_UNITA/install/opponent_publisher:/home/hanjh/F1_TENTH_UNITA/install/mouse_teleop:/home/hanjh/F1_TENTH_UNITA/install/lap_analyser:/home/hanjh/F1_TENTH_UNITA/install/key_teleop:/home/hanjh/F1_TENTH_UNITA/install/id_controller:/home/hanjh/F1_TENTH_UNITA/install/global_planner:/home/hanjh/F1_TENTH_UNITA/install/frenet_odom_republisher:/home/hanjh/F1_TENTH_UNITA/install/frenet_conversion:/home/hanjh/F1_TENTH_UNITA/install/f1tenth_gym_ros:/home/hanjh/F1_TENTH_UNITA/install/controller:/home/hanjh/ros2_ws/install/tutorial_topic:/home/hanjh/ros2_ws/install/tutorial_service:/home/hanjh/ros2_ws/install/tutorial_action:/home/hanjh/ros2_ws/install/node_exercise:/home/hanjh/ros2_ws/install/my_package:/home/hanjh/ros2_ws/install/moving_services:/home/hanjh/ros2_ws/install/logger_test:/home/hanjh/ros2_ws/install/elevator_vision:/home/hanjh/ros2_ws/install/ebimu_pkg:/home/hanjh/ros2_ws/install/debug_pkg:/home/hanjh/ros2_ws/install/custom_interface_example:/home/hanjh/ros2_ws/install/camera_perception_pkg:/opt/ros/humble /usr/bin/cmake --build /home/hanjh/F1_TENTH_UNITA/build/vesc -- -j16 -l16
[9.634s] INFO:colcon.colcon_core.task.python.build:Building Python package in '/home/hanjh/F1_TENTH_UNITA/src/race_stack/system_identification/steering_lookup'
[9.635s] INFO:colcon.colcon_core.shell:Skip shell extension 'powershell' for command environment: Not usable outside of PowerShell
[9.635s] DEBUG:colcon.colcon_core.shell:Skip shell extension 'dsv' for command environment
[10.193s] INFO:colcon.colcon_core.task.python.build:Building Python package in '/home/hanjh/F1_TENTH_UNITA/src/race_stack/utilities/nodes/map_editor'
[10.193s] INFO:colcon.colcon_core.shell:Skip shell extension 'powershell' for command environment: Not usable outside of PowerShell
[10.193s] DEBUG:colcon.colcon_core.shell:Skip shell extension 'dsv' for command environment
[10.669s] INFO:colcon.colcon_core.task.python.build:Building Python package in '/home/hanjh/F1_TENTH_UNITA/src/race_stack/utilities/nodes/slam_tuner'
[10.670s] INFO:colcon.colcon_core.shell:Skip shell extension 'powershell' for command environment: Not usable outside of PowerShell
[10.670s] DEBUG:colcon.colcon_core.shell:Skip shell extension 'dsv' for command environment
[11.094s] INFO:colcon.colcon_core.task.python.build:Building Python package in '/home/hanjh/F1_TENTH_UNITA/src/race_stack/planner/local_planners/spline_planner'
[11.094s] INFO:colcon.colcon_core.shell:Skip shell extension 'powershell' for command environment: Not usable outside of PowerShell
[11.094s] DEBUG:colcon.colcon_core.shell:Skip shell extension 'dsv' for command environment
[11.104s] DEBUG:colcon.colcon_core.event_handler.log_command:Invoked command in '/home/hanjh/F1_TENTH_UNITA/build/vesc' returned '0': CMAKE_PREFIX_PATH=/home/hanjh/F1_TENTH_UNITA/install/vesc_driver:/home/hanjh/F1_TENTH_UNITA/install/vesc_ackermann:/home/hanjh/F1_TENTH_UNITA/install/vesc_msgs:/home/hanjh/F1_TENTH_UNITA/install/vesc:/home/hanjh/F1_TENTH_UNITA/install/teleop_tools:/home/hanjh/F1_TENTH_UNITA/install/teleop_tools_msgs:/home/hanjh/F1_TENTH_UNITA/install/f110_msgs:/home/hanjh/F1_TENTH_UNITA/install/ackermann_mux:/home/hanjh/ros2_ws/install/custom_interfaces:/home/hanjh/F1_TENTH_UNITA/install/f1tenth_stack:/home/hanjh/F1_TENTH_UNITA/install/joy_teleop:/home/hanjh/F1_TENTH_UNITA/install/steering_lookup:/home/hanjh/F1_TENTH_UNITA/install/state_machine:/home/hanjh/F1_TENTH_UNITA/install/slam_tuner:/home/hanjh/F1_TENTH_UNITA/install/state_estimation:/home/hanjh/F1_TENTH_UNITA/install/map_editor:/home/hanjh/F1_TENTH_UNITA/install/stack_master:/home/hanjh/F1_TENTH_UNITA/install/spline_planner:/home/hanjh/F1_TENTH_UNITA/install/sector_tuner:/home/hanjh/F1_TENTH_UNITA/install/perception:/home/hanjh/F1_TENTH_UNITA/install/opponent_publisher:/home/hanjh/F1_TENTH_UNITA/install/mouse_teleop:/home/hanjh/F1_TENTH_UNITA/install/lap_analyser:/home/hanjh/F1_TENTH_UNITA/install/key_teleop:/home/hanjh/F1_TENTH_UNITA/install/id_controller:/home/hanjh/F1_TENTH_UNITA/install/global_planner:/home/hanjh/F1_TENTH_UNITA/install/frenet_odom_republisher:/home/hanjh/F1_TENTH_UNITA/install/frenet_conversion:/home/hanjh/F1_TENTH_UNITA/install/f1tenth_gym_ros:/home/hanjh/F1_TENTH_UNITA/install/controller:/home/hanjh/ros2_ws/install/tutorial_topic:/home/hanjh/ros2_ws/install/tutorial_service:/home/hanjh/ros2_ws/install/tutorial_action:/home/hanjh/ros2_ws/install/node_exercise:/home/hanjh/ros2_ws/install/my_package:/home/hanjh/ros2_ws/install/moving_services:/home/hanjh/ros2_ws/install/logger_test:/home/hanjh/ros2_ws/install/elevator_vision:/home/hanjh/ros2_ws/install/ebimu_pkg:/home/hanjh/ros2_ws/install/debug_pkg:/home/hanjh/ros2_ws/install/custom_interface_example:/home/hanjh/ros2_ws/install/camera_perception_pkg:/opt/ros/humble /usr/bin/cmake --build /home/hanjh/F1_TENTH_UNITA/build/vesc -- -j16 -l16
[11.105s] DEBUG:colcon.colcon_core.event_handler.log_command:Invoking command in '/home/hanjh/F1_TENTH_UNITA/build/vesc': CMAKE_PREFIX_PATH=/home/hanjh/F1_TENTH_UNITA/install/vesc_driver:/home/hanjh/F1_TENTH_UNITA/install/vesc_ackermann:/home/hanjh/F1_TENTH_UNITA/install/vesc_msgs:/home/hanjh/F1_TENTH_UNITA/install/vesc:/home/hanjh/F1_TENTH_UNITA/install/teleop_tools:/home/hanjh/F1_TENTH_UNITA/install/teleop_tools_msgs:/home/hanjh/F1_TENTH_UNITA/install/f110_msgs:/home/hanjh/F1_TENTH_UNITA/install/ackermann_mux:/home/hanjh/ros2_ws/install/custom_interfaces:/home/hanjh/F1_TENTH_UNITA/install/f1tenth_stack:/home/hanjh/F1_TENTH_UNITA/install/joy_teleop:/home/hanjh/F1_TENTH_UNITA/install/steering_lookup:/home/hanjh/F1_TENTH_UNITA/install/state_machine:/home/hanjh/F1_TENTH_UNITA/install/slam_tuner:/home/hanjh/F1_TENTH_UNITA/install/state_estimation:/home/hanjh/F1_TENTH_UNITA/install/map_editor:/home/hanjh/F1_TENTH_UNITA/install/stack_master:/home/hanjh/F1_TENTH_UNITA/install/spline_planner:/home/hanjh/F1_TENTH_UNITA/install/sector_tuner:/home/hanjh/F1_TENTH_UNITA/install/perception:/home/hanjh/F1_TENTH_UNITA/install/opponent_publisher:/home/hanjh/F1_TENTH_UNITA/install/mouse_teleop:/home/hanjh/F1_TENTH_UNITA/install/lap_analyser:/home/hanjh/F1_TENTH_UNITA/install/key_teleop:/home/hanjh/F1_TENTH_UNITA/install/id_controller:/home/hanjh/F1_TENTH_UNITA/install/global_planner:/home/hanjh/F1_TENTH_UNITA/install/frenet_odom_republisher:/home/hanjh/F1_TENTH_UNITA/install/frenet_conversion:/home/hanjh/F1_TENTH_UNITA/install/f1tenth_gym_ros:/home/hanjh/F1_TENTH_UNITA/install/controller:/home/hanjh/ros2_ws/install/tutorial_topic:/home/hanjh/ros2_ws/install/tutorial_service:/home/hanjh/ros2_ws/install/tutorial_action:/home/hanjh/ros2_ws/install/node_exercise:/home/hanjh/ros2_ws/install/my_package:/home/hanjh/ros2_ws/install/moving_services:/home/hanjh/ros2_ws/install/logger_test:/home/hanjh/ros2_ws/install/elevator_vision:/home/hanjh/ros2_ws/install/ebimu_pkg:/home/hanjh/ros2_ws/install/debug_pkg:/home/hanjh/ros2_ws/install/custom_interface_example:/home/hanjh/ros2_ws/install/camera_perception_pkg:/opt/ros/humble /usr/bin/cmake --install /home/hanjh/F1_TENTH_UNITA/build/vesc
[11.108s] DEBUG:colcon.colcon_core.event_handler.log_command:Invoking command in '/home/hanjh/F1_TENTH_UNITA/build/teleop_tools': AMENT_PREFIX_PATH=/home/hanjh/F1_TENTH_UNITA/install/joy_teleop:/home/hanjh/F1_TENTH_UNITA/install/key_teleop:/home/hanjh/F1_TENTH_UNITA/install/f1tenth_stack:/home/hanjh/F1_TENTH_UNITA/install/vesc:/home/hanjh/F1_TENTH_UNITA/install/vesc_driver:/home/hanjh/F1_TENTH_UNITA/install/vesc_ackermann:/home/hanjh/F1_TENTH_UNITA/install/vesc_msgs:/home/hanjh/F1_TENTH_UNITA/install/teleop_tools:/home/hanjh/F1_TENTH_UNITA/install/teleop_tools_msgs:/home/hanjh/F1_TENTH_UNITA/install/steering_lookup:/home/hanjh/F1_TENTH_UNITA/install/state_machine:/home/hanjh/F1_TENTH_UNITA/install/slam_tuner:/home/hanjh/F1_TENTH_UNITA/install/state_estimation:/home/hanjh/F1_TENTH_UNITA/install/map_editor:/home/hanjh/F1_TENTH_UNITA/install/stack_master:/home/hanjh/F1_TENTH_UNITA/install/spline_planner:/home/hanjh/F1_TENTH_UNITA/install/sector_tuner:/home/hanjh/F1_TENTH_UNITA/install/perception:/home/hanjh/F1_TENTH_UNITA/install/opponent_publisher:/home/hanjh/F1_TENTH_UNITA/install/mouse_teleop:/home/hanjh/F1_TENTH_UNITA/install/lap_analyser:/home/hanjh/F1_TENTH_UNITA/install/id_controller:/home/hanjh/F1_TENTH_UNITA/install/global_planner:/home/hanjh/F1_TENTH_UNITA/install/frenet_odom_republisher:/home/hanjh/F1_TENTH_UNITA/install/frenet_conversion:/home/hanjh/F1_TENTH_UNITA/install/f1tenth_gym_ros:/home/hanjh/F1_TENTH_UNITA/install/f110_msgs:/home/hanjh/F1_TENTH_UNITA/install/controller:/home/hanjh/F1_TENTH_UNITA/install/ackermann_mux:/home/hanjh/ros2_ws/install/tutorial_topic:/home/hanjh/ros2_ws/install/tutorial_service:/home/hanjh/ros2_ws/install/tutorial_action:/home/hanjh/ros2_ws/install/node_exercise:/home/hanjh/ros2_ws/install/my_package:/home/hanjh/ros2_ws/install/moving_services:/home/hanjh/ros2_ws/install/logger_test:/home/hanjh/ros2_ws/install/elevator_vision:/home/hanjh/ros2_ws/install/ebimu_pkg:/home/hanjh/ros2_ws/install/debug_pkg:/home/hanjh/ros2_ws/install/custom_interface_example:/home/hanjh/ros2_ws/install/custom_interfaces:/home/hanjh/ros2_ws/install/camera_perception_pkg:/opt/ros/humble CMAKE_PREFIX_PATH=/home/hanjh/F1_TENTH_UNITA/install/teleop_tools_msgs:/home/hanjh/F1_TENTH_UNITA/install/vesc:/home/hanjh/F1_TENTH_UNITA/install/vesc_driver:/home/hanjh/F1_TENTH_UNITA/install/vesc_ackermann:/home/hanjh/F1_TENTH_UNITA/install/vesc_msgs:/home/hanjh/F1_TENTH_UNITA/install/teleop_tools:/home/hanjh/F1_TENTH_UNITA/install/f110_msgs:/home/hanjh/F1_TENTH_UNITA/install/ackermann_mux:/home/hanjh/ros2_ws/install/custom_interfaces:/home/hanjh/F1_TENTH_UNITA/install/f1tenth_stack:/home/hanjh/F1_TENTH_UNITA/install/joy_teleop:/home/hanjh/F1_TENTH_UNITA/install/steering_lookup:/home/hanjh/F1_TENTH_UNITA/install/state_machine:/home/hanjh/F1_TENTH_UNITA/install/slam_tuner:/home/hanjh/F1_TENTH_UNITA/install/state_estimation:/home/hanjh/F1_TENTH_UNITA/install/map_editor:/home/hanjh/F1_TENTH_UNITA/install/stack_master:/home/hanjh/F1_TENTH_UNITA/install/spline_planner:/home/hanjh/F1_TENTH_UNITA/install/sector_tuner:/home/hanjh/F1_TENTH_UNITA/install/perception:/home/hanjh/F1_TENTH_UNITA/install/opponent_publisher:/home/hanjh/F1_TENTH_UNITA/install/mouse_teleop:/home/hanjh/F1_TENTH_UNITA/install/lap_analyser:/home/hanjh/F1_TENTH_UNITA/install/key_teleop:/home/hanjh/F1_TENTH_UNITA/install/id_controller:/home/hanjh/F1_TENTH_UNITA/install/global_planner:/home/hanjh/F1_TENTH_UNITA/install/frenet_odom_republisher:/home/hanjh/F1_TENTH_UNITA/install/frenet_conversion:/home/hanjh/F1_TENTH_UNITA/install/f1tenth_gym_ros:/home/hanjh/F1_TENTH_UNITA/install/controller:/home/hanjh/ros2_ws/install/tutorial_topic:/home/hanjh/ros2_ws/install/tutorial_service:/home/hanjh/ros2_ws/install/tutorial_action:/home/hanjh/ros2_ws/install/node_exercise:/home/hanjh/ros2_ws/install/my_package:/home/hanjh/ros2_ws/install/moving_services:/home/hanjh/ros2_ws/install/logger_test:/home/hanjh/ros2_ws/install/elevator_vision:/home/hanjh/ros2_ws/install/ebimu_pkg:/home/hanjh/ros2_ws/install/debug_pkg:/home/hanjh/ros2_ws/install/custom_interface_example:/home/hanjh/ros2_ws/install/camera_perception_pkg:/opt/ros/humble LD_LIBRARY_PATH=/home/hanjh/F1_TENTH_UNITA/install/teleop_tools_msgs/lib:/home/hanjh/F1_TENTH_UNITA/install/vesc_driver/lib:/home/hanjh/F1_TENTH_UNITA/install/vesc_ackermann/lib:/home/hanjh/F1_TENTH_UNITA/install/vesc_msgs/lib:/home/hanjh/F1_TENTH_UNITA/install/f110_msgs/lib:/home/hanjh/ros2_ws/install/custom_interfaces/lib:/usr/lib/x86_64-linux-gnu/gazebo-11/plugins:/opt/ros/humble/opt/rviz_ogre_vendor/lib:/opt/ros/humble/lib/x86_64-linux-gnu:/opt/ros/humble/lib PYTHONPATH=/home/hanjh/F1_TENTH_UNITA/build/joy_teleop:/home/hanjh/F1_TENTH_UNITA/install/joy_teleop/lib/python3.10/site-packages:/home/hanjh/F1_TENTH_UNITA/build/key_teleop:/home/hanjh/F1_TENTH_UNITA/install/key_teleop/lib/python3.10/site-packages:/home/hanjh/F1_TENTH_UNITA/build/f1tenth_stack:/home/hanjh/F1_TENTH_UNITA/install/f1tenth_stack/lib/python3.10/site-packages:/home/hanjh/F1_TENTH_UNITA/install/vesc_msgs/local/lib/python3.10/dist-packages:/home/hanjh/F1_TENTH_UNITA/install/teleop_tools_msgs/local/lib/python3.10/dist-packages:/home/hanjh/F1_TENTH_UNITA/build/steering_lookup:/home/hanjh/F1_TENTH_UNITA/install/steering_lookup/lib/python3.10/site-packages:/home/hanjh/F1_TENTH_UNITA/build/state_machine:/home/hanjh/F1_TENTH_UNITA/install/state_machine/lib/python3.10/site-packages:/home/hanjh/F1_TENTH_UNITA/build/slam_tuner:/home/hanjh/F1_TENTH_UNITA/install/slam_tuner/lib/python3.10/site-packages:/home/hanjh/F1_TENTH_UNITA/build/state_estimation:/home/hanjh/F1_TENTH_UNITA/install/state_estimation/lib/python3.10/site-packages:/home/hanjh/F1_TENTH_UNITA/build/map_editor:/home/hanjh/F1_TENTH_UNITA/install/map_editor/lib/python3.10/site-packages:/home/hanjh/F1_TENTH_UNITA/build/stack_master:/home/hanjh/F1_TENTH_UNITA/install/stack_master/lib/python3.10/site-packages:/home/hanjh/F1_TENTH_UNITA/build/spline_planner:/home/hanjh/F1_TENTH_UNITA/install/spline_planner/lib/python3.10/site-packages:/home/hanjh/F1_TENTH_UNITA/build/sector_tuner:/home/hanjh/F1_TENTH_UNITA/install/sector_tuner/lib/python3.10/site-packages:/home/hanjh/F1_TENTH_UNITA/build/perception:/home/hanjh/F1_TENTH_UNITA/install/perception/lib/python3.10/site-packages:/home/hanjh/F1_TENTH_UNITA/build/opponent_publisher:/home/hanjh/F1_TENTH_UNITA/install/opponent_publisher/lib/python3.10/site-packages:/home/hanjh/F1_TENTH_UNITA/build/mouse_teleop:/home/hanjh/F1_TENTH_UNITA/install/mouse_teleop/lib/python3.10/site-packages:/home/hanjh/F1_TENTH_UNITA/build/lap_analyser:/home/hanjh/F1_TENTH_UNITA/install/lap_analyser/lib/python3.10/site-packages:/home/hanjh/F1_TENTH_UNITA/build/id_controller:/home/hanjh/F1_TENTH_UNITA/install/id_controller/lib/python3.10/site-packages:/home/hanjh/F1_TENTH_UNITA/build/global_planner:/home/hanjh/F1_TENTH_UNITA/install/global_planner/lib/python3.10/site-packages:/home/hanjh/F1_TENTH_UNITA/build/frenet_odom_republisher:/home/hanjh/F1_TENTH_UNITA/install/frenet_odom_republisher/lib/python3.10/site-packages:/home/hanjh/F1_TENTH_UNITA/build/frenet_conversion:/home/hanjh/F1_TENTH_UNITA/install/frenet_conversion/lib/python3.10/site-packages:/home/hanjh/F1_TENTH_UNITA/build/f1tenth_gym_ros:/home/hanjh/F1_TENTH_UNITA/install/f1tenth_gym_ros/lib/python3.10/site-packages:/home/hanjh/F1_TENTH_UNITA/install/f110_msgs/local/lib/python3.10/dist-packages:/home/hanjh/F1_TENTH_UNITA/build/controller:/home/hanjh/F1_TENTH_UNITA/install/controller/lib/python3.10/site-packages:/home/hanjh/ros2_ws/build/tutorial_topic:/home/hanjh/ros2_ws/install/tutorial_topic/lib/python3.10/site-packages:/home/hanjh/ros2_ws/build/tutorial_service:/home/hanjh/ros2_ws/install/tutorial_service/lib/python3.10/site-packages:/home/hanjh/ros2_ws/build/tutorial_action:/home/hanjh/ros2_ws/install/tutorial_action/lib/python3.10/site-packages:/home/hanjh/ros2_ws/build/node_exercise:/home/hanjh/ros2_ws/install/node_exercise/lib/python3.10/site-packages:/home/hanjh/ros2_ws/build/my_package:/home/hanjh/ros2_ws/install/my_package/lib/python3.10/site-packages:/home/hanjh/ros2_ws/build/moving_services:/home/hanjh/ros2_ws/install/moving_services/lib/python3.10/site-packages:/home/hanjh/ros2_ws/build/logger_test:/home/hanjh/ros2_ws/install/logger_test/lib/python3.10/site-packages:/home/hanjh/ros2_ws/build/elevator_vision:/home/hanjh/ros2_ws/install/elevator_vision/lib/python3.10/site-packages:/home/hanjh/ros2_ws/build/ebimu_pkg:/home/hanjh/ros2_ws/install/ebimu_pkg/lib/python3.10/site-packages:/home/hanjh/ros2_ws/build/debug_pkg:/home/hanjh/ros2_ws/install/debug_pkg/lib/python3.10/site-packages:/home/hanjh/ros2_ws/build/custom_interface_example:/home/hanjh/ros2_ws/install/custom_interface_example/lib/python3.10/site-packages:/home/hanjh/ros2_ws/install/custom_interfaces/local/lib/python3.10/dist-packages:/home/hanjh/ros2_ws/build/camera_perception_pkg:/home/hanjh/ros2_ws/install/camera_perception_pkg/lib/python3.10/site-packages:/opt/ros/humble/lib/python3.10/site-packages:/opt/ros/humble/local/lib/python3.10/dist-packages /usr/bin/cmake --build /home/hanjh/F1_TENTH_UNITA/build/teleop_tools -- -j16 -l16
[11.110s] DEBUG:colcon.colcon_core.event_handler.log_command:Invoking command in '/home/hanjh/F1_TENTH_UNITA/build/sector_tuner': PYTHONPATH=/home/hanjh/F1_TENTH_UNITA/build/sector_tuner/prefix_override:/usr/lib/python3/dist-packages/colcon_core/task/python/colcon_distutils_commands:/home/hanjh/F1_TENTH_UNITA/install/sector_tuner/lib/python3.10/site-packages:${PYTHONPATH} /usr/bin/python3 -W ignore:setup.py install is deprecated -W ignore:easy_install command is deprecated setup.py develop --editable --build-directory /home/hanjh/F1_TENTH_UNITA/build/sector_tuner/build --no-deps symlink_data
[11.112s] DEBUG:colcon.colcon_core.event_handler.log_command:Invoking command in '/home/hanjh/F1_TENTH_UNITA/build/state_machine': PYTHONPATH=/home/hanjh/F1_TENTH_UNITA/build/state_machine/prefix_override:/usr/lib/python3/dist-packages/colcon_core/task/python/colcon_distutils_commands:/home/hanjh/F1_TENTH_UNITA/install/state_machine/lib/python3.10/site-packages:${PYTHONPATH} /usr/bin/python3 -W ignore:setup.py install is deprecated -W ignore:easy_install command is deprecated setup.py develop --editable --build-directory /home/hanjh/F1_TENTH_UNITA/build/state_machine/build --no-deps symlink_data
[11.138s] Level 1:colcon.colcon_core.environment:create_environment_scripts_only(vesc)
[11.139s] Level 1:colcon.colcon_core.environment:checking '/home/hanjh/F1_TENTH_UNITA/install/vesc' for CMake module files
[11.140s] DEBUG:colcon.colcon_core.event_handler.log_command:Invoked command in '/home/hanjh/F1_TENTH_UNITA/build/vesc' returned '0': CMAKE_PREFIX_PATH=/home/hanjh/F1_TENTH_UNITA/install/vesc_driver:/home/hanjh/F1_TENTH_UNITA/install/vesc_ackermann:/home/hanjh/F1_TENTH_UNITA/install/vesc_msgs:/home/hanjh/F1_TENTH_UNITA/install/vesc:/home/hanjh/F1_TENTH_UNITA/install/teleop_tools:/home/hanjh/F1_TENTH_UNITA/install/teleop_tools_msgs:/home/hanjh/F1_TENTH_UNITA/install/f110_msgs:/home/hanjh/F1_TENTH_UNITA/install/ackermann_mux:/home/hanjh/ros2_ws/install/custom_interfaces:/home/hanjh/F1_TENTH_UNITA/install/f1tenth_stack:/home/hanjh/F1_TENTH_UNITA/install/joy_teleop:/home/hanjh/F1_TENTH_UNITA/install/steering_lookup:/home/hanjh/F1_TENTH_UNITA/install/state_machine:/home/hanjh/F1_TENTH_UNITA/install/slam_tuner:/home/hanjh/F1_TENTH_UNITA/install/state_estimation:/home/hanjh/F1_TENTH_UNITA/install/map_editor:/home/hanjh/F1_TENTH_UNITA/install/stack_master:/home/hanjh/F1_TENTH_UNITA/install/spline_planner:/home/hanjh/F1_TENTH_UNITA/install/sector_tuner:/home/hanjh/F1_TENTH_UNITA/install/perception:/home/hanjh/F1_TENTH_UNITA/install/opponent_publisher:/home/hanjh/F1_TENTH_UNITA/install/mouse_teleop:/home/hanjh/F1_TENTH_UNITA/install/lap_analyser:/home/hanjh/F1_TENTH_UNITA/install/key_teleop:/home/hanjh/F1_TENTH_UNITA/install/id_controller:/home/hanjh/F1_TENTH_UNITA/install/global_planner:/home/hanjh/F1_TENTH_UNITA/install/frenet_odom_republisher:/home/hanjh/F1_TENTH_UNITA/install/frenet_conversion:/home/hanjh/F1_TENTH_UNITA/install/f1tenth_gym_ros:/home/hanjh/F1_TENTH_UNITA/install/controller:/home/hanjh/ros2_ws/install/tutorial_topic:/home/hanjh/ros2_ws/install/tutorial_service:/home/hanjh/ros2_ws/install/tutorial_action:/home/hanjh/ros2_ws/install/node_exercise:/home/hanjh/ros2_ws/install/my_package:/home/hanjh/ros2_ws/install/moving_services:/home/hanjh/ros2_ws/install/logger_test:/home/hanjh/ros2_ws/install/elevator_vision:/home/hanjh/ros2_ws/install/ebimu_pkg:/home/hanjh/ros2_ws/install/debug_pkg:/home/hanjh/ros2_ws/install/custom_interface_example:/home/hanjh/ros2_ws/install/camera_perception_pkg:/opt/ros/humble /usr/bin/cmake --install /home/hanjh/F1_TENTH_UNITA/build/vesc
[11.140s] Level 1:colcon.colcon_core.environment:checking '/home/hanjh/F1_TENTH_UNITA/install/vesc' for CMake config files
[11.140s] Level 1:colcon.colcon_core.shell:create_environment_hook('vesc', 'cmake_prefix_path')
[11.141s] INFO:colcon.colcon_core.shell:Creating environment hook '/home/hanjh/F1_TENTH_UNITA/install/vesc/share/vesc/hook/cmake_prefix_path.ps1'
[11.142s] INFO:colcon.colcon_core.shell:Creating environment descriptor '/home/hanjh/F1_TENTH_UNITA/install/vesc/share/vesc/hook/cmake_prefix_path.dsv'
[11.142s] INFO:colcon.colcon_core.shell:Creating environment hook '/home/hanjh/F1_TENTH_UNITA/install/vesc/share/vesc/hook/cmake_prefix_path.sh'
[11.143s] Level 1:colcon.colcon_core.environment:checking '/home/hanjh/F1_TENTH_UNITA/install/vesc/bin'
[11.144s] Level 1:colcon.colcon_core.environment:checking '/home/hanjh/F1_TENTH_UNITA/install/vesc/lib/pkgconfig/vesc.pc'
[11.144s] Level 1:colcon.colcon_core.environment:checking '/home/hanjh/F1_TENTH_UNITA/install/vesc/lib/python3.10/site-packages'
[11.145s] Level 1:colcon.colcon_core.environment:checking '/home/hanjh/F1_TENTH_UNITA/install/vesc/bin'
[11.145s] INFO:colcon.colcon_core.shell:Creating package script '/home/hanjh/F1_TENTH_UNITA/install/vesc/share/vesc/package.ps1'
[11.146s] INFO:colcon.colcon_core.shell:Creating package descriptor '/home/hanjh/F1_TENTH_UNITA/install/vesc/share/vesc/package.dsv'
[11.147s] INFO:colcon.colcon_core.shell:Creating package script '/home/hanjh/F1_TENTH_UNITA/install/vesc/share/vesc/package.sh'
[11.148s] INFO:colcon.colcon_core.shell:Creating package script '/home/hanjh/F1_TENTH_UNITA/install/vesc/share/vesc/package.bash'
[11.148s] INFO:colcon.colcon_core.shell:Creating package script '/home/hanjh/F1_TENTH_UNITA/install/vesc/share/vesc/package.zsh'
[11.149s] Level 1:colcon.colcon_core.environment:create_file_with_runtime_dependencies(/home/hanjh/F1_TENTH_UNITA/install/vesc/share/colcon-core/packages/vesc)
[11.150s] Level 1:colcon.colcon_core.environment:create_environment_scripts_only(vesc)
[11.150s] Level 1:colcon.colcon_core.environment:checking '/home/hanjh/F1_TENTH_UNITA/install/vesc' for CMake module files
[11.151s] Level 1:colcon.colcon_core.environment:checking '/home/hanjh/F1_TENTH_UNITA/install/vesc' for CMake config files
[11.152s] Level 1:colcon.colcon_core.shell:create_environment_hook('vesc', 'cmake_prefix_path')
[11.152s] INFO:colcon.colcon_core.shell:Creating environment hook '/home/hanjh/F1_TENTH_UNITA/install/vesc/share/vesc/hook/cmake_prefix_path.ps1'
[11.153s] INFO:colcon.colcon_core.shell:Creating environment descriptor '/home/hanjh/F1_TENTH_UNITA/install/vesc/share/vesc/hook/cmake_prefix_path.dsv'
[11.154s] INFO:colcon.colcon_core.shell:Creating environment hook '/home/hanjh/F1_TENTH_UNITA/install/vesc/share/vesc/hook/cmake_prefix_path.sh'
[11.155s] Level 1:colcon.colcon_core.environment:checking '/home/hanjh/F1_TENTH_UNITA/install/vesc/bin'
[11.155s] Level 1:colcon.colcon_core.environment:checking '/home/hanjh/F1_TENTH_UNITA/install/vesc/lib/pkgconfig/vesc.pc'
[11.155s] Level 1:colcon.colcon_core.environment:checking '/home/hanjh/F1_TENTH_UNITA/install/vesc/lib/python3.10/site-packages'
[11.156s] Level 1:colcon.colcon_core.environment:checking '/home/hanjh/F1_TENTH_UNITA/install/vesc/bin'
[11.156s] INFO:colcon.colcon_core.shell:Creating package script '/home/hanjh/F1_TENTH_UNITA/install/vesc/share/vesc/package.ps1'
[11.157s] INFO:colcon.colcon_core.shell:Creating package descriptor '/home/hanjh/F1_TENTH_UNITA/install/vesc/share/vesc/package.dsv'
[11.158s] INFO:colcon.colcon_core.shell:Creating package script '/home/hanjh/F1_TENTH_UNITA/install/vesc/share/vesc/package.sh'
[11.159s] INFO:colcon.colcon_core.shell:Creating package script '/home/hanjh/F1_TENTH_UNITA/install/vesc/share/vesc/package.bash'
[11.160s] INFO:colcon.colcon_core.shell:Creating package script '/home/hanjh/F1_TENTH_UNITA/install/vesc/share/vesc/package.zsh'
[11.160s] Level 1:colcon.colcon_core.environment:create_file_with_runtime_dependencies(/home/hanjh/F1_TENTH_UNITA/install/vesc/share/colcon-core/packages/vesc)
[11.161s] INFO:colcon.colcon_ros.task.ament_python.build:Building ROS package in '/home/hanjh/F1_TENTH_UNITA/src/race_stack/base_system/f1tenth_system/f1tenth_stack' with build type 'ament_python'
[11.162s] Level 1:colcon.colcon_core.shell:create_environment_hook('f1tenth_stack', 'ament_prefix_path')
[11.162s] INFO:colcon.colcon_core.shell:Creating environment hook '/home/hanjh/F1_TENTH_UNITA/install/f1tenth_stack/share/f1tenth_stack/hook/ament_prefix_path.ps1'
[11.163s] INFO:colcon.colcon_core.shell:Creating environment descriptor '/home/hanjh/F1_TENTH_UNITA/install/f1tenth_stack/share/f1tenth_stack/hook/ament_prefix_path.dsv'
[11.164s] INFO:colcon.colcon_core.shell:Creating environment hook '/home/hanjh/F1_TENTH_UNITA/install/f1tenth_stack/share/f1tenth_stack/hook/ament_prefix_path.sh'
[11.165s] INFO:colcon.colcon_core.shell:Skip shell extension 'powershell' for command environment: Not usable outside of PowerShell
[11.165s] DEBUG:colcon.colcon_core.shell:Skip shell extension 'dsv' for command environment
[11.181s] DEBUG:colcon.colcon_core.event_handler.log_command:Invoked command in '/home/hanjh/F1_TENTH_UNITA/build/teleop_tools' returned '0': AMENT_PREFIX_PATH=/home/hanjh/F1_TENTH_UNITA/install/joy_teleop:/home/hanjh/F1_TENTH_UNITA/install/key_teleop:/home/hanjh/F1_TENTH_UNITA/install/f1tenth_stack:/home/hanjh/F1_TENTH_UNITA/install/vesc:/home/hanjh/F1_TENTH_UNITA/install/vesc_driver:/home/hanjh/F1_TENTH_UNITA/install/vesc_ackermann:/home/hanjh/F1_TENTH_UNITA/install/vesc_msgs:/home/hanjh/F1_TENTH_UNITA/install/teleop_tools:/home/hanjh/F1_TENTH_UNITA/install/teleop_tools_msgs:/home/hanjh/F1_TENTH_UNITA/install/steering_lookup:/home/hanjh/F1_TENTH_UNITA/install/state_machine:/home/hanjh/F1_TENTH_UNITA/install/slam_tuner:/home/hanjh/F1_TENTH_UNITA/install/state_estimation:/home/hanjh/F1_TENTH_UNITA/install/map_editor:/home/hanjh/F1_TENTH_UNITA/install/stack_master:/home/hanjh/F1_TENTH_UNITA/install/spline_planner:/home/hanjh/F1_TENTH_UNITA/install/sector_tuner:/home/hanjh/F1_TENTH_UNITA/install/perception:/home/hanjh/F1_TENTH_UNITA/install/opponent_publisher:/home/hanjh/F1_TENTH_UNITA/install/mouse_teleop:/home/hanjh/F1_TENTH_UNITA/install/lap_analyser:/home/hanjh/F1_TENTH_UNITA/install/id_controller:/home/hanjh/F1_TENTH_UNITA/install/global_planner:/home/hanjh/F1_TENTH_UNITA/install/frenet_odom_republisher:/home/hanjh/F1_TENTH_UNITA/install/frenet_conversion:/home/hanjh/F1_TENTH_UNITA/install/f1tenth_gym_ros:/home/hanjh/F1_TENTH_UNITA/install/f110_msgs:/home/hanjh/F1_TENTH_UNITA/install/controller:/home/hanjh/F1_TENTH_UNITA/install/ackermann_mux:/home/hanjh/ros2_ws/install/tutorial_topic:/home/hanjh/ros2_ws/install/tutorial_service:/home/hanjh/ros2_ws/install/tutorial_action:/home/hanjh/ros2_ws/install/node_exercise:/home/hanjh/ros2_ws/install/my_package:/home/hanjh/ros2_ws/install/moving_services:/home/hanjh/ros2_ws/install/logger_test:/home/hanjh/ros2_ws/install/elevator_vision:/home/hanjh/ros2_ws/install/ebimu_pkg:/home/hanjh/ros2_ws/install/debug_pkg:/home/hanjh/ros2_ws/install/custom_interface_example:/home/hanjh/ros2_ws/install/custom_interfaces:/home/hanjh/ros2_ws/install/camera_perception_pkg:/opt/ros/humble CMAKE_PREFIX_PATH=/home/hanjh/F1_TENTH_UNITA/install/teleop_tools_msgs:/home/hanjh/F1_TENTH_UNITA/install/vesc:/home/hanjh/F1_TENTH_UNITA/install/vesc_driver:/home/hanjh/F1_TENTH_UNITA/install/vesc_ackermann:/home/hanjh/F1_TENTH_UNITA/install/vesc_msgs:/home/hanjh/F1_TENTH_UNITA/install/teleop_tools:/home/hanjh/F1_TENTH_UNITA/install/f110_msgs:/home/hanjh/F1_TENTH_UNITA/install/ackermann_mux:/home/hanjh/ros2_ws/install/custom_interfaces:/home/hanjh/F1_TENTH_UNITA/install/f1tenth_stack:/home/hanjh/F1_TENTH_UNITA/install/joy_teleop:/home/hanjh/F1_TENTH_UNITA/install/steering_lookup:/home/hanjh/F1_TENTH_UNITA/install/state_machine:/home/hanjh/F1_TENTH_UNITA/install/slam_tuner:/home/hanjh/F1_TENTH_UNITA/install/state_estimation:/home/hanjh/F1_TENTH_UNITA/install/map_editor:/home/hanjh/F1_TENTH_UNITA/install/stack_master:/home/hanjh/F1_TENTH_UNITA/install/spline_planner:/home/hanjh/F1_TENTH_UNITA/install/sector_tuner:/home/hanjh/F1_TENTH_UNITA/install/perception:/home/hanjh/F1_TENTH_UNITA/install/opponent_publisher:/home/hanjh/F1_TENTH_UNITA/install/mouse_teleop:/home/hanjh/F1_TENTH_UNITA/install/lap_analyser:/home/hanjh/F1_TENTH_UNITA/install/key_teleop:/home/hanjh/F1_TENTH_UNITA/install/id_controller:/home/hanjh/F1_TENTH_UNITA/install/global_planner:/home/hanjh/F1_TENTH_UNITA/install/frenet_odom_republisher:/home/hanjh/F1_TENTH_UNITA/install/frenet_conversion:/home/hanjh/F1_TENTH_UNITA/install/f1tenth_gym_ros:/home/hanjh/F1_TENTH_UNITA/install/controller:/home/hanjh/ros2_ws/install/tutorial_topic:/home/hanjh/ros2_ws/install/tutorial_service:/home/hanjh/ros2_ws/install/tutorial_action:/home/hanjh/ros2_ws/install/node_exercise:/home/hanjh/ros2_ws/install/my_package:/home/hanjh/ros2_ws/install/moving_services:/home/hanjh/ros2_ws/install/logger_test:/home/hanjh/ros2_ws/install/elevator_vision:/home/hanjh/ros2_ws/install/ebimu_pkg:/home/hanjh/ros2_ws/install/debug_pkg:/home/hanjh/ros2_ws/install/custom_interface_example:/home/hanjh/ros2_ws/install/camera_perception_pkg:/opt/ros/humble LD_LIBRARY_PATH=/home/hanjh/F1_TENTH_UNITA/install/teleop_tools_msgs/lib:/home/hanjh/F1_TENTH_UNITA/install/vesc_driver/lib:/home/hanjh/F1_TENTH_UNITA/install/vesc_ackermann/lib:/home/hanjh/F1_TENTH_UNITA/install/vesc_msgs/lib:/home/hanjh/F1_TENTH_UNITA/install/f110_msgs/lib:/home/hanjh/ros2_ws/install/custom_interfaces/lib:/usr/lib/x86_64-linux-gnu/gazebo-11/plugins:/opt/ros/humble/opt/rviz_ogre_vendor/lib:/opt/ros/humble/lib/x86_64-linux-gnu:/opt/ros/humble/lib PYTHONPATH=/home/hanjh/F1_TENTH_UNITA/build/joy_teleop:/home/hanjh/F1_TENTH_UNITA/install/joy_teleop/lib/python3.10/site-packages:/home/hanjh/F1_TENTH_UNITA/build/key_teleop:/home/hanjh/F1_TENTH_UNITA/install/key_teleop/lib/python3.10/site-packages:/home/hanjh/F1_TENTH_UNITA/build/f1tenth_stack:/home/hanjh/F1_TENTH_UNITA/install/f1tenth_stack/lib/python3.10/site-packages:/home/hanjh/F1_TENTH_UNITA/install/vesc_msgs/local/lib/python3.10/dist-packages:/home/hanjh/F1_TENTH_UNITA/install/teleop_tools_msgs/local/lib/python3.10/dist-packages:/home/hanjh/F1_TENTH_UNITA/build/steering_lookup:/home/hanjh/F1_TENTH_UNITA/install/steering_lookup/lib/python3.10/site-packages:/home/hanjh/F1_TENTH_UNITA/build/state_machine:/home/hanjh/F1_TENTH_UNITA/install/state_machine/lib/python3.10/site-packages:/home/hanjh/F1_TENTH_UNITA/build/slam_tuner:/home/hanjh/F1_TENTH_UNITA/install/slam_tuner/lib/python3.10/site-packages:/home/hanjh/F1_TENTH_UNITA/build/state_estimation:/home/hanjh/F1_TENTH_UNITA/install/state_estimation/lib/python3.10/site-packages:/home/hanjh/F1_TENTH_UNITA/build/map_editor:/home/hanjh/F1_TENTH_UNITA/install/map_editor/lib/python3.10/site-packages:/home/hanjh/F1_TENTH_UNITA/build/stack_master:/home/hanjh/F1_TENTH_UNITA/install/stack_master/lib/python3.10/site-packages:/home/hanjh/F1_TENTH_UNITA/build/spline_planner:/home/hanjh/F1_TENTH_UNITA/install/spline_planner/lib/python3.10/site-packages:/home/hanjh/F1_TENTH_UNITA/build/sector_tuner:/home/hanjh/F1_TENTH_UNITA/install/sector_tuner/lib/python3.10/site-packages:/home/hanjh/F1_TENTH_UNITA/build/perception:/home/hanjh/F1_TENTH_UNITA/install/perception/lib/python3.10/site-packages:/home/hanjh/F1_TENTH_UNITA/build/opponent_publisher:/home/hanjh/F1_TENTH_UNITA/install/opponent_publisher/lib/python3.10/site-packages:/home/hanjh/F1_TENTH_UNITA/build/mouse_teleop:/home/hanjh/F1_TENTH_UNITA/install/mouse_teleop/lib/python3.10/site-packages:/home/hanjh/F1_TENTH_UNITA/build/lap_analyser:/home/hanjh/F1_TENTH_UNITA/install/lap_analyser/lib/python3.10/site-packages:/home/hanjh/F1_TENTH_UNITA/build/id_controller:/home/hanjh/F1_TENTH_UNITA/install/id_controller/lib/python3.10/site-packages:/home/hanjh/F1_TENTH_UNITA/build/global_planner:/home/hanjh/F1_TENTH_UNITA/install/global_planner/lib/python3.10/site-packages:/home/hanjh/F1_TENTH_UNITA/build/frenet_odom_republisher:/home/hanjh/F1_TENTH_UNITA/install/frenet_odom_republisher/lib/python3.10/site-packages:/home/hanjh/F1_TENTH_UNITA/build/frenet_conversion:/home/hanjh/F1_TENTH_UNITA/install/frenet_conversion/lib/python3.10/site-packages:/home/hanjh/F1_TENTH_UNITA/build/f1tenth_gym_ros:/home/hanjh/F1_TENTH_UNITA/install/f1tenth_gym_ros/lib/python3.10/site-packages:/home/hanjh/F1_TENTH_UNITA/install/f110_msgs/local/lib/python3.10/dist-packages:/home/hanjh/F1_TENTH_UNITA/build/controller:/home/hanjh/F1_TENTH_UNITA/install/controller/lib/python3.10/site-packages:/home/hanjh/ros2_ws/build/tutorial_topic:/home/hanjh/ros2_ws/install/tutorial_topic/lib/python3.10/site-packages:/home/hanjh/ros2_ws/build/tutorial_service:/home/hanjh/ros2_ws/install/tutorial_service/lib/python3.10/site-packages:/home/hanjh/ros2_ws/build/tutorial_action:/home/hanjh/ros2_ws/install/tutorial_action/lib/python3.10/site-packages:/home/hanjh/ros2_ws/build/node_exercise:/home/hanjh/ros2_ws/install/node_exercise/lib/python3.10/site-packages:/home/hanjh/ros2_ws/build/my_package:/home/hanjh/ros2_ws/install/my_package/lib/python3.10/site-packages:/home/hanjh/ros2_ws/build/moving_services:/home/hanjh/ros2_ws/install/moving_services/lib/python3.10/site-packages:/home/hanjh/ros2_ws/build/logger_test:/home/hanjh/ros2_ws/install/logger_test/lib/python3.10/site-packages:/home/hanjh/ros2_ws/build/elevator_vision:/home/hanjh/ros2_ws/install/elevator_vision/lib/python3.10/site-packages:/home/hanjh/ros2_ws/build/ebimu_pkg:/home/hanjh/ros2_ws/install/ebimu_pkg/lib/python3.10/site-packages:/home/hanjh/ros2_ws/build/debug_pkg:/home/hanjh/ros2_ws/install/debug_pkg/lib/python3.10/site-packages:/home/hanjh/ros2_ws/build/custom_interface_example:/home/hanjh/ros2_ws/install/custom_interface_example/lib/python3.10/site-packages:/home/hanjh/ros2_ws/install/custom_interfaces/local/lib/python3.10/dist-packages:/home/hanjh/ros2_ws/build/camera_perception_pkg:/home/hanjh/ros2_ws/install/camera_perception_pkg/lib/python3.10/site-packages:/opt/ros/humble/lib/python3.10/site-packages:/opt/ros/humble/local/lib/python3.10/dist-packages /usr/bin/cmake --build /home/hanjh/F1_TENTH_UNITA/build/teleop_tools -- -j16 -l16
[11.184s] DEBUG:colcon.colcon_core.event_handler.log_command:Invoking command in '/home/hanjh/F1_TENTH_UNITA/build/teleop_tools': AMENT_PREFIX_PATH=/home/hanjh/F1_TENTH_UNITA/install/joy_teleop:/home/hanjh/F1_TENTH_UNITA/install/key_teleop:/home/hanjh/F1_TENTH_UNITA/install/f1tenth_stack:/home/hanjh/F1_TENTH_UNITA/install/vesc:/home/hanjh/F1_TENTH_UNITA/install/vesc_driver:/home/hanjh/F1_TENTH_UNITA/install/vesc_ackermann:/home/hanjh/F1_TENTH_UNITA/install/vesc_msgs:/home/hanjh/F1_TENTH_UNITA/install/teleop_tools:/home/hanjh/F1_TENTH_UNITA/install/teleop_tools_msgs:/home/hanjh/F1_TENTH_UNITA/install/steering_lookup:/home/hanjh/F1_TENTH_UNITA/install/state_machine:/home/hanjh/F1_TENTH_UNITA/install/slam_tuner:/home/hanjh/F1_TENTH_UNITA/install/state_estimation:/home/hanjh/F1_TENTH_UNITA/install/map_editor:/home/hanjh/F1_TENTH_UNITA/install/stack_master:/home/hanjh/F1_TENTH_UNITA/install/spline_planner:/home/hanjh/F1_TENTH_UNITA/install/sector_tuner:/home/hanjh/F1_TENTH_UNITA/install/perception:/home/hanjh/F1_TENTH_UNITA/install/opponent_publisher:/home/hanjh/F1_TENTH_UNITA/install/mouse_teleop:/home/hanjh/F1_TENTH_UNITA/install/lap_analyser:/home/hanjh/F1_TENTH_UNITA/install/id_controller:/home/hanjh/F1_TENTH_UNITA/install/global_planner:/home/hanjh/F1_TENTH_UNITA/install/frenet_odom_republisher:/home/hanjh/F1_TENTH_UNITA/install/frenet_conversion:/home/hanjh/F1_TENTH_UNITA/install/f1tenth_gym_ros:/home/hanjh/F1_TENTH_UNITA/install/f110_msgs:/home/hanjh/F1_TENTH_UNITA/install/controller:/home/hanjh/F1_TENTH_UNITA/install/ackermann_mux:/home/hanjh/ros2_ws/install/tutorial_topic:/home/hanjh/ros2_ws/install/tutorial_service:/home/hanjh/ros2_ws/install/tutorial_action:/home/hanjh/ros2_ws/install/node_exercise:/home/hanjh/ros2_ws/install/my_package:/home/hanjh/ros2_ws/install/moving_services:/home/hanjh/ros2_ws/install/logger_test:/home/hanjh/ros2_ws/install/elevator_vision:/home/hanjh/ros2_ws/install/ebimu_pkg:/home/hanjh/ros2_ws/install/debug_pkg:/home/hanjh/ros2_ws/install/custom_interface_example:/home/hanjh/ros2_ws/install/custom_interfaces:/home/hanjh/ros2_ws/install/camera_perception_pkg:/opt/ros/humble CMAKE_PREFIX_PATH=/home/hanjh/F1_TENTH_UNITA/install/teleop_tools_msgs:/home/hanjh/F1_TENTH_UNITA/install/vesc:/home/hanjh/F1_TENTH_UNITA/install/vesc_driver:/home/hanjh/F1_TENTH_UNITA/install/vesc_ackermann:/home/hanjh/F1_TENTH_UNITA/install/vesc_msgs:/home/hanjh/F1_TENTH_UNITA/install/teleop_tools:/home/hanjh/F1_TENTH_UNITA/install/f110_msgs:/home/hanjh/F1_TENTH_UNITA/install/ackermann_mux:/home/hanjh/ros2_ws/install/custom_interfaces:/home/hanjh/F1_TENTH_UNITA/install/f1tenth_stack:/home/hanjh/F1_TENTH_UNITA/install/joy_teleop:/home/hanjh/F1_TENTH_UNITA/install/steering_lookup:/home/hanjh/F1_TENTH_UNITA/install/state_machine:/home/hanjh/F1_TENTH_UNITA/install/slam_tuner:/home/hanjh/F1_TENTH_UNITA/install/state_estimation:/home/hanjh/F1_TENTH_UNITA/install/map_editor:/home/hanjh/F1_TENTH_UNITA/install/stack_master:/home/hanjh/F1_TENTH_UNITA/install/spline_planner:/home/hanjh/F1_TENTH_UNITA/install/sector_tuner:/home/hanjh/F1_TENTH_UNITA/install/perception:/home/hanjh/F1_TENTH_UNITA/install/opponent_publisher:/home/hanjh/F1_TENTH_UNITA/install/mouse_teleop:/home/hanjh/F1_TENTH_UNITA/install/lap_analyser:/home/hanjh/F1_TENTH_UNITA/install/key_teleop:/home/hanjh/F1_TENTH_UNITA/install/id_controller:/home/hanjh/F1_TENTH_UNITA/install/global_planner:/home/hanjh/F1_TENTH_UNITA/install/frenet_odom_republisher:/home/hanjh/F1_TENTH_UNITA/install/frenet_conversion:/home/hanjh/F1_TENTH_UNITA/install/f1tenth_gym_ros:/home/hanjh/F1_TENTH_UNITA/install/controller:/home/hanjh/ros2_ws/install/tutorial_topic:/home/hanjh/ros2_ws/install/tutorial_service:/home/hanjh/ros2_ws/install/tutorial_action:/home/hanjh/ros2_ws/install/node_exercise:/home/hanjh/ros2_ws/install/my_package:/home/hanjh/ros2_ws/install/moving_services:/home/hanjh/ros2_ws/install/logger_test:/home/hanjh/ros2_ws/install/elevator_vision:/home/hanjh/ros2_ws/install/ebimu_pkg:/home/hanjh/ros2_ws/install/debug_pkg:/home/hanjh/ros2_ws/install/custom_interface_example:/home/hanjh/ros2_ws/install/camera_perception_pkg:/opt/ros/humble LD_LIBRARY_PATH=/home/hanjh/F1_TENTH_UNITA/install/teleop_tools_msgs/lib:/home/hanjh/F1_TENTH_UNITA/install/vesc_driver/lib:/home/hanjh/F1_TENTH_UNITA/install/vesc_ackermann/lib:/home/hanjh/F1_TENTH_UNITA/install/vesc_msgs/lib:/home/hanjh/F1_TENTH_UNITA/install/f110_msgs/lib:/home/hanjh/ros2_ws/install/custom_interfaces/lib:/usr/lib/x86_64-linux-gnu/gazebo-11/plugins:/opt/ros/humble/opt/rviz_ogre_vendor/lib:/opt/ros/humble/lib/x86_64-linux-gnu:/opt/ros/humble/lib PYTHONPATH=/home/hanjh/F1_TENTH_UNITA/build/joy_teleop:/home/hanjh/F1_TENTH_UNITA/install/joy_teleop/lib/python3.10/site-packages:/home/hanjh/F1_TENTH_UNITA/build/key_teleop:/home/hanjh/F1_TENTH_UNITA/install/key_teleop/lib/python3.10/site-packages:/home/hanjh/F1_TENTH_UNITA/build/f1tenth_stack:/home/hanjh/F1_TENTH_UNITA/install/f1tenth_stack/lib/python3.10/site-packages:/home/hanjh/F1_TENTH_UNITA/install/vesc_msgs/local/lib/python3.10/dist-packages:/home/hanjh/F1_TENTH_UNITA/install/teleop_tools_msgs/local/lib/python3.10/dist-packages:/home/hanjh/F1_TENTH_UNITA/build/steering_lookup:/home/hanjh/F1_TENTH_UNITA/install/steering_lookup/lib/python3.10/site-packages:/home/hanjh/F1_TENTH_UNITA/build/state_machine:/home/hanjh/F1_TENTH_UNITA/install/state_machine/lib/python3.10/site-packages:/home/hanjh/F1_TENTH_UNITA/build/slam_tuner:/home/hanjh/F1_TENTH_UNITA/install/slam_tuner/lib/python3.10/site-packages:/home/hanjh/F1_TENTH_UNITA/build/state_estimation:/home/hanjh/F1_TENTH_UNITA/install/state_estimation/lib/python3.10/site-packages:/home/hanjh/F1_TENTH_UNITA/build/map_editor:/home/hanjh/F1_TENTH_UNITA/install/map_editor/lib/python3.10/site-packages:/home/hanjh/F1_TENTH_UNITA/build/stack_master:/home/hanjh/F1_TENTH_UNITA/install/stack_master/lib/python3.10/site-packages:/home/hanjh/F1_TENTH_UNITA/build/spline_planner:/home/hanjh/F1_TENTH_UNITA/install/spline_planner/lib/python3.10/site-packages:/home/hanjh/F1_TENTH_UNITA/build/sector_tuner:/home/hanjh/F1_TENTH_UNITA/install/sector_tuner/lib/python3.10/site-packages:/home/hanjh/F1_TENTH_UNITA/build/perception:/home/hanjh/F1_TENTH_UNITA/install/perception/lib/python3.10/site-packages:/home/hanjh/F1_TENTH_UNITA/build/opponent_publisher:/home/hanjh/F1_TENTH_UNITA/install/opponent_publisher/lib/python3.10/site-packages:/home/hanjh/F1_TENTH_UNITA/build/mouse_teleop:/home/hanjh/F1_TENTH_UNITA/install/mouse_teleop/lib/python3.10/site-packages:/home/hanjh/F1_TENTH_UNITA/build/lap_analyser:/home/hanjh/F1_TENTH_UNITA/install/lap_analyser/lib/python3.10/site-packages:/home/hanjh/F1_TENTH_UNITA/build/id_controller:/home/hanjh/F1_TENTH_UNITA/install/id_controller/lib/python3.10/site-packages:/home/hanjh/F1_TENTH_UNITA/build/global_planner:/home/hanjh/F1_TENTH_UNITA/install/global_planner/lib/python3.10/site-packages:/home/hanjh/F1_TENTH_UNITA/build/frenet_odom_republisher:/home/hanjh/F1_TENTH_UNITA/install/frenet_odom_republisher/lib/python3.10/site-packages:/home/hanjh/F1_TENTH_UNITA/build/frenet_conversion:/home/hanjh/F1_TENTH_UNITA/install/frenet_conversion/lib/python3.10/site-packages:/home/hanjh/F1_TENTH_UNITA/build/f1tenth_gym_ros:/home/hanjh/F1_TENTH_UNITA/install/f1tenth_gym_ros/lib/python3.10/site-packages:/home/hanjh/F1_TENTH_UNITA/install/f110_msgs/local/lib/python3.10/dist-packages:/home/hanjh/F1_TENTH_UNITA/build/controller:/home/hanjh/F1_TENTH_UNITA/install/controller/lib/python3.10/site-packages:/home/hanjh/ros2_ws/build/tutorial_topic:/home/hanjh/ros2_ws/install/tutorial_topic/lib/python3.10/site-packages:/home/hanjh/ros2_ws/build/tutorial_service:/home/hanjh/ros2_ws/install/tutorial_service/lib/python3.10/site-packages:/home/hanjh/ros2_ws/build/tutorial_action:/home/hanjh/ros2_ws/install/tutorial_action/lib/python3.10/site-packages:/home/hanjh/ros2_ws/build/node_exercise:/home/hanjh/ros2_ws/install/node_exercise/lib/python3.10/site-packages:/home/hanjh/ros2_ws/build/my_package:/home/hanjh/ros2_ws/install/my_package/lib/python3.10/site-packages:/home/hanjh/ros2_ws/build/moving_services:/home/hanjh/ros2_ws/install/moving_services/lib/python3.10/site-packages:/home/hanjh/ros2_ws/build/logger_test:/home/hanjh/ros2_ws/install/logger_test/lib/python3.10/site-packages:/home/hanjh/ros2_ws/build/elevator_vision:/home/hanjh/ros2_ws/install/elevator_vision/lib/python3.10/site-packages:/home/hanjh/ros2_ws/build/ebimu_pkg:/home/hanjh/ros2_ws/install/ebimu_pkg/lib/python3.10/site-packages:/home/hanjh/ros2_ws/build/debug_pkg:/home/hanjh/ros2_ws/install/debug_pkg/lib/python3.10/site-packages:/home/hanjh/ros2_ws/build/custom_interface_example:/home/hanjh/ros2_ws/install/custom_interface_example/lib/python3.10/site-packages:/home/hanjh/ros2_ws/install/custom_interfaces/local/lib/python3.10/dist-packages:/home/hanjh/ros2_ws/build/camera_perception_pkg:/home/hanjh/ros2_ws/install/camera_perception_pkg/lib/python3.10/site-packages:/opt/ros/humble/lib/python3.10/site-packages:/opt/ros/humble/local/lib/python3.10/dist-packages /usr/bin/cmake --install /home/hanjh/F1_TENTH_UNITA/build/teleop_tools
[11.940s] INFO:colcon.colcon_core.task.python.build:Building Python package in '/home/hanjh/F1_TENTH_UNITA/src/race_stack/base_system/f1tenth_system/f1tenth_stack'
[11.941s] INFO:colcon.colcon_core.shell:Skip shell extension 'powershell' for command environment: Not usable outside of PowerShell
[11.941s] DEBUG:colcon.colcon_core.shell:Skip shell extension 'dsv' for command environment
[11.969s] Level 1:colcon.colcon_core.environment:create_environment_scripts_only(teleop_tools)
[11.970s] Level 1:colcon.colcon_core.environment:checking '/home/hanjh/F1_TENTH_UNITA/install/teleop_tools' for CMake module files
[11.972s] DEBUG:colcon.colcon_core.event_handler.log_command:Invoking command in '/home/hanjh/F1_TENTH_UNITA/build/spline_planner': AMENT_PREFIX_PATH=/home/hanjh/F1_TENTH_UNITA/install/frenet_conversion:/home/hanjh/F1_TENTH_UNITA/install/f1tenth_stack:/home/hanjh/F1_TENTH_UNITA/install/vesc:/home/hanjh/F1_TENTH_UNITA/install/vesc_driver:/home/hanjh/F1_TENTH_UNITA/install/vesc_ackermann:/home/hanjh/F1_TENTH_UNITA/install/vesc_msgs:/home/hanjh/F1_TENTH_UNITA/install/teleop_tools:/home/hanjh/F1_TENTH_UNITA/install/joy_teleop:/home/hanjh/F1_TENTH_UNITA/install/teleop_tools_msgs:/home/hanjh/F1_TENTH_UNITA/install/steering_lookup:/home/hanjh/F1_TENTH_UNITA/install/state_machine:/home/hanjh/F1_TENTH_UNITA/install/slam_tuner:/home/hanjh/F1_TENTH_UNITA/install/state_estimation:/home/hanjh/F1_TENTH_UNITA/install/map_editor:/home/hanjh/F1_TENTH_UNITA/install/stack_master:/home/hanjh/F1_TENTH_UNITA/install/spline_planner:/home/hanjh/F1_TENTH_UNITA/install/sector_tuner:/home/hanjh/F1_TENTH_UNITA/install/perception:/home/hanjh/F1_TENTH_UNITA/install/opponent_publisher:/home/hanjh/F1_TENTH_UNITA/install/mouse_teleop:/home/hanjh/F1_TENTH_UNITA/install/lap_analyser:/home/hanjh/F1_TENTH_UNITA/install/key_teleop:/home/hanjh/F1_TENTH_UNITA/install/id_controller:/home/hanjh/F1_TENTH_UNITA/install/global_planner:/home/hanjh/F1_TENTH_UNITA/install/frenet_odom_republisher:/home/hanjh/F1_TENTH_UNITA/install/f1tenth_gym_ros:/home/hanjh/F1_TENTH_UNITA/install/f110_msgs:/home/hanjh/F1_TENTH_UNITA/install/controller:/home/hanjh/F1_TENTH_UNITA/install/ackermann_mux:/home/hanjh/ros2_ws/install/tutorial_topic:/home/hanjh/ros2_ws/install/tutorial_service:/home/hanjh/ros2_ws/install/tutorial_action:/home/hanjh/ros2_ws/install/node_exercise:/home/hanjh/ros2_ws/install/my_package:/home/hanjh/ros2_ws/install/moving_services:/home/hanjh/ros2_ws/install/logger_test:/home/hanjh/ros2_ws/install/elevator_vision:/home/hanjh/ros2_ws/install/ebimu_pkg:/home/hanjh/ros2_ws/install/debug_pkg:/home/hanjh/ros2_ws/install/custom_interface_example:/home/hanjh/ros2_ws/install/custom_interfaces:/home/hanjh/ros2_ws/install/camera_perception_pkg:/opt/ros/humble PYTHONPATH=/home/hanjh/F1_TENTH_UNITA/build/spline_planner/prefix_override:/usr/lib/python3/dist-packages/colcon_core/task/python/colcon_distutils_commands:/home/hanjh/F1_TENTH_UNITA/install/spline_planner/lib/python3.10/site-packages:/home/hanjh/F1_TENTH_UNITA/build/frenet_conversion:/home/hanjh/F1_TENTH_UNITA/install/frenet_conversion/lib/python3.10/site-packages:/home/hanjh/F1_TENTH_UNITA/build/f1tenth_stack:/home/hanjh/F1_TENTH_UNITA/install/f1tenth_stack/lib/python3.10/site-packages:/home/hanjh/F1_TENTH_UNITA/install/vesc_msgs/local/lib/python3.10/dist-packages:/home/hanjh/F1_TENTH_UNITA/build/joy_teleop:/home/hanjh/F1_TENTH_UNITA/install/joy_teleop/lib/python3.10/site-packages:/home/hanjh/F1_TENTH_UNITA/install/teleop_tools_msgs/local/lib/python3.10/dist-packages:/home/hanjh/F1_TENTH_UNITA/build/steering_lookup:/home/hanjh/F1_TENTH_UNITA/install/steering_lookup/lib/python3.10/site-packages:/home/hanjh/F1_TENTH_UNITA/build/state_machine:/home/hanjh/F1_TENTH_UNITA/install/state_machine/lib/python3.10/site-packages:/home/hanjh/F1_TENTH_UNITA/build/slam_tuner:/home/hanjh/F1_TENTH_UNITA/install/slam_tuner/lib/python3.10/site-packages:/home/hanjh/F1_TENTH_UNITA/build/state_estimation:/home/hanjh/F1_TENTH_UNITA/install/state_estimation/lib/python3.10/site-packages:/home/hanjh/F1_TENTH_UNITA/build/map_editor:/home/hanjh/F1_TENTH_UNITA/install/map_editor/lib/python3.10/site-packages:/home/hanjh/F1_TENTH_UNITA/build/stack_master:/home/hanjh/F1_TENTH_UNITA/install/stack_master/lib/python3.10/site-packages:/home/hanjh/F1_TENTH_UNITA/build/spline_planner:/home/hanjh/F1_TENTH_UNITA/install/spline_planner/lib/python3.10/site-packages:/home/hanjh/F1_TENTH_UNITA/build/sector_tuner:/home/hanjh/F1_TENTH_UNITA/install/sector_tuner/lib/python3.10/site-packages:/home/hanjh/F1_TENTH_UNITA/build/perception:/home/hanjh/F1_TENTH_UNITA/install/perception/lib/python3.10/site-packages:/home/hanjh/F1_TENTH_UNITA/build/opponent_publisher:/home/hanjh/F1_TENTH_UNITA/install/opponent_publisher/lib/python3.10/site-packages:/home/hanjh/F1_TENTH_UNITA/build/mouse_teleop:/home/hanjh/F1_TENTH_UNITA/install/mouse_teleop/lib/python3.10/site-packages:/home/hanjh/F1_TENTH_UNITA/build/lap_analyser:/home/hanjh/F1_TENTH_UNITA/install/lap_analyser/lib/python3.10/site-packages:/home/hanjh/F1_TENTH_UNITA/build/key_teleop:/home/hanjh/F1_TENTH_UNITA/install/key_teleop/lib/python3.10/site-packages:/home/hanjh/F1_TENTH_UNITA/build/id_controller:/home/hanjh/F1_TENTH_UNITA/install/id_controller/lib/python3.10/site-packages:/home/hanjh/F1_TENTH_UNITA/build/global_planner:/home/hanjh/F1_TENTH_UNITA/install/global_planner/lib/python3.10/site-packages:/home/hanjh/F1_TENTH_UNITA/build/frenet_odom_republisher:/home/hanjh/F1_TENTH_UNITA/install/frenet_odom_republisher/lib/python3.10/site-packages:/home/hanjh/F1_TENTH_UNITA/build/f1tenth_gym_ros:/home/hanjh/F1_TENTH_UNITA/install/f1tenth_gym_ros/lib/python3.10/site-packages:/home/hanjh/F1_TENTH_UNITA/install/f110_msgs/local/lib/python3.10/dist-packages:/home/hanjh/F1_TENTH_UNITA/build/controller:/home/hanjh/F1_TENTH_UNITA/install/controller/lib/python3.10/site-packages:/home/hanjh/ros2_ws/build/tutorial_topic:/home/hanjh/ros2_ws/install/tutorial_topic/lib/python3.10/site-packages:/home/hanjh/ros2_ws/build/tutorial_service:/home/hanjh/ros2_ws/install/tutorial_service/lib/python3.10/site-packages:/home/hanjh/ros2_ws/build/tutorial_action:/home/hanjh/ros2_ws/install/tutorial_action/lib/python3.10/site-packages:/home/hanjh/ros2_ws/build/node_exercise:/home/hanjh/ros2_ws/install/node_exercise/lib/python3.10/site-packages:/home/hanjh/ros2_ws/build/my_package:/home/hanjh/ros2_ws/install/my_package/lib/python3.10/site-packages:/home/hanjh/ros2_ws/build/moving_services:/home/hanjh/ros2_ws/install/moving_services/lib/python3.10/site-packages:/home/hanjh/ros2_ws/build/logger_test:/home/hanjh/ros2_ws/install/logger_test/lib/python3.10/site-packages:/home/hanjh/ros2_ws/build/elevator_vision:/home/hanjh/ros2_ws/install/elevator_vision/lib/python3.10/site-packages:/home/hanjh/ros2_ws/build/ebimu_pkg:/home/hanjh/ros2_ws/install/ebimu_pkg/lib/python3.10/site-packages:/home/hanjh/ros2_ws/build/debug_pkg:/home/hanjh/ros2_ws/install/debug_pkg/lib/python3.10/site-packages:/home/hanjh/ros2_ws/build/custom_interface_example:/home/hanjh/ros2_ws/install/custom_interface_example/lib/python3.10/site-packages:/home/hanjh/ros2_ws/install/custom_interfaces/local/lib/python3.10/dist-packages:/home/hanjh/ros2_ws/build/camera_perception_pkg:/home/hanjh/ros2_ws/install/camera_perception_pkg/lib/python3.10/site-packages:/opt/ros/humble/lib/python3.10/site-packages:/opt/ros/humble/local/lib/python3.10/dist-packages /usr/bin/python3 -W ignore:setup.py install is deprecated -W ignore:easy_install command is deprecated setup.py develop --editable --build-directory /home/hanjh/F1_TENTH_UNITA/build/spline_planner/build --no-deps symlink_data
[11.973s] DEBUG:colcon.colcon_core.event_handler.log_command:Invoked command in '/home/hanjh/F1_TENTH_UNITA/build/teleop_tools' returned '0': AMENT_PREFIX_PATH=/home/hanjh/F1_TENTH_UNITA/install/joy_teleop:/home/hanjh/F1_TENTH_UNITA/install/key_teleop:/home/hanjh/F1_TENTH_UNITA/install/f1tenth_stack:/home/hanjh/F1_TENTH_UNITA/install/vesc:/home/hanjh/F1_TENTH_UNITA/install/vesc_driver:/home/hanjh/F1_TENTH_UNITA/install/vesc_ackermann:/home/hanjh/F1_TENTH_UNITA/install/vesc_msgs:/home/hanjh/F1_TENTH_UNITA/install/teleop_tools:/home/hanjh/F1_TENTH_UNITA/install/teleop_tools_msgs:/home/hanjh/F1_TENTH_UNITA/install/steering_lookup:/home/hanjh/F1_TENTH_UNITA/install/state_machine:/home/hanjh/F1_TENTH_UNITA/install/slam_tuner:/home/hanjh/F1_TENTH_UNITA/install/state_estimation:/home/hanjh/F1_TENTH_UNITA/install/map_editor:/home/hanjh/F1_TENTH_UNITA/install/stack_master:/home/hanjh/F1_TENTH_UNITA/install/spline_planner:/home/hanjh/F1_TENTH_UNITA/install/sector_tuner:/home/hanjh/F1_TENTH_UNITA/install/perception:/home/hanjh/F1_TENTH_UNITA/install/opponent_publisher:/home/hanjh/F1_TENTH_UNITA/install/mouse_teleop:/home/hanjh/F1_TENTH_UNITA/install/lap_analyser:/home/hanjh/F1_TENTH_UNITA/install/id_controller:/home/hanjh/F1_TENTH_UNITA/install/global_planner:/home/hanjh/F1_TENTH_UNITA/install/frenet_odom_republisher:/home/hanjh/F1_TENTH_UNITA/install/frenet_conversion:/home/hanjh/F1_TENTH_UNITA/install/f1tenth_gym_ros:/home/hanjh/F1_TENTH_UNITA/install/f110_msgs:/home/hanjh/F1_TENTH_UNITA/install/controller:/home/hanjh/F1_TENTH_UNITA/install/ackermann_mux:/home/hanjh/ros2_ws/install/tutorial_topic:/home/hanjh/ros2_ws/install/tutorial_service:/home/hanjh/ros2_ws/install/tutorial_action:/home/hanjh/ros2_ws/install/node_exercise:/home/hanjh/ros2_ws/install/my_package:/home/hanjh/ros2_ws/install/moving_services:/home/hanjh/ros2_ws/install/logger_test:/home/hanjh/ros2_ws/install/elevator_vision:/home/hanjh/ros2_ws/install/ebimu_pkg:/home/hanjh/ros2_ws/install/debug_pkg:/home/hanjh/ros2_ws/install/custom_interface_example:/home/hanjh/ros2_ws/install/custom_interfaces:/home/hanjh/ros2_ws/install/camera_perception_pkg:/opt/ros/humble CMAKE_PREFIX_PATH=/home/hanjh/F1_TENTH_UNITA/install/teleop_tools_msgs:/home/hanjh/F1_TENTH_UNITA/install/vesc:/home/hanjh/F1_TENTH_UNITA/install/vesc_driver:/home/hanjh/F1_TENTH_UNITA/install/vesc_ackermann:/home/hanjh/F1_TENTH_UNITA/install/vesc_msgs:/home/hanjh/F1_TENTH_UNITA/install/teleop_tools:/home/hanjh/F1_TENTH_UNITA/install/f110_msgs:/home/hanjh/F1_TENTH_UNITA/install/ackermann_mux:/home/hanjh/ros2_ws/install/custom_interfaces:/home/hanjh/F1_TENTH_UNITA/install/f1tenth_stack:/home/hanjh/F1_TENTH_UNITA/install/joy_teleop:/home/hanjh/F1_TENTH_UNITA/install/steering_lookup:/home/hanjh/F1_TENTH_UNITA/install/state_machine:/home/hanjh/F1_TENTH_UNITA/install/slam_tuner:/home/hanjh/F1_TENTH_UNITA/install/state_estimation:/home/hanjh/F1_TENTH_UNITA/install/map_editor:/home/hanjh/F1_TENTH_UNITA/install/stack_master:/home/hanjh/F1_TENTH_UNITA/install/spline_planner:/home/hanjh/F1_TENTH_UNITA/install/sector_tuner:/home/hanjh/F1_TENTH_UNITA/install/perception:/home/hanjh/F1_TENTH_UNITA/install/opponent_publisher:/home/hanjh/F1_TENTH_UNITA/install/mouse_teleop:/home/hanjh/F1_TENTH_UNITA/install/lap_analyser:/home/hanjh/F1_TENTH_UNITA/install/key_teleop:/home/hanjh/F1_TENTH_UNITA/install/id_controller:/home/hanjh/F1_TENTH_UNITA/install/global_planner:/home/hanjh/F1_TENTH_UNITA/install/frenet_odom_republisher:/home/hanjh/F1_TENTH_UNITA/install/frenet_conversion:/home/hanjh/F1_TENTH_UNITA/install/f1tenth_gym_ros:/home/hanjh/F1_TENTH_UNITA/install/controller:/home/hanjh/ros2_ws/install/tutorial_topic:/home/hanjh/ros2_ws/install/tutorial_service:/home/hanjh/ros2_ws/install/tutorial_action:/home/hanjh/ros2_ws/install/node_exercise:/home/hanjh/ros2_ws/install/my_package:/home/hanjh/ros2_ws/install/moving_services:/home/hanjh/ros2_ws/install/logger_test:/home/hanjh/ros2_ws/install/elevator_vision:/home/hanjh/ros2_ws/install/ebimu_pkg:/home/hanjh/ros2_ws/install/debug_pkg:/home/hanjh/ros2_ws/install/custom_interface_example:/home/hanjh/ros2_ws/install/camera_perception_pkg:/opt/ros/humble LD_LIBRARY_PATH=/home/hanjh/F1_TENTH_UNITA/install/teleop_tools_msgs/lib:/home/hanjh/F1_TENTH_UNITA/install/vesc_driver/lib:/home/hanjh/F1_TENTH_UNITA/install/vesc_ackermann/lib:/home/hanjh/F1_TENTH_UNITA/install/vesc_msgs/lib:/home/hanjh/F1_TENTH_UNITA/install/f110_msgs/lib:/home/hanjh/ros2_ws/install/custom_interfaces/lib:/usr/lib/x86_64-linux-gnu/gazebo-11/plugins:/opt/ros/humble/opt/rviz_ogre_vendor/lib:/opt/ros/humble/lib/x86_64-linux-gnu:/opt/ros/humble/lib PYTHONPATH=/home/hanjh/F1_TENTH_UNITA/build/joy_teleop:/home/hanjh/F1_TENTH_UNITA/install/joy_teleop/lib/python3.10/site-packages:/home/hanjh/F1_TENTH_UNITA/build/key_teleop:/home/hanjh/F1_TENTH_UNITA/install/key_teleop/lib/python3.10/site-packages:/home/hanjh/F1_TENTH_UNITA/build/f1tenth_stack:/home/hanjh/F1_TENTH_UNITA/install/f1tenth_stack/lib/python3.10/site-packages:/home/hanjh/F1_TENTH_UNITA/install/vesc_msgs/local/lib/python3.10/dist-packages:/home/hanjh/F1_TENTH_UNITA/install/teleop_tools_msgs/local/lib/python3.10/dist-packages:/home/hanjh/F1_TENTH_UNITA/build/steering_lookup:/home/hanjh/F1_TENTH_UNITA/install/steering_lookup/lib/python3.10/site-packages:/home/hanjh/F1_TENTH_UNITA/build/state_machine:/home/hanjh/F1_TENTH_UNITA/install/state_machine/lib/python3.10/site-packages:/home/hanjh/F1_TENTH_UNITA/build/slam_tuner:/home/hanjh/F1_TENTH_UNITA/install/slam_tuner/lib/python3.10/site-packages:/home/hanjh/F1_TENTH_UNITA/build/state_estimation:/home/hanjh/F1_TENTH_UNITA/install/state_estimation/lib/python3.10/site-packages:/home/hanjh/F1_TENTH_UNITA/build/map_editor:/home/hanjh/F1_TENTH_UNITA/install/map_editor/lib/python3.10/site-packages:/home/hanjh/F1_TENTH_UNITA/build/stack_master:/home/hanjh/F1_TENTH_UNITA/install/stack_master/lib/python3.10/site-packages:/home/hanjh/F1_TENTH_UNITA/build/spline_planner:/home/hanjh/F1_TENTH_UNITA/install/spline_planner/lib/python3.10/site-packages:/home/hanjh/F1_TENTH_UNITA/build/sector_tuner:/home/hanjh/F1_TENTH_UNITA/install/sector_tuner/lib/python3.10/site-packages:/home/hanjh/F1_TENTH_UNITA/build/perception:/home/hanjh/F1_TENTH_UNITA/install/perception/lib/python3.10/site-packages:/home/hanjh/F1_TENTH_UNITA/build/opponent_publisher:/home/hanjh/F1_TENTH_UNITA/install/opponent_publisher/lib/python3.10/site-packages:/home/hanjh/F1_TENTH_UNITA/build/mouse_teleop:/home/hanjh/F1_TENTH_UNITA/install/mouse_teleop/lib/python3.10/site-packages:/home/hanjh/F1_TENTH_UNITA/build/lap_analyser:/home/hanjh/F1_TENTH_UNITA/install/lap_analyser/lib/python3.10/site-packages:/home/hanjh/F1_TENTH_UNITA/build/id_controller:/home/hanjh/F1_TENTH_UNITA/install/id_controller/lib/python3.10/site-packages:/home/hanjh/F1_TENTH_UNITA/build/global_planner:/home/hanjh/F1_TENTH_UNITA/install/global_planner/lib/python3.10/site-packages:/home/hanjh/F1_TENTH_UNITA/build/frenet_odom_republisher:/home/hanjh/F1_TENTH_UNITA/install/frenet_odom_republisher/lib/python3.10/site-packages:/home/hanjh/F1_TENTH_UNITA/build/frenet_conversion:/home/hanjh/F1_TENTH_UNITA/install/frenet_conversion/lib/python3.10/site-packages:/home/hanjh/F1_TENTH_UNITA/build/f1tenth_gym_ros:/home/hanjh/F1_TENTH_UNITA/install/f1tenth_gym_ros/lib/python3.10/site-packages:/home/hanjh/F1_TENTH_UNITA/install/f110_msgs/local/lib/python3.10/dist-packages:/home/hanjh/F1_TENTH_UNITA/build/controller:/home/hanjh/F1_TENTH_UNITA/install/controller/lib/python3.10/site-packages:/home/hanjh/ros2_ws/build/tutorial_topic:/home/hanjh/ros2_ws/install/tutorial_topic/lib/python3.10/site-packages:/home/hanjh/ros2_ws/build/tutorial_service:/home/hanjh/ros2_ws/install/tutorial_service/lib/python3.10/site-packages:/home/hanjh/ros2_ws/build/tutorial_action:/home/hanjh/ros2_ws/install/tutorial_action/lib/python3.10/site-packages:/home/hanjh/ros2_ws/build/node_exercise:/home/hanjh/ros2_ws/install/node_exercise/lib/python3.10/site-packages:/home/hanjh/ros2_ws/build/my_package:/home/hanjh/ros2_ws/install/my_package/lib/python3.10/site-packages:/home/hanjh/ros2_ws/build/moving_services:/home/hanjh/ros2_ws/install/moving_services/lib/python3.10/site-packages:/home/hanjh/ros2_ws/build/logger_test:/home/hanjh/ros2_ws/install/logger_test/lib/python3.10/site-packages:/home/hanjh/ros2_ws/build/elevator_vision:/home/hanjh/ros2_ws/install/elevator_vision/lib/python3.10/site-packages:/home/hanjh/ros2_ws/build/ebimu_pkg:/home/hanjh/ros2_ws/install/ebimu_pkg/lib/python3.10/site-packages:/home/hanjh/ros2_ws/build/debug_pkg:/home/hanjh/ros2_ws/install/debug_pkg/lib/python3.10/site-packages:/home/hanjh/ros2_ws/build/custom_interface_example:/home/hanjh/ros2_ws/install/custom_interface_example/lib/python3.10/site-packages:/home/hanjh/ros2_ws/install/custom_interfaces/local/lib/python3.10/dist-packages:/home/hanjh/ros2_ws/build/camera_perception_pkg:/home/hanjh/ros2_ws/install/camera_perception_pkg/lib/python3.10/site-packages:/opt/ros/humble/lib/python3.10/site-packages:/opt/ros/humble/local/lib/python3.10/dist-packages /usr/bin/cmake --install /home/hanjh/F1_TENTH_UNITA/build/teleop_tools
[11.974s] Level 1:colcon.colcon_core.environment:checking '/home/hanjh/F1_TENTH_UNITA/install/teleop_tools' for CMake config files
[11.975s] Level 1:colcon.colcon_core.shell:create_environment_hook('teleop_tools', 'cmake_prefix_path')
[11.975s] INFO:colcon.colcon_core.shell:Creating environment hook '/home/hanjh/F1_TENTH_UNITA/install/teleop_tools/share/teleop_tools/hook/cmake_prefix_path.ps1'
[11.977s] INFO:colcon.colcon_core.shell:Creating environment descriptor '/home/hanjh/F1_TENTH_UNITA/install/teleop_tools/share/teleop_tools/hook/cmake_prefix_path.dsv'
[11.978s] INFO:colcon.colcon_core.shell:Creating environment hook '/home/hanjh/F1_TENTH_UNITA/install/teleop_tools/share/teleop_tools/hook/cmake_prefix_path.sh'
[11.980s] Level 1:colcon.colcon_core.environment:checking '/home/hanjh/F1_TENTH_UNITA/install/teleop_tools/bin'
[11.980s] Level 1:colcon.colcon_core.environment:checking '/home/hanjh/F1_TENTH_UNITA/install/teleop_tools/lib/pkgconfig/teleop_tools.pc'
[11.980s] Level 1:colcon.colcon_core.environment:checking '/home/hanjh/F1_TENTH_UNITA/install/teleop_tools/lib/python3.10/site-packages'
[11.982s] Level 1:colcon.colcon_core.environment:checking '/home/hanjh/F1_TENTH_UNITA/install/teleop_tools/bin'
[11.983s] INFO:colcon.colcon_core.shell:Creating package script '/home/hanjh/F1_TENTH_UNITA/install/teleop_tools/share/teleop_tools/package.ps1'
[11.984s] INFO:colcon.colcon_core.shell:Creating package descriptor '/home/hanjh/F1_TENTH_UNITA/install/teleop_tools/share/teleop_tools/package.dsv'
[11.985s] INFO:colcon.colcon_core.shell:Creating package script '/home/hanjh/F1_TENTH_UNITA/install/teleop_tools/share/teleop_tools/package.sh'
[11.986s] INFO:colcon.colcon_core.shell:Creating package script '/home/hanjh/F1_TENTH_UNITA/install/teleop_tools/share/teleop_tools/package.bash'
[11.988s] INFO:colcon.colcon_core.shell:Creating package script '/home/hanjh/F1_TENTH_UNITA/install/teleop_tools/share/teleop_tools/package.zsh'
[11.989s] Level 1:colcon.colcon_core.environment:create_file_with_runtime_dependencies(/home/hanjh/F1_TENTH_UNITA/install/teleop_tools/share/colcon-core/packages/teleop_tools)
[11.990s] Level 1:colcon.colcon_core.environment:create_environment_scripts_only(teleop_tools)
[11.991s] Level 1:colcon.colcon_core.environment:checking '/home/hanjh/F1_TENTH_UNITA/install/teleop_tools' for CMake module files
[11.992s] Level 1:colcon.colcon_core.environment:checking '/home/hanjh/F1_TENTH_UNITA/install/teleop_tools' for CMake config files
[11.993s] Level 1:colcon.colcon_core.shell:create_environment_hook('teleop_tools', 'cmake_prefix_path')
[11.994s] INFO:colcon.colcon_core.shell:Creating environment hook '/home/hanjh/F1_TENTH_UNITA/install/teleop_tools/share/teleop_tools/hook/cmake_prefix_path.ps1'
[11.995s] INFO:colcon.colcon_core.shell:Creating environment descriptor '/home/hanjh/F1_TENTH_UNITA/install/teleop_tools/share/teleop_tools/hook/cmake_prefix_path.dsv'
[11.996s] INFO:colcon.colcon_core.shell:Creating environment hook '/home/hanjh/F1_TENTH_UNITA/install/teleop_tools/share/teleop_tools/hook/cmake_prefix_path.sh'
[11.998s] Level 1:colcon.colcon_core.environment:checking '/home/hanjh/F1_TENTH_UNITA/install/teleop_tools/bin'
[11.998s] Level 1:colcon.colcon_core.environment:checking '/home/hanjh/F1_TENTH_UNITA/install/teleop_tools/lib/pkgconfig/teleop_tools.pc'
[11.999s] Level 1:colcon.colcon_core.environment:checking '/home/hanjh/F1_TENTH_UNITA/install/teleop_tools/lib/python3.10/site-packages'
[12.000s] Level 1:colcon.colcon_core.environment:checking '/home/hanjh/F1_TENTH_UNITA/install/teleop_tools/bin'
[12.001s] INFO:colcon.colcon_core.shell:Creating package script '/home/hanjh/F1_TENTH_UNITA/install/teleop_tools/share/teleop_tools/package.ps1'
[12.002s] INFO:colcon.colcon_core.shell:Creating package descriptor '/home/hanjh/F1_TENTH_UNITA/install/teleop_tools/share/teleop_tools/package.dsv'
[12.004s] INFO:colcon.colcon_core.shell:Creating package script '/home/hanjh/F1_TENTH_UNITA/install/teleop_tools/share/teleop_tools/package.sh'
[12.005s] INFO:colcon.colcon_core.shell:Creating package script '/home/hanjh/F1_TENTH_UNITA/install/teleop_tools/share/teleop_tools/package.bash'
[12.007s] INFO:colcon.colcon_core.shell:Creating package script '/home/hanjh/F1_TENTH_UNITA/install/teleop_tools/share/teleop_tools/package.zsh'
[12.008s] Level 1:colcon.colcon_core.environment:create_file_with_runtime_dependencies(/home/hanjh/F1_TENTH_UNITA/install/teleop_tools/share/colcon-core/packages/teleop_tools)
[12.017s] DEBUG:colcon.colcon_core.event_handler.log_command:Invoking command in '/home/hanjh/F1_TENTH_UNITA/build/map_editor': AMENT_PREFIX_PATH=/home/hanjh/F1_TENTH_UNITA/install/stack_master:/home/hanjh/F1_TENTH_UNITA/install/global_planner:/home/hanjh/F1_TENTH_UNITA/install/f1tenth_stack:/home/hanjh/F1_TENTH_UNITA/install/vesc:/home/hanjh/F1_TENTH_UNITA/install/vesc_driver:/home/hanjh/F1_TENTH_UNITA/install/vesc_ackermann:/home/hanjh/F1_TENTH_UNITA/install/vesc_msgs:/home/hanjh/F1_TENTH_UNITA/install/teleop_tools:/home/hanjh/F1_TENTH_UNITA/install/joy_teleop:/home/hanjh/F1_TENTH_UNITA/install/teleop_tools_msgs:/home/hanjh/F1_TENTH_UNITA/install/steering_lookup:/home/hanjh/F1_TENTH_UNITA/install/state_machine:/home/hanjh/F1_TENTH_UNITA/install/slam_tuner:/home/hanjh/F1_TENTH_UNITA/install/state_estimation:/home/hanjh/F1_TENTH_UNITA/install/map_editor:/home/hanjh/F1_TENTH_UNITA/install/spline_planner:/home/hanjh/F1_TENTH_UNITA/install/sector_tuner:/home/hanjh/F1_TENTH_UNITA/install/perception:/home/hanjh/F1_TENTH_UNITA/install/opponent_publisher:/home/hanjh/F1_TENTH_UNITA/install/mouse_teleop:/home/hanjh/F1_TENTH_UNITA/install/lap_analyser:/home/hanjh/F1_TENTH_UNITA/install/key_teleop:/home/hanjh/F1_TENTH_UNITA/install/id_controller:/home/hanjh/F1_TENTH_UNITA/install/frenet_odom_republisher:/home/hanjh/F1_TENTH_UNITA/install/frenet_conversion:/home/hanjh/F1_TENTH_UNITA/install/f1tenth_gym_ros:/home/hanjh/F1_TENTH_UNITA/install/f110_msgs:/home/hanjh/F1_TENTH_UNITA/install/controller:/home/hanjh/F1_TENTH_UNITA/install/ackermann_mux:/home/hanjh/ros2_ws/install/tutorial_topic:/home/hanjh/ros2_ws/install/tutorial_service:/home/hanjh/ros2_ws/install/tutorial_action:/home/hanjh/ros2_ws/install/node_exercise:/home/hanjh/ros2_ws/install/my_package:/home/hanjh/ros2_ws/install/moving_services:/home/hanjh/ros2_ws/install/logger_test:/home/hanjh/ros2_ws/install/elevator_vision:/home/hanjh/ros2_ws/install/ebimu_pkg:/home/hanjh/ros2_ws/install/debug_pkg:/home/hanjh/ros2_ws/install/custom_interface_example:/home/hanjh/ros2_ws/install/custom_interfaces:/home/hanjh/ros2_ws/install/camera_perception_pkg:/opt/ros/humble CMAKE_PREFIX_PATH=/home/hanjh/F1_TENTH_UNITA/install/f110_msgs:/home/hanjh/F1_TENTH_UNITA/install/vesc:/home/hanjh/F1_TENTH_UNITA/install/vesc_driver:/home/hanjh/F1_TENTH_UNITA/install/vesc_ackermann:/home/hanjh/F1_TENTH_UNITA/install/vesc_msgs:/home/hanjh/F1_TENTH_UNITA/install/teleop_tools:/home/hanjh/F1_TENTH_UNITA/install/teleop_tools_msgs:/home/hanjh/F1_TENTH_UNITA/install/ackermann_mux:/home/hanjh/ros2_ws/install/custom_interfaces LD_LIBRARY_PATH=/home/hanjh/F1_TENTH_UNITA/install/f110_msgs/lib:/home/hanjh/F1_TENTH_UNITA/install/vesc_driver/lib:/home/hanjh/F1_TENTH_UNITA/install/vesc_ackermann/lib:/home/hanjh/F1_TENTH_UNITA/install/vesc_msgs/lib:/home/hanjh/F1_TENTH_UNITA/install/teleop_tools_msgs/lib:/home/hanjh/ros2_ws/install/custom_interfaces/lib:/usr/lib/x86_64-linux-gnu/gazebo-11/plugins:/opt/ros/humble/opt/rviz_ogre_vendor/lib:/opt/ros/humble/lib/x86_64-linux-gnu:/opt/ros/humble/lib PYTHONPATH=/home/hanjh/F1_TENTH_UNITA/build/map_editor/prefix_override:/usr/lib/python3/dist-packages/colcon_core/task/python/colcon_distutils_commands:/home/hanjh/F1_TENTH_UNITA/install/map_editor/lib/python3.10/site-packages:/home/hanjh/F1_TENTH_UNITA/build/stack_master:/home/hanjh/F1_TENTH_UNITA/install/stack_master/lib/python3.10/site-packages:/home/hanjh/F1_TENTH_UNITA/build/global_planner:/home/hanjh/F1_TENTH_UNITA/install/global_planner/lib/python3.10/site-packages:/home/hanjh/F1_TENTH_UNITA/build/f1tenth_stack:/home/hanjh/F1_TENTH_UNITA/install/f1tenth_stack/lib/python3.10/site-packages:/home/hanjh/F1_TENTH_UNITA/install/vesc_msgs/local/lib/python3.10/dist-packages:/home/hanjh/F1_TENTH_UNITA/build/joy_teleop:/home/hanjh/F1_TENTH_UNITA/install/joy_teleop/lib/python3.10/site-packages:/home/hanjh/F1_TENTH_UNITA/install/teleop_tools_msgs/local/lib/python3.10/dist-packages:/home/hanjh/F1_TENTH_UNITA/build/steering_lookup:/home/hanjh/F1_TENTH_UNITA/install/steering_lookup/lib/python3.10/site-packages:/home/hanjh/F1_TENTH_UNITA/build/state_machine:/home/hanjh/F1_TENTH_UNITA/install/state_machine/lib/python3.10/site-packages:/home/hanjh/F1_TENTH_UNITA/build/slam_tuner:/home/hanjh/F1_TENTH_UNITA/install/slam_tuner/lib/python3.10/site-packages:/home/hanjh/F1_TENTH_UNITA/build/state_estimation:/home/hanjh/F1_TENTH_UNITA/install/state_estimation/lib/python3.10/site-packages:/home/hanjh/F1_TENTH_UNITA/build/map_editor:/home/hanjh/F1_TENTH_UNITA/install/map_editor/lib/python3.10/site-packages:/home/hanjh/F1_TENTH_UNITA/build/spline_planner:/home/hanjh/F1_TENTH_UNITA/install/spline_planner/lib/python3.10/site-packages:/home/hanjh/F1_TENTH_UNITA/build/sector_tuner:/home/hanjh/F1_TENTH_UNITA/install/sector_tuner/lib/python3.10/site-packages:/home/hanjh/F1_TENTH_UNITA/build/perception:/home/hanjh/F1_TENTH_UNITA/install/perception/lib/python3.10/site-packages:/home/hanjh/F1_TENTH_UNITA/build/opponent_publisher:/home/hanjh/F1_TENTH_UNITA/install/opponent_publisher/lib/python3.10/site-packages:/home/hanjh/F1_TENTH_UNITA/build/mouse_teleop:/home/hanjh/F1_TENTH_UNITA/install/mouse_teleop/lib/python3.10/site-packages:/home/hanjh/F1_TENTH_UNITA/build/lap_analyser:/home/hanjh/F1_TENTH_UNITA/install/lap_analyser/lib/python3.10/site-packages:/home/hanjh/F1_TENTH_UNITA/build/key_teleop:/home/hanjh/F1_TENTH_UNITA/install/key_teleop/lib/python3.10/site-packages:/home/hanjh/F1_TENTH_UNITA/build/id_controller:/home/hanjh/F1_TENTH_UNITA/install/id_controller/lib/python3.10/site-packages:/home/hanjh/F1_TENTH_UNITA/build/frenet_odom_republisher:/home/hanjh/F1_TENTH_UNITA/install/frenet_odom_republisher/lib/python3.10/site-packages:/home/hanjh/F1_TENTH_UNITA/build/frenet_conversion:/home/hanjh/F1_TENTH_UNITA/install/frenet_conversion/lib/python3.10/site-packages:/home/hanjh/F1_TENTH_UNITA/build/f1tenth_gym_ros:/home/hanjh/F1_TENTH_UNITA/install/f1tenth_gym_ros/lib/python3.10/site-packages:/home/hanjh/F1_TENTH_UNITA/install/f110_msgs/local/lib/python3.10/dist-packages:/home/hanjh/F1_TENTH_UNITA/build/controller:/home/hanjh/F1_TENTH_UNITA/install/controller/lib/python3.10/site-packages:/home/hanjh/ros2_ws/build/tutorial_topic:/home/hanjh/ros2_ws/install/tutorial_topic/lib/python3.10/site-packages:/home/hanjh/ros2_ws/build/tutorial_service:/home/hanjh/ros2_ws/install/tutorial_service/lib/python3.10/site-packages:/home/hanjh/ros2_ws/build/tutorial_action:/home/hanjh/ros2_ws/install/tutorial_action/lib/python3.10/site-packages:/home/hanjh/ros2_ws/build/node_exercise:/home/hanjh/ros2_ws/install/node_exercise/lib/python3.10/site-packages:/home/hanjh/ros2_ws/build/my_package:/home/hanjh/ros2_ws/install/my_package/lib/python3.10/site-packages:/home/hanjh/ros2_ws/build/moving_services:/home/hanjh/ros2_ws/install/moving_services/lib/python3.10/site-packages:/home/hanjh/ros2_ws/build/logger_test:/home/hanjh/ros2_ws/install/logger_test/lib/python3.10/site-packages:/home/hanjh/ros2_ws/build/elevator_vision:/home/hanjh/ros2_ws/install/elevator_vision/lib/python3.10/site-packages:/home/hanjh/ros2_ws/build/ebimu_pkg:/home/hanjh/ros2_ws/install/ebimu_pkg/lib/python3.10/site-packages:/home/hanjh/ros2_ws/build/debug_pkg:/home/hanjh/ros2_ws/install/debug_pkg/lib/python3.10/site-packages:/home/hanjh/ros2_ws/build/custom_interface_example:/home/hanjh/ros2_ws/install/custom_interface_example/lib/python3.10/site-packages:/home/hanjh/ros2_ws/install/custom_interfaces/local/lib/python3.10/dist-packages:/home/hanjh/ros2_ws/build/camera_perception_pkg:/home/hanjh/ros2_ws/install/camera_perception_pkg/lib/python3.10/site-packages:/opt/ros/humble/lib/python3.10/site-packages:/opt/ros/humble/local/lib/python3.10/dist-packages /usr/bin/python3 -W ignore:setup.py install is deprecated -W ignore:easy_install command is deprecated setup.py develop --editable --build-directory /home/hanjh/F1_TENTH_UNITA/build/map_editor/build --no-deps symlink_data
[12.306s] DEBUG:colcon.colcon_core.event_handler.log_command:Invoking command in '/home/hanjh/F1_TENTH_UNITA/build/slam_tuner': AMENT_PREFIX_PATH=/home/hanjh/F1_TENTH_UNITA/install/state_estimation:/home/hanjh/F1_TENTH_UNITA/install/f1tenth_stack:/home/hanjh/F1_TENTH_UNITA/install/vesc:/home/hanjh/F1_TENTH_UNITA/install/vesc_driver:/home/hanjh/F1_TENTH_UNITA/install/vesc_ackermann:/home/hanjh/F1_TENTH_UNITA/install/vesc_msgs:/home/hanjh/F1_TENTH_UNITA/install/teleop_tools:/home/hanjh/F1_TENTH_UNITA/install/joy_teleop:/home/hanjh/F1_TENTH_UNITA/install/teleop_tools_msgs:/home/hanjh/F1_TENTH_UNITA/install/steering_lookup:/home/hanjh/F1_TENTH_UNITA/install/state_machine:/home/hanjh/F1_TENTH_UNITA/install/slam_tuner:/home/hanjh/F1_TENTH_UNITA/install/map_editor:/home/hanjh/F1_TENTH_UNITA/install/stack_master:/home/hanjh/F1_TENTH_UNITA/install/spline_planner:/home/hanjh/F1_TENTH_UNITA/install/sector_tuner:/home/hanjh/F1_TENTH_UNITA/install/perception:/home/hanjh/F1_TENTH_UNITA/install/opponent_publisher:/home/hanjh/F1_TENTH_UNITA/install/mouse_teleop:/home/hanjh/F1_TENTH_UNITA/install/lap_analyser:/home/hanjh/F1_TENTH_UNITA/install/key_teleop:/home/hanjh/F1_TENTH_UNITA/install/id_controller:/home/hanjh/F1_TENTH_UNITA/install/global_planner:/home/hanjh/F1_TENTH_UNITA/install/frenet_odom_republisher:/home/hanjh/F1_TENTH_UNITA/install/frenet_conversion:/home/hanjh/F1_TENTH_UNITA/install/f1tenth_gym_ros:/home/hanjh/F1_TENTH_UNITA/install/f110_msgs:/home/hanjh/F1_TENTH_UNITA/install/controller:/home/hanjh/F1_TENTH_UNITA/install/ackermann_mux:/home/hanjh/ros2_ws/install/tutorial_topic:/home/hanjh/ros2_ws/install/tutorial_service:/home/hanjh/ros2_ws/install/tutorial_action:/home/hanjh/ros2_ws/install/node_exercise:/home/hanjh/ros2_ws/install/my_package:/home/hanjh/ros2_ws/install/moving_services:/home/hanjh/ros2_ws/install/logger_test:/home/hanjh/ros2_ws/install/elevator_vision:/home/hanjh/ros2_ws/install/ebimu_pkg:/home/hanjh/ros2_ws/install/debug_pkg:/home/hanjh/ros2_ws/install/custom_interface_example:/home/hanjh/ros2_ws/install/custom_interfaces:/home/hanjh/ros2_ws/install/camera_perception_pkg:/opt/ros/humble PYTHONPATH=/home/hanjh/F1_TENTH_UNITA/build/slam_tuner/prefix_override:/usr/lib/python3/dist-packages/colcon_core/task/python/colcon_distutils_commands:/home/hanjh/F1_TENTH_UNITA/install/slam_tuner/lib/python3.10/site-packages:/home/hanjh/F1_TENTH_UNITA/build/state_estimation:/home/hanjh/F1_TENTH_UNITA/install/state_estimation/lib/python3.10/site-packages:/home/hanjh/F1_TENTH_UNITA/build/f1tenth_stack:/home/hanjh/F1_TENTH_UNITA/install/f1tenth_stack/lib/python3.10/site-packages:/home/hanjh/F1_TENTH_UNITA/install/vesc_msgs/local/lib/python3.10/dist-packages:/home/hanjh/F1_TENTH_UNITA/build/joy_teleop:/home/hanjh/F1_TENTH_UNITA/install/joy_teleop/lib/python3.10/site-packages:/home/hanjh/F1_TENTH_UNITA/install/teleop_tools_msgs/local/lib/python3.10/dist-packages:/home/hanjh/F1_TENTH_UNITA/build/steering_lookup:/home/hanjh/F1_TENTH_UNITA/install/steering_lookup/lib/python3.10/site-packages:/home/hanjh/F1_TENTH_UNITA/build/state_machine:/home/hanjh/F1_TENTH_UNITA/install/state_machine/lib/python3.10/site-packages:/home/hanjh/F1_TENTH_UNITA/build/slam_tuner:/home/hanjh/F1_TENTH_UNITA/install/slam_tuner/lib/python3.10/site-packages:/home/hanjh/F1_TENTH_UNITA/build/map_editor:/home/hanjh/F1_TENTH_UNITA/install/map_editor/lib/python3.10/site-packages:/home/hanjh/F1_TENTH_UNITA/build/stack_master:/home/hanjh/F1_TENTH_UNITA/install/stack_master/lib/python3.10/site-packages:/home/hanjh/F1_TENTH_UNITA/build/spline_planner:/home/hanjh/F1_TENTH_UNITA/install/spline_planner/lib/python3.10/site-packages:/home/hanjh/F1_TENTH_UNITA/build/sector_tuner:/home/hanjh/F1_TENTH_UNITA/install/sector_tuner/lib/python3.10/site-packages:/home/hanjh/F1_TENTH_UNITA/build/perception:/home/hanjh/F1_TENTH_UNITA/install/perception/lib/python3.10/site-packages:/home/hanjh/F1_TENTH_UNITA/build/opponent_publisher:/home/hanjh/F1_TENTH_UNITA/install/opponent_publisher/lib/python3.10/site-packages:/home/hanjh/F1_TENTH_UNITA/build/mouse_teleop:/home/hanjh/F1_TENTH_UNITA/install/mouse_teleop/lib/python3.10/site-packages:/home/hanjh/F1_TENTH_UNITA/build/lap_analyser:/home/hanjh/F1_TENTH_UNITA/install/lap_analyser/lib/python3.10/site-packages:/home/hanjh/F1_TENTH_UNITA/build/key_teleop:/home/hanjh/F1_TENTH_UNITA/install/key_teleop/lib/python3.10/site-packages:/home/hanjh/F1_TENTH_UNITA/build/id_controller:/home/hanjh/F1_TENTH_UNITA/install/id_controller/lib/python3.10/site-packages:/home/hanjh/F1_TENTH_UNITA/build/global_planner:/home/hanjh/F1_TENTH_UNITA/install/global_planner/lib/python3.10/site-packages:/home/hanjh/F1_TENTH_UNITA/build/frenet_odom_republisher:/home/hanjh/F1_TENTH_UNITA/install/frenet_odom_republisher/lib/python3.10/site-packages:/home/hanjh/F1_TENTH_UNITA/build/frenet_conversion:/home/hanjh/F1_TENTH_UNITA/install/frenet_conversion/lib/python3.10/site-packages:/home/hanjh/F1_TENTH_UNITA/build/f1tenth_gym_ros:/home/hanjh/F1_TENTH_UNITA/install/f1tenth_gym_ros/lib/python3.10/site-packages:/home/hanjh/F1_TENTH_UNITA/install/f110_msgs/local/lib/python3.10/dist-packages:/home/hanjh/F1_TENTH_UNITA/build/controller:/home/hanjh/F1_TENTH_UNITA/install/controller/lib/python3.10/site-packages:/home/hanjh/ros2_ws/build/tutorial_topic:/home/hanjh/ros2_ws/install/tutorial_topic/lib/python3.10/site-packages:/home/hanjh/ros2_ws/build/tutorial_service:/home/hanjh/ros2_ws/install/tutorial_service/lib/python3.10/site-packages:/home/hanjh/ros2_ws/build/tutorial_action:/home/hanjh/ros2_ws/install/tutorial_action/lib/python3.10/site-packages:/home/hanjh/ros2_ws/build/node_exercise:/home/hanjh/ros2_ws/install/node_exercise/lib/python3.10/site-packages:/home/hanjh/ros2_ws/build/my_package:/home/hanjh/ros2_ws/install/my_package/lib/python3.10/site-packages:/home/hanjh/ros2_ws/build/moving_services:/home/hanjh/ros2_ws/install/moving_services/lib/python3.10/site-packages:/home/hanjh/ros2_ws/build/logger_test:/home/hanjh/ros2_ws/install/logger_test/lib/python3.10/site-packages:/home/hanjh/ros2_ws/build/elevator_vision:/home/hanjh/ros2_ws/install/elevator_vision/lib/python3.10/site-packages:/home/hanjh/ros2_ws/build/ebimu_pkg:/home/hanjh/ros2_ws/install/ebimu_pkg/lib/python3.10/site-packages:/home/hanjh/ros2_ws/build/debug_pkg:/home/hanjh/ros2_ws/install/debug_pkg/lib/python3.10/site-packages:/home/hanjh/ros2_ws/build/custom_interface_example:/home/hanjh/ros2_ws/install/custom_interface_example/lib/python3.10/site-packages:/home/hanjh/ros2_ws/install/custom_interfaces/local/lib/python3.10/dist-packages:/home/hanjh/ros2_ws/build/camera_perception_pkg:/home/hanjh/ros2_ws/install/camera_perception_pkg/lib/python3.10/site-packages:/opt/ros/humble/lib/python3.10/site-packages:/opt/ros/humble/local/lib/python3.10/dist-packages /usr/bin/python3 -W ignore:setup.py install is deprecated -W ignore:easy_install command is deprecated setup.py develop --editable --build-directory /home/hanjh/F1_TENTH_UNITA/build/slam_tuner/build --no-deps symlink_data
[12.531s] DEBUG:colcon.colcon_core.event_handler.log_command:Invoking command in '/home/hanjh/F1_TENTH_UNITA/build/steering_lookup': PYTHONPATH=/home/hanjh/F1_TENTH_UNITA/build/steering_lookup/prefix_override:/usr/lib/python3/dist-packages/colcon_core/task/python/colcon_distutils_commands:/home/hanjh/F1_TENTH_UNITA/install/steering_lookup/lib/python3.10/site-packages:${PYTHONPATH} /usr/bin/python3 -W ignore:setup.py install is deprecated -W ignore:easy_install command is deprecated setup.py develop --editable --build-directory /home/hanjh/F1_TENTH_UNITA/build/steering_lookup/build --no-deps symlink_data
[12.991s] Level 1:colcon.colcon_core.shell:create_environment_hook('state_machine', 'pythonpath_develop')
[12.992s] INFO:colcon.colcon_core.shell:Creating environment hook '/home/hanjh/F1_TENTH_UNITA/build/state_machine/share/state_machine/hook/pythonpath_develop.ps1'
[12.993s] DEBUG:colcon.colcon_core.event_handler.log_command:Invoked command in '/home/hanjh/F1_TENTH_UNITA/build/state_machine' returned '0': PYTHONPATH=/home/hanjh/F1_TENTH_UNITA/build/state_machine/prefix_override:/usr/lib/python3/dist-packages/colcon_core/task/python/colcon_distutils_commands:/home/hanjh/F1_TENTH_UNITA/install/state_machine/lib/python3.10/site-packages:${PYTHONPATH} /usr/bin/python3 -W ignore:setup.py install is deprecated -W ignore:easy_install command is deprecated setup.py develop --editable --build-directory /home/hanjh/F1_TENTH_UNITA/build/state_machine/build --no-deps symlink_data
[12.995s] INFO:colcon.colcon_core.shell:Creating environment descriptor '/home/hanjh/F1_TENTH_UNITA/build/state_machine/share/state_machine/hook/pythonpath_develop.dsv'
[12.996s] INFO:colcon.colcon_core.shell:Creating environment hook '/home/hanjh/F1_TENTH_UNITA/build/state_machine/share/state_machine/hook/pythonpath_develop.sh'
[12.998s] Level 1:colcon.colcon_core.environment:checking '/home/hanjh/F1_TENTH_UNITA/install/state_machine' for CMake module files
[12.999s] Level 1:colcon.colcon_core.environment:checking '/home/hanjh/F1_TENTH_UNITA/install/state_machine' for CMake config files
[13.001s] Level 1:colcon.colcon_core.environment:checking '/home/hanjh/F1_TENTH_UNITA/install/state_machine/lib'
[13.001s] Level 1:colcon.colcon_core.environment:checking '/home/hanjh/F1_TENTH_UNITA/install/state_machine/bin'
[13.001s] Level 1:colcon.colcon_core.environment:checking '/home/hanjh/F1_TENTH_UNITA/install/state_machine/lib/pkgconfig/state_machine.pc'
[13.002s] Level 1:colcon.colcon_core.environment:checking '/home/hanjh/F1_TENTH_UNITA/install/state_machine/lib/python3.10/site-packages'
[13.002s] Level 1:colcon.colcon_core.shell:create_environment_hook('state_machine', 'pythonpath')
[13.003s] INFO:colcon.colcon_core.shell:Creating environment hook '/home/hanjh/F1_TENTH_UNITA/install/state_machine/share/state_machine/hook/pythonpath.ps1'
[13.004s] INFO:colcon.colcon_core.shell:Creating environment descriptor '/home/hanjh/F1_TENTH_UNITA/install/state_machine/share/state_machine/hook/pythonpath.dsv'
[13.005s] INFO:colcon.colcon_core.shell:Creating environment hook '/home/hanjh/F1_TENTH_UNITA/install/state_machine/share/state_machine/hook/pythonpath.sh'
[13.007s] Level 1:colcon.colcon_core.environment:checking '/home/hanjh/F1_TENTH_UNITA/install/state_machine/bin'
[13.008s] Level 1:colcon.colcon_core.environment:create_environment_scripts_only(state_machine)
[13.009s] INFO:colcon.colcon_core.shell:Creating package script '/home/hanjh/F1_TENTH_UNITA/install/state_machine/share/state_machine/package.ps1'
[13.011s] INFO:colcon.colcon_core.shell:Creating package descriptor '/home/hanjh/F1_TENTH_UNITA/install/state_machine/share/state_machine/package.dsv'
[13.012s] INFO:colcon.colcon_core.shell:Creating package script '/home/hanjh/F1_TENTH_UNITA/install/state_machine/share/state_machine/package.sh'
[13.014s] INFO:colcon.colcon_core.shell:Creating package script '/home/hanjh/F1_TENTH_UNITA/install/state_machine/share/state_machine/package.bash'
[13.015s] INFO:colcon.colcon_core.shell:Creating package script '/home/hanjh/F1_TENTH_UNITA/install/state_machine/share/state_machine/package.zsh'
[13.016s] Level 1:colcon.colcon_core.environment:create_file_with_runtime_dependencies(/home/hanjh/F1_TENTH_UNITA/install/state_machine/share/colcon-core/packages/state_machine)
[13.166s] DEBUG:colcon.colcon_core.event_handler.log_command:Invoking command in '/home/hanjh/F1_TENTH_UNITA/build/f1tenth_stack': AMENT_PREFIX_PATH=/home/hanjh/F1_TENTH_UNITA/install/joy_teleop:/home/hanjh/F1_TENTH_UNITA/install/f1tenth_stack:/home/hanjh/F1_TENTH_UNITA/install/vesc:/home/hanjh/F1_TENTH_UNITA/install/vesc_driver:/home/hanjh/F1_TENTH_UNITA/install/vesc_ackermann:/home/hanjh/F1_TENTH_UNITA/install/vesc_msgs:/home/hanjh/F1_TENTH_UNITA/install/teleop_tools:/home/hanjh/F1_TENTH_UNITA/install/teleop_tools_msgs:/home/hanjh/F1_TENTH_UNITA/install/steering_lookup:/home/hanjh/F1_TENTH_UNITA/install/state_machine:/home/hanjh/F1_TENTH_UNITA/install/slam_tuner:/home/hanjh/F1_TENTH_UNITA/install/state_estimation:/home/hanjh/F1_TENTH_UNITA/install/map_editor:/home/hanjh/F1_TENTH_UNITA/install/stack_master:/home/hanjh/F1_TENTH_UNITA/install/spline_planner:/home/hanjh/F1_TENTH_UNITA/install/sector_tuner:/home/hanjh/F1_TENTH_UNITA/install/perception:/home/hanjh/F1_TENTH_UNITA/install/opponent_publisher:/home/hanjh/F1_TENTH_UNITA/install/mouse_teleop:/home/hanjh/F1_TENTH_UNITA/install/lap_analyser:/home/hanjh/F1_TENTH_UNITA/install/key_teleop:/home/hanjh/F1_TENTH_UNITA/install/id_controller:/home/hanjh/F1_TENTH_UNITA/install/global_planner:/home/hanjh/F1_TENTH_UNITA/install/frenet_odom_republisher:/home/hanjh/F1_TENTH_UNITA/install/frenet_conversion:/home/hanjh/F1_TENTH_UNITA/install/f1tenth_gym_ros:/home/hanjh/F1_TENTH_UNITA/install/f110_msgs:/home/hanjh/F1_TENTH_UNITA/install/controller:/home/hanjh/F1_TENTH_UNITA/install/ackermann_mux:/home/hanjh/ros2_ws/install/tutorial_topic:/home/hanjh/ros2_ws/install/tutorial_service:/home/hanjh/ros2_ws/install/tutorial_action:/home/hanjh/ros2_ws/install/node_exercise:/home/hanjh/ros2_ws/install/my_package:/home/hanjh/ros2_ws/install/moving_services:/home/hanjh/ros2_ws/install/logger_test:/home/hanjh/ros2_ws/install/elevator_vision:/home/hanjh/ros2_ws/install/ebimu_pkg:/home/hanjh/ros2_ws/install/debug_pkg:/home/hanjh/ros2_ws/install/custom_interface_example:/home/hanjh/ros2_ws/install/custom_interfaces:/home/hanjh/ros2_ws/install/camera_perception_pkg:/opt/ros/humble CMAKE_PREFIX_PATH=/home/hanjh/F1_TENTH_UNITA/install/vesc:/home/hanjh/F1_TENTH_UNITA/install/vesc_driver:/home/hanjh/F1_TENTH_UNITA/install/vesc_ackermann:/home/hanjh/F1_TENTH_UNITA/install/vesc_msgs:/home/hanjh/F1_TENTH_UNITA/install/teleop_tools_msgs:/home/hanjh/F1_TENTH_UNITA/install/ackermann_mux:/home/hanjh/F1_TENTH_UNITA/install/teleop_tools:/home/hanjh/F1_TENTH_UNITA/install/f110_msgs:/home/hanjh/ros2_ws/install/custom_interfaces PYTHONPATH=/home/hanjh/F1_TENTH_UNITA/build/f1tenth_stack/prefix_override:/usr/lib/python3/dist-packages/colcon_core/task/python/colcon_distutils_commands:/home/hanjh/F1_TENTH_UNITA/install/f1tenth_stack/lib/python3.10/site-packages:/home/hanjh/F1_TENTH_UNITA/build/joy_teleop:/home/hanjh/F1_TENTH_UNITA/install/joy_teleop/lib/python3.10/site-packages:/home/hanjh/F1_TENTH_UNITA/build/f1tenth_stack:/home/hanjh/F1_TENTH_UNITA/install/f1tenth_stack/lib/python3.10/site-packages:/home/hanjh/F1_TENTH_UNITA/install/vesc_msgs/local/lib/python3.10/dist-packages:/home/hanjh/F1_TENTH_UNITA/install/teleop_tools_msgs/local/lib/python3.10/dist-packages:/home/hanjh/F1_TENTH_UNITA/build/steering_lookup:/home/hanjh/F1_TENTH_UNITA/install/steering_lookup/lib/python3.10/site-packages:/home/hanjh/F1_TENTH_UNITA/build/state_machine:/home/hanjh/F1_TENTH_UNITA/install/state_machine/lib/python3.10/site-packages:/home/hanjh/F1_TENTH_UNITA/build/slam_tuner:/home/hanjh/F1_TENTH_UNITA/install/slam_tuner/lib/python3.10/site-packages:/home/hanjh/F1_TENTH_UNITA/build/state_estimation:/home/hanjh/F1_TENTH_UNITA/install/state_estimation/lib/python3.10/site-packages:/home/hanjh/F1_TENTH_UNITA/build/map_editor:/home/hanjh/F1_TENTH_UNITA/install/map_editor/lib/python3.10/site-packages:/home/hanjh/F1_TENTH_UNITA/build/stack_master:/home/hanjh/F1_TENTH_UNITA/install/stack_master/lib/python3.10/site-packages:/home/hanjh/F1_TENTH_UNITA/build/spline_planner:/home/hanjh/F1_TENTH_UNITA/install/spline_planner/lib/python3.10/site-packages:/home/hanjh/F1_TENTH_UNITA/build/sector_tuner:/home/hanjh/F1_TENTH_UNITA/install/sector_tuner/lib/python3.10/site-packages:/home/hanjh/F1_TENTH_UNITA/build/perception:/home/hanjh/F1_TENTH_UNITA/install/perception/lib/python3.10/site-packages:/home/hanjh/F1_TENTH_UNITA/build/opponent_publisher:/home/hanjh/F1_TENTH_UNITA/install/opponent_publisher/lib/python3.10/site-packages:/home/hanjh/F1_TENTH_UNITA/build/mouse_teleop:/home/hanjh/F1_TENTH_UNITA/install/mouse_teleop/lib/python3.10/site-packages:/home/hanjh/F1_TENTH_UNITA/build/lap_analyser:/home/hanjh/F1_TENTH_UNITA/install/lap_analyser/lib/python3.10/site-packages:/home/hanjh/F1_TENTH_UNITA/build/key_teleop:/home/hanjh/F1_TENTH_UNITA/install/key_teleop/lib/python3.10/site-packages:/home/hanjh/F1_TENTH_UNITA/build/id_controller:/home/hanjh/F1_TENTH_UNITA/install/id_controller/lib/python3.10/site-packages:/home/hanjh/F1_TENTH_UNITA/build/global_planner:/home/hanjh/F1_TENTH_UNITA/install/global_planner/lib/python3.10/site-packages:/home/hanjh/F1_TENTH_UNITA/build/frenet_odom_republisher:/home/hanjh/F1_TENTH_UNITA/install/frenet_odom_republisher/lib/python3.10/site-packages:/home/hanjh/F1_TENTH_UNITA/build/frenet_conversion:/home/hanjh/F1_TENTH_UNITA/install/frenet_conversion/lib/python3.10/site-packages:/home/hanjh/F1_TENTH_UNITA/build/f1tenth_gym_ros:/home/hanjh/F1_TENTH_UNITA/install/f1tenth_gym_ros/lib/python3.10/site-packages:/home/hanjh/F1_TENTH_UNITA/install/f110_msgs/local/lib/python3.10/dist-packages:/home/hanjh/F1_TENTH_UNITA/build/controller:/home/hanjh/F1_TENTH_UNITA/install/controller/lib/python3.10/site-packages:/home/hanjh/ros2_ws/build/tutorial_topic:/home/hanjh/ros2_ws/install/tutorial_topic/lib/python3.10/site-packages:/home/hanjh/ros2_ws/build/tutorial_service:/home/hanjh/ros2_ws/install/tutorial_service/lib/python3.10/site-packages:/home/hanjh/ros2_ws/build/tutorial_action:/home/hanjh/ros2_ws/install/tutorial_action/lib/python3.10/site-packages:/home/hanjh/ros2_ws/build/node_exercise:/home/hanjh/ros2_ws/install/node_exercise/lib/python3.10/site-packages:/home/hanjh/ros2_ws/build/my_package:/home/hanjh/ros2_ws/install/my_package/lib/python3.10/site-packages:/home/hanjh/ros2_ws/build/moving_services:/home/hanjh/ros2_ws/install/moving_services/lib/python3.10/site-packages:/home/hanjh/ros2_ws/build/logger_test:/home/hanjh/ros2_ws/install/logger_test/lib/python3.10/site-packages:/home/hanjh/ros2_ws/build/elevator_vision:/home/hanjh/ros2_ws/install/elevator_vision/lib/python3.10/site-packages:/home/hanjh/ros2_ws/build/ebimu_pkg:/home/hanjh/ros2_ws/install/ebimu_pkg/lib/python3.10/site-packages:/home/hanjh/ros2_ws/build/debug_pkg:/home/hanjh/ros2_ws/install/debug_pkg/lib/python3.10/site-packages:/home/hanjh/ros2_ws/build/custom_interface_example:/home/hanjh/ros2_ws/install/custom_interface_example/lib/python3.10/site-packages:/home/hanjh/ros2_ws/install/custom_interfaces/local/lib/python3.10/dist-packages:/home/hanjh/ros2_ws/build/camera_perception_pkg:/home/hanjh/ros2_ws/install/camera_perception_pkg/lib/python3.10/site-packages:/opt/ros/humble/lib/python3.10/site-packages:/opt/ros/humble/local/lib/python3.10/dist-packages /usr/bin/python3 -W ignore:setup.py install is deprecated -W ignore:easy_install command is deprecated setup.py develop --editable --build-directory /home/hanjh/F1_TENTH_UNITA/build/f1tenth_stack/build --no-deps symlink_data
[13.463s] Level 1:colcon.colcon_core.shell:create_environment_hook('map_editor', 'pythonpath_develop')
[13.464s] INFO:colcon.colcon_core.shell:Creating environment hook '/home/hanjh/F1_TENTH_UNITA/build/map_editor/share/map_editor/hook/pythonpath_develop.ps1'
[13.466s] DEBUG:colcon.colcon_core.event_handler.log_command:Invoked command in '/home/hanjh/F1_TENTH_UNITA/build/map_editor' returned '0': AMENT_PREFIX_PATH=/home/hanjh/F1_TENTH_UNITA/install/stack_master:/home/hanjh/F1_TENTH_UNITA/install/global_planner:/home/hanjh/F1_TENTH_UNITA/install/f1tenth_stack:/home/hanjh/F1_TENTH_UNITA/install/vesc:/home/hanjh/F1_TENTH_UNITA/install/vesc_driver:/home/hanjh/F1_TENTH_UNITA/install/vesc_ackermann:/home/hanjh/F1_TENTH_UNITA/install/vesc_msgs:/home/hanjh/F1_TENTH_UNITA/install/teleop_tools:/home/hanjh/F1_TENTH_UNITA/install/joy_teleop:/home/hanjh/F1_TENTH_UNITA/install/teleop_tools_msgs:/home/hanjh/F1_TENTH_UNITA/install/steering_lookup:/home/hanjh/F1_TENTH_UNITA/install/state_machine:/home/hanjh/F1_TENTH_UNITA/install/slam_tuner:/home/hanjh/F1_TENTH_UNITA/install/state_estimation:/home/hanjh/F1_TENTH_UNITA/install/map_editor:/home/hanjh/F1_TENTH_UNITA/install/spline_planner:/home/hanjh/F1_TENTH_UNITA/install/sector_tuner:/home/hanjh/F1_TENTH_UNITA/install/perception:/home/hanjh/F1_TENTH_UNITA/install/opponent_publisher:/home/hanjh/F1_TENTH_UNITA/install/mouse_teleop:/home/hanjh/F1_TENTH_UNITA/install/lap_analyser:/home/hanjh/F1_TENTH_UNITA/install/key_teleop:/home/hanjh/F1_TENTH_UNITA/install/id_controller:/home/hanjh/F1_TENTH_UNITA/install/frenet_odom_republisher:/home/hanjh/F1_TENTH_UNITA/install/frenet_conversion:/home/hanjh/F1_TENTH_UNITA/install/f1tenth_gym_ros:/home/hanjh/F1_TENTH_UNITA/install/f110_msgs:/home/hanjh/F1_TENTH_UNITA/install/controller:/home/hanjh/F1_TENTH_UNITA/install/ackermann_mux:/home/hanjh/ros2_ws/install/tutorial_topic:/home/hanjh/ros2_ws/install/tutorial_service:/home/hanjh/ros2_ws/install/tutorial_action:/home/hanjh/ros2_ws/install/node_exercise:/home/hanjh/ros2_ws/install/my_package:/home/hanjh/ros2_ws/install/moving_services:/home/hanjh/ros2_ws/install/logger_test:/home/hanjh/ros2_ws/install/elevator_vision:/home/hanjh/ros2_ws/install/ebimu_pkg:/home/hanjh/ros2_ws/install/debug_pkg:/home/hanjh/ros2_ws/install/custom_interface_example:/home/hanjh/ros2_ws/install/custom_interfaces:/home/hanjh/ros2_ws/install/camera_perception_pkg:/opt/ros/humble CMAKE_PREFIX_PATH=/home/hanjh/F1_TENTH_UNITA/install/f110_msgs:/home/hanjh/F1_TENTH_UNITA/install/vesc:/home/hanjh/F1_TENTH_UNITA/install/vesc_driver:/home/hanjh/F1_TENTH_UNITA/install/vesc_ackermann:/home/hanjh/F1_TENTH_UNITA/install/vesc_msgs:/home/hanjh/F1_TENTH_UNITA/install/teleop_tools:/home/hanjh/F1_TENTH_UNITA/install/teleop_tools_msgs:/home/hanjh/F1_TENTH_UNITA/install/ackermann_mux:/home/hanjh/ros2_ws/install/custom_interfaces LD_LIBRARY_PATH=/home/hanjh/F1_TENTH_UNITA/install/f110_msgs/lib:/home/hanjh/F1_TENTH_UNITA/install/vesc_driver/lib:/home/hanjh/F1_TENTH_UNITA/install/vesc_ackermann/lib:/home/hanjh/F1_TENTH_UNITA/install/vesc_msgs/lib:/home/hanjh/F1_TENTH_UNITA/install/teleop_tools_msgs/lib:/home/hanjh/ros2_ws/install/custom_interfaces/lib:/usr/lib/x86_64-linux-gnu/gazebo-11/plugins:/opt/ros/humble/opt/rviz_ogre_vendor/lib:/opt/ros/humble/lib/x86_64-linux-gnu:/opt/ros/humble/lib PYTHONPATH=/home/hanjh/F1_TENTH_UNITA/build/map_editor/prefix_override:/usr/lib/python3/dist-packages/colcon_core/task/python/colcon_distutils_commands:/home/hanjh/F1_TENTH_UNITA/install/map_editor/lib/python3.10/site-packages:/home/hanjh/F1_TENTH_UNITA/build/stack_master:/home/hanjh/F1_TENTH_UNITA/install/stack_master/lib/python3.10/site-packages:/home/hanjh/F1_TENTH_UNITA/build/global_planner:/home/hanjh/F1_TENTH_UNITA/install/global_planner/lib/python3.10/site-packages:/home/hanjh/F1_TENTH_UNITA/build/f1tenth_stack:/home/hanjh/F1_TENTH_UNITA/install/f1tenth_stack/lib/python3.10/site-packages:/home/hanjh/F1_TENTH_UNITA/install/vesc_msgs/local/lib/python3.10/dist-packages:/home/hanjh/F1_TENTH_UNITA/build/joy_teleop:/home/hanjh/F1_TENTH_UNITA/install/joy_teleop/lib/python3.10/site-packages:/home/hanjh/F1_TENTH_UNITA/install/teleop_tools_msgs/local/lib/python3.10/dist-packages:/home/hanjh/F1_TENTH_UNITA/build/steering_lookup:/home/hanjh/F1_TENTH_UNITA/install/steering_lookup/lib/python3.10/site-packages:/home/hanjh/F1_TENTH_UNITA/build/state_machine:/home/hanjh/F1_TENTH_UNITA/install/state_machine/lib/python3.10/site-packages:/home/hanjh/F1_TENTH_UNITA/build/slam_tuner:/home/hanjh/F1_TENTH_UNITA/install/slam_tuner/lib/python3.10/site-packages:/home/hanjh/F1_TENTH_UNITA/build/state_estimation:/home/hanjh/F1_TENTH_UNITA/install/state_estimation/lib/python3.10/site-packages:/home/hanjh/F1_TENTH_UNITA/build/map_editor:/home/hanjh/F1_TENTH_UNITA/install/map_editor/lib/python3.10/site-packages:/home/hanjh/F1_TENTH_UNITA/build/spline_planner:/home/hanjh/F1_TENTH_UNITA/install/spline_planner/lib/python3.10/site-packages:/home/hanjh/F1_TENTH_UNITA/build/sector_tuner:/home/hanjh/F1_TENTH_UNITA/install/sector_tuner/lib/python3.10/site-packages:/home/hanjh/F1_TENTH_UNITA/build/perception:/home/hanjh/F1_TENTH_UNITA/install/perception/lib/python3.10/site-packages:/home/hanjh/F1_TENTH_UNITA/build/opponent_publisher:/home/hanjh/F1_TENTH_UNITA/install/opponent_publisher/lib/python3.10/site-packages:/home/hanjh/F1_TENTH_UNITA/build/mouse_teleop:/home/hanjh/F1_TENTH_UNITA/install/mouse_teleop/lib/python3.10/site-packages:/home/hanjh/F1_TENTH_UNITA/build/lap_analyser:/home/hanjh/F1_TENTH_UNITA/install/lap_analyser/lib/python3.10/site-packages:/home/hanjh/F1_TENTH_UNITA/build/key_teleop:/home/hanjh/F1_TENTH_UNITA/install/key_teleop/lib/python3.10/site-packages:/home/hanjh/F1_TENTH_UNITA/build/id_controller:/home/hanjh/F1_TENTH_UNITA/install/id_controller/lib/python3.10/site-packages:/home/hanjh/F1_TENTH_UNITA/build/frenet_odom_republisher:/home/hanjh/F1_TENTH_UNITA/install/frenet_odom_republisher/lib/python3.10/site-packages:/home/hanjh/F1_TENTH_UNITA/build/frenet_conversion:/home/hanjh/F1_TENTH_UNITA/install/frenet_conversion/lib/python3.10/site-packages:/home/hanjh/F1_TENTH_UNITA/build/f1tenth_gym_ros:/home/hanjh/F1_TENTH_UNITA/install/f1tenth_gym_ros/lib/python3.10/site-packages:/home/hanjh/F1_TENTH_UNITA/install/f110_msgs/local/lib/python3.10/dist-packages:/home/hanjh/F1_TENTH_UNITA/build/controller:/home/hanjh/F1_TENTH_UNITA/install/controller/lib/python3.10/site-packages:/home/hanjh/ros2_ws/build/tutorial_topic:/home/hanjh/ros2_ws/install/tutorial_topic/lib/python3.10/site-packages:/home/hanjh/ros2_ws/build/tutorial_service:/home/hanjh/ros2_ws/install/tutorial_service/lib/python3.10/site-packages:/home/hanjh/ros2_ws/build/tutorial_action:/home/hanjh/ros2_ws/install/tutorial_action/lib/python3.10/site-packages:/home/hanjh/ros2_ws/build/node_exercise:/home/hanjh/ros2_ws/install/node_exercise/lib/python3.10/site-packages:/home/hanjh/ros2_ws/build/my_package:/home/hanjh/ros2_ws/install/my_package/lib/python3.10/site-packages:/home/hanjh/ros2_ws/build/moving_services:/home/hanjh/ros2_ws/install/moving_services/lib/python3.10/site-packages:/home/hanjh/ros2_ws/build/logger_test:/home/hanjh/ros2_ws/install/logger_test/lib/python3.10/site-packages:/home/hanjh/ros2_ws/build/elevator_vision:/home/hanjh/ros2_ws/install/elevator_vision/lib/python3.10/site-packages:/home/hanjh/ros2_ws/build/ebimu_pkg:/home/hanjh/ros2_ws/install/ebimu_pkg/lib/python3.10/site-packages:/home/hanjh/ros2_ws/build/debug_pkg:/home/hanjh/ros2_ws/install/debug_pkg/lib/python3.10/site-packages:/home/hanjh/ros2_ws/build/custom_interface_example:/home/hanjh/ros2_ws/install/custom_interface_example/lib/python3.10/site-packages:/home/hanjh/ros2_ws/install/custom_interfaces/local/lib/python3.10/dist-packages:/home/hanjh/ros2_ws/build/camera_perception_pkg:/home/hanjh/ros2_ws/install/camera_perception_pkg/lib/python3.10/site-packages:/opt/ros/humble/lib/python3.10/site-packages:/opt/ros/humble/local/lib/python3.10/dist-packages /usr/bin/python3 -W ignore:setup.py install is deprecated -W ignore:easy_install command is deprecated setup.py develop --editable --build-directory /home/hanjh/F1_TENTH_UNITA/build/map_editor/build --no-deps symlink_data
[13.467s] INFO:colcon.colcon_core.shell:Creating environment descriptor '/home/hanjh/F1_TENTH_UNITA/build/map_editor/share/map_editor/hook/pythonpath_develop.dsv'
[13.468s] INFO:colcon.colcon_core.shell:Creating environment hook '/home/hanjh/F1_TENTH_UNITA/build/map_editor/share/map_editor/hook/pythonpath_develop.sh'
[13.470s] Level 1:colcon.colcon_core.environment:checking '/home/hanjh/F1_TENTH_UNITA/install/map_editor' for CMake module files
[13.471s] Level 1:colcon.colcon_core.environment:checking '/home/hanjh/F1_TENTH_UNITA/install/map_editor' for CMake config files
[13.472s] Level 1:colcon.colcon_core.environment:checking '/home/hanjh/F1_TENTH_UNITA/install/map_editor/lib'
[13.472s] Level 1:colcon.colcon_core.environment:checking '/home/hanjh/F1_TENTH_UNITA/install/map_editor/bin'
[13.472s] Level 1:colcon.colcon_core.environment:checking '/home/hanjh/F1_TENTH_UNITA/install/map_editor/lib/pkgconfig/map_editor.pc'
[13.473s] Level 1:colcon.colcon_core.environment:checking '/home/hanjh/F1_TENTH_UNITA/install/map_editor/lib/python3.10/site-packages'
[13.473s] Level 1:colcon.colcon_core.shell:create_environment_hook('map_editor', 'pythonpath')
[13.474s] INFO:colcon.colcon_core.shell:Creating environment hook '/home/hanjh/F1_TENTH_UNITA/install/map_editor/share/map_editor/hook/pythonpath.ps1'
[13.475s] INFO:colcon.colcon_core.shell:Creating environment descriptor '/home/hanjh/F1_TENTH_UNITA/install/map_editor/share/map_editor/hook/pythonpath.dsv'
[13.476s] INFO:colcon.colcon_core.shell:Creating environment hook '/home/hanjh/F1_TENTH_UNITA/install/map_editor/share/map_editor/hook/pythonpath.sh'
[13.478s] Level 1:colcon.colcon_core.environment:checking '/home/hanjh/F1_TENTH_UNITA/install/map_editor/bin'
[13.478s] Level 1:colcon.colcon_core.environment:create_environment_scripts_only(map_editor)
[13.479s] INFO:colcon.colcon_core.shell:Creating package script '/home/hanjh/F1_TENTH_UNITA/install/map_editor/share/map_editor/package.ps1'
[13.481s] INFO:colcon.colcon_core.shell:Creating package descriptor '/home/hanjh/F1_TENTH_UNITA/install/map_editor/share/map_editor/package.dsv'
[13.482s] INFO:colcon.colcon_core.shell:Creating package script '/home/hanjh/F1_TENTH_UNITA/install/map_editor/share/map_editor/package.sh'
[13.483s] INFO:colcon.colcon_core.shell:Creating package script '/home/hanjh/F1_TENTH_UNITA/install/map_editor/share/map_editor/package.bash'
[13.484s] INFO:colcon.colcon_core.shell:Creating package script '/home/hanjh/F1_TENTH_UNITA/install/map_editor/share/map_editor/package.zsh'
[13.485s] Level 1:colcon.colcon_core.environment:create_file_with_runtime_dependencies(/home/hanjh/F1_TENTH_UNITA/install/map_editor/share/colcon-core/packages/map_editor)
[13.758s] Level 1:colcon.colcon_core.shell:create_environment_hook('sector_tuner', 'pythonpath_develop')
[13.759s] INFO:colcon.colcon_core.shell:Creating environment hook '/home/hanjh/F1_TENTH_UNITA/build/sector_tuner/share/sector_tuner/hook/pythonpath_develop.ps1'
[13.760s] DEBUG:colcon.colcon_core.event_handler.log_command:Invoked command in '/home/hanjh/F1_TENTH_UNITA/build/sector_tuner' returned '0': PYTHONPATH=/home/hanjh/F1_TENTH_UNITA/build/sector_tuner/prefix_override:/usr/lib/python3/dist-packages/colcon_core/task/python/colcon_distutils_commands:/home/hanjh/F1_TENTH_UNITA/install/sector_tuner/lib/python3.10/site-packages:${PYTHONPATH} /usr/bin/python3 -W ignore:setup.py install is deprecated -W ignore:easy_install command is deprecated setup.py develop --editable --build-directory /home/hanjh/F1_TENTH_UNITA/build/sector_tuner/build --no-deps symlink_data
[13.762s] INFO:colcon.colcon_core.shell:Creating environment descriptor '/home/hanjh/F1_TENTH_UNITA/build/sector_tuner/share/sector_tuner/hook/pythonpath_develop.dsv'
[13.763s] INFO:colcon.colcon_core.shell:Creating environment hook '/home/hanjh/F1_TENTH_UNITA/build/sector_tuner/share/sector_tuner/hook/pythonpath_develop.sh'
[13.764s] Level 1:colcon.colcon_core.environment:checking '/home/hanjh/F1_TENTH_UNITA/install/sector_tuner' for CMake module files
[13.766s] Level 1:colcon.colcon_core.environment:checking '/home/hanjh/F1_TENTH_UNITA/install/sector_tuner' for CMake config files
[13.767s] Level 1:colcon.colcon_core.environment:checking '/home/hanjh/F1_TENTH_UNITA/install/sector_tuner/lib'
[13.767s] Level 1:colcon.colcon_core.environment:checking '/home/hanjh/F1_TENTH_UNITA/install/sector_tuner/bin'
[13.767s] Level 1:colcon.colcon_core.environment:checking '/home/hanjh/F1_TENTH_UNITA/install/sector_tuner/lib/pkgconfig/sector_tuner.pc'
[13.768s] Level 1:colcon.colcon_core.environment:checking '/home/hanjh/F1_TENTH_UNITA/install/sector_tuner/lib/python3.10/site-packages'
[13.768s] Level 1:colcon.colcon_core.shell:create_environment_hook('sector_tuner', 'pythonpath')
[13.769s] INFO:colcon.colcon_core.shell:Creating environment hook '/home/hanjh/F1_TENTH_UNITA/install/sector_tuner/share/sector_tuner/hook/pythonpath.ps1'
[13.770s] INFO:colcon.colcon_core.shell:Creating environment descriptor '/home/hanjh/F1_TENTH_UNITA/install/sector_tuner/share/sector_tuner/hook/pythonpath.dsv'
[13.771s] INFO:colcon.colcon_core.shell:Creating environment hook '/home/hanjh/F1_TENTH_UNITA/install/sector_tuner/share/sector_tuner/hook/pythonpath.sh'
[13.773s] Level 1:colcon.colcon_core.environment:checking '/home/hanjh/F1_TENTH_UNITA/install/sector_tuner/bin'
[13.774s] Level 1:colcon.colcon_core.environment:create_environment_scripts_only(sector_tuner)
[13.775s] INFO:colcon.colcon_core.shell:Creating package script '/home/hanjh/F1_TENTH_UNITA/install/sector_tuner/share/sector_tuner/package.ps1'
[13.776s] INFO:colcon.colcon_core.shell:Creating package descriptor '/home/hanjh/F1_TENTH_UNITA/install/sector_tuner/share/sector_tuner/package.dsv'
[13.778s] INFO:colcon.colcon_core.shell:Creating package script '/home/hanjh/F1_TENTH_UNITA/install/sector_tuner/share/sector_tuner/package.sh'
[13.779s] INFO:colcon.colcon_core.shell:Creating package script '/home/hanjh/F1_TENTH_UNITA/install/sector_tuner/share/sector_tuner/package.bash'
[13.780s] INFO:colcon.colcon_core.shell:Creating package script '/home/hanjh/F1_TENTH_UNITA/install/sector_tuner/share/sector_tuner/package.zsh'
[13.781s] Level 1:colcon.colcon_core.environment:create_file_with_runtime_dependencies(/home/hanjh/F1_TENTH_UNITA/install/sector_tuner/share/colcon-core/packages/sector_tuner)
[13.784s] Level 1:colcon.colcon_core.shell:create_environment_hook('spline_planner', 'pythonpath_develop')
[13.785s] INFO:colcon.colcon_core.shell:Creating environment hook '/home/hanjh/F1_TENTH_UNITA/build/spline_planner/share/spline_planner/hook/pythonpath_develop.ps1'
[13.787s] DEBUG:colcon.colcon_core.event_handler.log_command:Invoked command in '/home/hanjh/F1_TENTH_UNITA/build/spline_planner' returned '0': AMENT_PREFIX_PATH=/home/hanjh/F1_TENTH_UNITA/install/frenet_conversion:/home/hanjh/F1_TENTH_UNITA/install/f1tenth_stack:/home/hanjh/F1_TENTH_UNITA/install/vesc:/home/hanjh/F1_TENTH_UNITA/install/vesc_driver:/home/hanjh/F1_TENTH_UNITA/install/vesc_ackermann:/home/hanjh/F1_TENTH_UNITA/install/vesc_msgs:/home/hanjh/F1_TENTH_UNITA/install/teleop_tools:/home/hanjh/F1_TENTH_UNITA/install/joy_teleop:/home/hanjh/F1_TENTH_UNITA/install/teleop_tools_msgs:/home/hanjh/F1_TENTH_UNITA/install/steering_lookup:/home/hanjh/F1_TENTH_UNITA/install/state_machine:/home/hanjh/F1_TENTH_UNITA/install/slam_tuner:/home/hanjh/F1_TENTH_UNITA/install/state_estimation:/home/hanjh/F1_TENTH_UNITA/install/map_editor:/home/hanjh/F1_TENTH_UNITA/install/stack_master:/home/hanjh/F1_TENTH_UNITA/install/spline_planner:/home/hanjh/F1_TENTH_UNITA/install/sector_tuner:/home/hanjh/F1_TENTH_UNITA/install/perception:/home/hanjh/F1_TENTH_UNITA/install/opponent_publisher:/home/hanjh/F1_TENTH_UNITA/install/mouse_teleop:/home/hanjh/F1_TENTH_UNITA/install/lap_analyser:/home/hanjh/F1_TENTH_UNITA/install/key_teleop:/home/hanjh/F1_TENTH_UNITA/install/id_controller:/home/hanjh/F1_TENTH_UNITA/install/global_planner:/home/hanjh/F1_TENTH_UNITA/install/frenet_odom_republisher:/home/hanjh/F1_TENTH_UNITA/install/f1tenth_gym_ros:/home/hanjh/F1_TENTH_UNITA/install/f110_msgs:/home/hanjh/F1_TENTH_UNITA/install/controller:/home/hanjh/F1_TENTH_UNITA/install/ackermann_mux:/home/hanjh/ros2_ws/install/tutorial_topic:/home/hanjh/ros2_ws/install/tutorial_service:/home/hanjh/ros2_ws/install/tutorial_action:/home/hanjh/ros2_ws/install/node_exercise:/home/hanjh/ros2_ws/install/my_package:/home/hanjh/ros2_ws/install/moving_services:/home/hanjh/ros2_ws/install/logger_test:/home/hanjh/ros2_ws/install/elevator_vision:/home/hanjh/ros2_ws/install/ebimu_pkg:/home/hanjh/ros2_ws/install/debug_pkg:/home/hanjh/ros2_ws/install/custom_interface_example:/home/hanjh/ros2_ws/install/custom_interfaces:/home/hanjh/ros2_ws/install/camera_perception_pkg:/opt/ros/humble PYTHONPATH=/home/hanjh/F1_TENTH_UNITA/build/spline_planner/prefix_override:/usr/lib/python3/dist-packages/colcon_core/task/python/colcon_distutils_commands:/home/hanjh/F1_TENTH_UNITA/install/spline_planner/lib/python3.10/site-packages:/home/hanjh/F1_TENTH_UNITA/build/frenet_conversion:/home/hanjh/F1_TENTH_UNITA/install/frenet_conversion/lib/python3.10/site-packages:/home/hanjh/F1_TENTH_UNITA/build/f1tenth_stack:/home/hanjh/F1_TENTH_UNITA/install/f1tenth_stack/lib/python3.10/site-packages:/home/hanjh/F1_TENTH_UNITA/install/vesc_msgs/local/lib/python3.10/dist-packages:/home/hanjh/F1_TENTH_UNITA/build/joy_teleop:/home/hanjh/F1_TENTH_UNITA/install/joy_teleop/lib/python3.10/site-packages:/home/hanjh/F1_TENTH_UNITA/install/teleop_tools_msgs/local/lib/python3.10/dist-packages:/home/hanjh/F1_TENTH_UNITA/build/steering_lookup:/home/hanjh/F1_TENTH_UNITA/install/steering_lookup/lib/python3.10/site-packages:/home/hanjh/F1_TENTH_UNITA/build/state_machine:/home/hanjh/F1_TENTH_UNITA/install/state_machine/lib/python3.10/site-packages:/home/hanjh/F1_TENTH_UNITA/build/slam_tuner:/home/hanjh/F1_TENTH_UNITA/install/slam_tuner/lib/python3.10/site-packages:/home/hanjh/F1_TENTH_UNITA/build/state_estimation:/home/hanjh/F1_TENTH_UNITA/install/state_estimation/lib/python3.10/site-packages:/home/hanjh/F1_TENTH_UNITA/build/map_editor:/home/hanjh/F1_TENTH_UNITA/install/map_editor/lib/python3.10/site-packages:/home/hanjh/F1_TENTH_UNITA/build/stack_master:/home/hanjh/F1_TENTH_UNITA/install/stack_master/lib/python3.10/site-packages:/home/hanjh/F1_TENTH_UNITA/build/spline_planner:/home/hanjh/F1_TENTH_UNITA/install/spline_planner/lib/python3.10/site-packages:/home/hanjh/F1_TENTH_UNITA/build/sector_tuner:/home/hanjh/F1_TENTH_UNITA/install/sector_tuner/lib/python3.10/site-packages:/home/hanjh/F1_TENTH_UNITA/build/perception:/home/hanjh/F1_TENTH_UNITA/install/perception/lib/python3.10/site-packages:/home/hanjh/F1_TENTH_UNITA/build/opponent_publisher:/home/hanjh/F1_TENTH_UNITA/install/opponent_publisher/lib/python3.10/site-packages:/home/hanjh/F1_TENTH_UNITA/build/mouse_teleop:/home/hanjh/F1_TENTH_UNITA/install/mouse_teleop/lib/python3.10/site-packages:/home/hanjh/F1_TENTH_UNITA/build/lap_analyser:/home/hanjh/F1_TENTH_UNITA/install/lap_analyser/lib/python3.10/site-packages:/home/hanjh/F1_TENTH_UNITA/build/key_teleop:/home/hanjh/F1_TENTH_UNITA/install/key_teleop/lib/python3.10/site-packages:/home/hanjh/F1_TENTH_UNITA/build/id_controller:/home/hanjh/F1_TENTH_UNITA/install/id_controller/lib/python3.10/site-packages:/home/hanjh/F1_TENTH_UNITA/build/global_planner:/home/hanjh/F1_TENTH_UNITA/install/global_planner/lib/python3.10/site-packages:/home/hanjh/F1_TENTH_UNITA/build/frenet_odom_republisher:/home/hanjh/F1_TENTH_UNITA/install/frenet_odom_republisher/lib/python3.10/site-packages:/home/hanjh/F1_TENTH_UNITA/build/f1tenth_gym_ros:/home/hanjh/F1_TENTH_UNITA/install/f1tenth_gym_ros/lib/python3.10/site-packages:/home/hanjh/F1_TENTH_UNITA/install/f110_msgs/local/lib/python3.10/dist-packages:/home/hanjh/F1_TENTH_UNITA/build/controller:/home/hanjh/F1_TENTH_UNITA/install/controller/lib/python3.10/site-packages:/home/hanjh/ros2_ws/build/tutorial_topic:/home/hanjh/ros2_ws/install/tutorial_topic/lib/python3.10/site-packages:/home/hanjh/ros2_ws/build/tutorial_service:/home/hanjh/ros2_ws/install/tutorial_service/lib/python3.10/site-packages:/home/hanjh/ros2_ws/build/tutorial_action:/home/hanjh/ros2_ws/install/tutorial_action/lib/python3.10/site-packages:/home/hanjh/ros2_ws/build/node_exercise:/home/hanjh/ros2_ws/install/node_exercise/lib/python3.10/site-packages:/home/hanjh/ros2_ws/build/my_package:/home/hanjh/ros2_ws/install/my_package/lib/python3.10/site-packages:/home/hanjh/ros2_ws/build/moving_services:/home/hanjh/ros2_ws/install/moving_services/lib/python3.10/site-packages:/home/hanjh/ros2_ws/build/logger_test:/home/hanjh/ros2_ws/install/logger_test/lib/python3.10/site-packages:/home/hanjh/ros2_ws/build/elevator_vision:/home/hanjh/ros2_ws/install/elevator_vision/lib/python3.10/site-packages:/home/hanjh/ros2_ws/build/ebimu_pkg:/home/hanjh/ros2_ws/install/ebimu_pkg/lib/python3.10/site-packages:/home/hanjh/ros2_ws/build/debug_pkg:/home/hanjh/ros2_ws/install/debug_pkg/lib/python3.10/site-packages:/home/hanjh/ros2_ws/build/custom_interface_example:/home/hanjh/ros2_ws/install/custom_interface_example/lib/python3.10/site-packages:/home/hanjh/ros2_ws/install/custom_interfaces/local/lib/python3.10/dist-packages:/home/hanjh/ros2_ws/build/camera_perception_pkg:/home/hanjh/ros2_ws/install/camera_perception_pkg/lib/python3.10/site-packages:/opt/ros/humble/lib/python3.10/site-packages:/opt/ros/humble/local/lib/python3.10/dist-packages /usr/bin/python3 -W ignore:setup.py install is deprecated -W ignore:easy_install command is deprecated setup.py develop --editable --build-directory /home/hanjh/F1_TENTH_UNITA/build/spline_planner/build --no-deps symlink_data
[13.788s] INFO:colcon.colcon_core.shell:Creating environment descriptor '/home/hanjh/F1_TENTH_UNITA/build/spline_planner/share/spline_planner/hook/pythonpath_develop.dsv'
[13.789s] INFO:colcon.colcon_core.shell:Creating environment hook '/home/hanjh/F1_TENTH_UNITA/build/spline_planner/share/spline_planner/hook/pythonpath_develop.sh'
[13.791s] Level 1:colcon.colcon_core.environment:checking '/home/hanjh/F1_TENTH_UNITA/install/spline_planner' for CMake module files
[13.792s] Level 1:colcon.colcon_core.environment:checking '/home/hanjh/F1_TENTH_UNITA/install/spline_planner' for CMake config files
[13.793s] Level 1:colcon.colcon_core.environment:checking '/home/hanjh/F1_TENTH_UNITA/install/spline_planner/lib'
[13.793s] Level 1:colcon.colcon_core.environment:checking '/home/hanjh/F1_TENTH_UNITA/install/spline_planner/bin'
[13.794s] Level 1:colcon.colcon_core.environment:checking '/home/hanjh/F1_TENTH_UNITA/install/spline_planner/lib/pkgconfig/spline_planner.pc'
[13.794s] Level 1:colcon.colcon_core.environment:checking '/home/hanjh/F1_TENTH_UNITA/install/spline_planner/lib/python3.10/site-packages'
[13.794s] Level 1:colcon.colcon_core.shell:create_environment_hook('spline_planner', 'pythonpath')
[13.795s] INFO:colcon.colcon_core.shell:Creating environment hook '/home/hanjh/F1_TENTH_UNITA/install/spline_planner/share/spline_planner/hook/pythonpath.ps1'
[13.796s] INFO:colcon.colcon_core.shell:Creating environment descriptor '/home/hanjh/F1_TENTH_UNITA/install/spline_planner/share/spline_planner/hook/pythonpath.dsv'
[13.797s] INFO:colcon.colcon_core.shell:Creating environment hook '/home/hanjh/F1_TENTH_UNITA/install/spline_planner/share/spline_planner/hook/pythonpath.sh'
[13.799s] Level 1:colcon.colcon_core.environment:checking '/home/hanjh/F1_TENTH_UNITA/install/spline_planner/bin'
[13.800s] Level 1:colcon.colcon_core.environment:create_environment_scripts_only(spline_planner)
[13.801s] INFO:colcon.colcon_core.shell:Creating package script '/home/hanjh/F1_TENTH_UNITA/install/spline_planner/share/spline_planner/package.ps1'
[13.802s] INFO:colcon.colcon_core.shell:Creating package descriptor '/home/hanjh/F1_TENTH_UNITA/install/spline_planner/share/spline_planner/package.dsv'
[13.803s] INFO:colcon.colcon_core.shell:Creating package script '/home/hanjh/F1_TENTH_UNITA/install/spline_planner/share/spline_planner/package.sh'
[13.804s] INFO:colcon.colcon_core.shell:Creating package script '/home/hanjh/F1_TENTH_UNITA/install/spline_planner/share/spline_planner/package.bash'
[13.804s] INFO:colcon.colcon_core.shell:Creating package script '/home/hanjh/F1_TENTH_UNITA/install/spline_planner/share/spline_planner/package.zsh'
[13.805s] Level 1:colcon.colcon_core.environment:create_file_with_runtime_dependencies(/home/hanjh/F1_TENTH_UNITA/install/spline_planner/share/colcon-core/packages/spline_planner)
[13.807s] Level 1:colcon.colcon_core.shell:create_environment_hook('slam_tuner', 'pythonpath_develop')
[13.809s] INFO:colcon.colcon_core.shell:Creating environment hook '/home/hanjh/F1_TENTH_UNITA/build/slam_tuner/share/slam_tuner/hook/pythonpath_develop.ps1'
[13.809s] DEBUG:colcon.colcon_core.event_handler.log_command:Invoked command in '/home/hanjh/F1_TENTH_UNITA/build/slam_tuner' returned '0': AMENT_PREFIX_PATH=/home/hanjh/F1_TENTH_UNITA/install/state_estimation:/home/hanjh/F1_TENTH_UNITA/install/f1tenth_stack:/home/hanjh/F1_TENTH_UNITA/install/vesc:/home/hanjh/F1_TENTH_UNITA/install/vesc_driver:/home/hanjh/F1_TENTH_UNITA/install/vesc_ackermann:/home/hanjh/F1_TENTH_UNITA/install/vesc_msgs:/home/hanjh/F1_TENTH_UNITA/install/teleop_tools:/home/hanjh/F1_TENTH_UNITA/install/joy_teleop:/home/hanjh/F1_TENTH_UNITA/install/teleop_tools_msgs:/home/hanjh/F1_TENTH_UNITA/install/steering_lookup:/home/hanjh/F1_TENTH_UNITA/install/state_machine:/home/hanjh/F1_TENTH_UNITA/install/slam_tuner:/home/hanjh/F1_TENTH_UNITA/install/map_editor:/home/hanjh/F1_TENTH_UNITA/install/stack_master:/home/hanjh/F1_TENTH_UNITA/install/spline_planner:/home/hanjh/F1_TENTH_UNITA/install/sector_tuner:/home/hanjh/F1_TENTH_UNITA/install/perception:/home/hanjh/F1_TENTH_UNITA/install/opponent_publisher:/home/hanjh/F1_TENTH_UNITA/install/mouse_teleop:/home/hanjh/F1_TENTH_UNITA/install/lap_analyser:/home/hanjh/F1_TENTH_UNITA/install/key_teleop:/home/hanjh/F1_TENTH_UNITA/install/id_controller:/home/hanjh/F1_TENTH_UNITA/install/global_planner:/home/hanjh/F1_TENTH_UNITA/install/frenet_odom_republisher:/home/hanjh/F1_TENTH_UNITA/install/frenet_conversion:/home/hanjh/F1_TENTH_UNITA/install/f1tenth_gym_ros:/home/hanjh/F1_TENTH_UNITA/install/f110_msgs:/home/hanjh/F1_TENTH_UNITA/install/controller:/home/hanjh/F1_TENTH_UNITA/install/ackermann_mux:/home/hanjh/ros2_ws/install/tutorial_topic:/home/hanjh/ros2_ws/install/tutorial_service:/home/hanjh/ros2_ws/install/tutorial_action:/home/hanjh/ros2_ws/install/node_exercise:/home/hanjh/ros2_ws/install/my_package:/home/hanjh/ros2_ws/install/moving_services:/home/hanjh/ros2_ws/install/logger_test:/home/hanjh/ros2_ws/install/elevator_vision:/home/hanjh/ros2_ws/install/ebimu_pkg:/home/hanjh/ros2_ws/install/debug_pkg:/home/hanjh/ros2_ws/install/custom_interface_example:/home/hanjh/ros2_ws/install/custom_interfaces:/home/hanjh/ros2_ws/install/camera_perception_pkg:/opt/ros/humble PYTHONPATH=/home/hanjh/F1_TENTH_UNITA/build/slam_tuner/prefix_override:/usr/lib/python3/dist-packages/colcon_core/task/python/colcon_distutils_commands:/home/hanjh/F1_TENTH_UNITA/install/slam_tuner/lib/python3.10/site-packages:/home/hanjh/F1_TENTH_UNITA/build/state_estimation:/home/hanjh/F1_TENTH_UNITA/install/state_estimation/lib/python3.10/site-packages:/home/hanjh/F1_TENTH_UNITA/build/f1tenth_stack:/home/hanjh/F1_TENTH_UNITA/install/f1tenth_stack/lib/python3.10/site-packages:/home/hanjh/F1_TENTH_UNITA/install/vesc_msgs/local/lib/python3.10/dist-packages:/home/hanjh/F1_TENTH_UNITA/build/joy_teleop:/home/hanjh/F1_TENTH_UNITA/install/joy_teleop/lib/python3.10/site-packages:/home/hanjh/F1_TENTH_UNITA/install/teleop_tools_msgs/local/lib/python3.10/dist-packages:/home/hanjh/F1_TENTH_UNITA/build/steering_lookup:/home/hanjh/F1_TENTH_UNITA/install/steering_lookup/lib/python3.10/site-packages:/home/hanjh/F1_TENTH_UNITA/build/state_machine:/home/hanjh/F1_TENTH_UNITA/install/state_machine/lib/python3.10/site-packages:/home/hanjh/F1_TENTH_UNITA/build/slam_tuner:/home/hanjh/F1_TENTH_UNITA/install/slam_tuner/lib/python3.10/site-packages:/home/hanjh/F1_TENTH_UNITA/build/map_editor:/home/hanjh/F1_TENTH_UNITA/install/map_editor/lib/python3.10/site-packages:/home/hanjh/F1_TENTH_UNITA/build/stack_master:/home/hanjh/F1_TENTH_UNITA/install/stack_master/lib/python3.10/site-packages:/home/hanjh/F1_TENTH_UNITA/build/spline_planner:/home/hanjh/F1_TENTH_UNITA/install/spline_planner/lib/python3.10/site-packages:/home/hanjh/F1_TENTH_UNITA/build/sector_tuner:/home/hanjh/F1_TENTH_UNITA/install/sector_tuner/lib/python3.10/site-packages:/home/hanjh/F1_TENTH_UNITA/build/perception:/home/hanjh/F1_TENTH_UNITA/install/perception/lib/python3.10/site-packages:/home/hanjh/F1_TENTH_UNITA/build/opponent_publisher:/home/hanjh/F1_TENTH_UNITA/install/opponent_publisher/lib/python3.10/site-packages:/home/hanjh/F1_TENTH_UNITA/build/mouse_teleop:/home/hanjh/F1_TENTH_UNITA/install/mouse_teleop/lib/python3.10/site-packages:/home/hanjh/F1_TENTH_UNITA/build/lap_analyser:/home/hanjh/F1_TENTH_UNITA/install/lap_analyser/lib/python3.10/site-packages:/home/hanjh/F1_TENTH_UNITA/build/key_teleop:/home/hanjh/F1_TENTH_UNITA/install/key_teleop/lib/python3.10/site-packages:/home/hanjh/F1_TENTH_UNITA/build/id_controller:/home/hanjh/F1_TENTH_UNITA/install/id_controller/lib/python3.10/site-packages:/home/hanjh/F1_TENTH_UNITA/build/global_planner:/home/hanjh/F1_TENTH_UNITA/install/global_planner/lib/python3.10/site-packages:/home/hanjh/F1_TENTH_UNITA/build/frenet_odom_republisher:/home/hanjh/F1_TENTH_UNITA/install/frenet_odom_republisher/lib/python3.10/site-packages:/home/hanjh/F1_TENTH_UNITA/build/frenet_conversion:/home/hanjh/F1_TENTH_UNITA/install/frenet_conversion/lib/python3.10/site-packages:/home/hanjh/F1_TENTH_UNITA/build/f1tenth_gym_ros:/home/hanjh/F1_TENTH_UNITA/install/f1tenth_gym_ros/lib/python3.10/site-packages:/home/hanjh/F1_TENTH_UNITA/install/f110_msgs/local/lib/python3.10/dist-packages:/home/hanjh/F1_TENTH_UNITA/build/controller:/home/hanjh/F1_TENTH_UNITA/install/controller/lib/python3.10/site-packages:/home/hanjh/ros2_ws/build/tutorial_topic:/home/hanjh/ros2_ws/install/tutorial_topic/lib/python3.10/site-packages:/home/hanjh/ros2_ws/build/tutorial_service:/home/hanjh/ros2_ws/install/tutorial_service/lib/python3.10/site-packages:/home/hanjh/ros2_ws/build/tutorial_action:/home/hanjh/ros2_ws/install/tutorial_action/lib/python3.10/site-packages:/home/hanjh/ros2_ws/build/node_exercise:/home/hanjh/ros2_ws/install/node_exercise/lib/python3.10/site-packages:/home/hanjh/ros2_ws/build/my_package:/home/hanjh/ros2_ws/install/my_package/lib/python3.10/site-packages:/home/hanjh/ros2_ws/build/moving_services:/home/hanjh/ros2_ws/install/moving_services/lib/python3.10/site-packages:/home/hanjh/ros2_ws/build/logger_test:/home/hanjh/ros2_ws/install/logger_test/lib/python3.10/site-packages:/home/hanjh/ros2_ws/build/elevator_vision:/home/hanjh/ros2_ws/install/elevator_vision/lib/python3.10/site-packages:/home/hanjh/ros2_ws/build/ebimu_pkg:/home/hanjh/ros2_ws/install/ebimu_pkg/lib/python3.10/site-packages:/home/hanjh/ros2_ws/build/debug_pkg:/home/hanjh/ros2_ws/install/debug_pkg/lib/python3.10/site-packages:/home/hanjh/ros2_ws/build/custom_interface_example:/home/hanjh/ros2_ws/install/custom_interface_example/lib/python3.10/site-packages:/home/hanjh/ros2_ws/install/custom_interfaces/local/lib/python3.10/dist-packages:/home/hanjh/ros2_ws/build/camera_perception_pkg:/home/hanjh/ros2_ws/install/camera_perception_pkg/lib/python3.10/site-packages:/opt/ros/humble/lib/python3.10/site-packages:/opt/ros/humble/local/lib/python3.10/dist-packages /usr/bin/python3 -W ignore:setup.py install is deprecated -W ignore:easy_install command is deprecated setup.py develop --editable --build-directory /home/hanjh/F1_TENTH_UNITA/build/slam_tuner/build --no-deps symlink_data
[13.810s] INFO:colcon.colcon_core.shell:Creating environment descriptor '/home/hanjh/F1_TENTH_UNITA/build/slam_tuner/share/slam_tuner/hook/pythonpath_develop.dsv'
[13.811s] INFO:colcon.colcon_core.shell:Creating environment hook '/home/hanjh/F1_TENTH_UNITA/build/slam_tuner/share/slam_tuner/hook/pythonpath_develop.sh'
[13.813s] Level 1:colcon.colcon_core.environment:checking '/home/hanjh/F1_TENTH_UNITA/install/slam_tuner' for CMake module files
[13.814s] Level 1:colcon.colcon_core.environment:checking '/home/hanjh/F1_TENTH_UNITA/install/slam_tuner' for CMake config files
[13.816s] Level 1:colcon.colcon_core.environment:checking '/home/hanjh/F1_TENTH_UNITA/install/slam_tuner/lib'
[13.816s] Level 1:colcon.colcon_core.environment:checking '/home/hanjh/F1_TENTH_UNITA/install/slam_tuner/bin'
[13.816s] Level 1:colcon.colcon_core.environment:checking '/home/hanjh/F1_TENTH_UNITA/install/slam_tuner/lib/pkgconfig/slam_tuner.pc'
[13.817s] Level 1:colcon.colcon_core.environment:checking '/home/hanjh/F1_TENTH_UNITA/install/slam_tuner/lib/python3.10/site-packages'
[13.817s] Level 1:colcon.colcon_core.shell:create_environment_hook('slam_tuner', 'pythonpath')
[13.818s] INFO:colcon.colcon_core.shell:Creating environment hook '/home/hanjh/F1_TENTH_UNITA/install/slam_tuner/share/slam_tuner/hook/pythonpath.ps1'
[13.819s] INFO:colcon.colcon_core.shell:Creating environment descriptor '/home/hanjh/F1_TENTH_UNITA/install/slam_tuner/share/slam_tuner/hook/pythonpath.dsv'
[13.820s] INFO:colcon.colcon_core.shell:Creating environment hook '/home/hanjh/F1_TENTH_UNITA/install/slam_tuner/share/slam_tuner/hook/pythonpath.sh'
[13.822s] Level 1:colcon.colcon_core.environment:checking '/home/hanjh/F1_TENTH_UNITA/install/slam_tuner/bin'
[13.822s] Level 1:colcon.colcon_core.environment:create_environment_scripts_only(slam_tuner)
[13.822s] INFO:colcon.colcon_core.shell:Creating package script '/home/hanjh/F1_TENTH_UNITA/install/slam_tuner/share/slam_tuner/package.ps1'
[13.823s] INFO:colcon.colcon_core.shell:Creating package descriptor '/home/hanjh/F1_TENTH_UNITA/install/slam_tuner/share/slam_tuner/package.dsv'
[13.824s] INFO:colcon.colcon_core.shell:Creating package script '/home/hanjh/F1_TENTH_UNITA/install/slam_tuner/share/slam_tuner/package.sh'
[13.825s] INFO:colcon.colcon_core.shell:Creating package script '/home/hanjh/F1_TENTH_UNITA/install/slam_tuner/share/slam_tuner/package.bash'
[13.825s] INFO:colcon.colcon_core.shell:Creating package script '/home/hanjh/F1_TENTH_UNITA/install/slam_tuner/share/slam_tuner/package.zsh'
[13.826s] Level 1:colcon.colcon_core.environment:create_file_with_runtime_dependencies(/home/hanjh/F1_TENTH_UNITA/install/slam_tuner/share/colcon-core/packages/slam_tuner)
[14.371s] Level 1:colcon.colcon_core.shell:create_environment_hook('steering_lookup', 'pythonpath_develop')
[14.372s] INFO:colcon.colcon_core.shell:Creating environment hook '/home/hanjh/F1_TENTH_UNITA/build/steering_lookup/share/steering_lookup/hook/pythonpath_develop.ps1'
[14.373s] DEBUG:colcon.colcon_core.event_handler.log_command:Invoked command in '/home/hanjh/F1_TENTH_UNITA/build/steering_lookup' returned '0': PYTHONPATH=/home/hanjh/F1_TENTH_UNITA/build/steering_lookup/prefix_override:/usr/lib/python3/dist-packages/colcon_core/task/python/colcon_distutils_commands:/home/hanjh/F1_TENTH_UNITA/install/steering_lookup/lib/python3.10/site-packages:${PYTHONPATH} /usr/bin/python3 -W ignore:setup.py install is deprecated -W ignore:easy_install command is deprecated setup.py develop --editable --build-directory /home/hanjh/F1_TENTH_UNITA/build/steering_lookup/build --no-deps symlink_data
[14.374s] INFO:colcon.colcon_core.shell:Creating environment descriptor '/home/hanjh/F1_TENTH_UNITA/build/steering_lookup/share/steering_lookup/hook/pythonpath_develop.dsv'
[14.375s] INFO:colcon.colcon_core.shell:Creating environment hook '/home/hanjh/F1_TENTH_UNITA/build/steering_lookup/share/steering_lookup/hook/pythonpath_develop.sh'
[14.376s] Level 1:colcon.colcon_core.environment:checking '/home/hanjh/F1_TENTH_UNITA/install/steering_lookup' for CMake module files
[14.377s] Level 1:colcon.colcon_core.environment:checking '/home/hanjh/F1_TENTH_UNITA/install/steering_lookup' for CMake config files
[14.378s] Level 1:colcon.colcon_core.environment:checking '/home/hanjh/F1_TENTH_UNITA/install/steering_lookup/lib'
[14.379s] Level 1:colcon.colcon_core.environment:checking '/home/hanjh/F1_TENTH_UNITA/install/steering_lookup/bin'
[14.379s] Level 1:colcon.colcon_core.environment:checking '/home/hanjh/F1_TENTH_UNITA/install/steering_lookup/lib/pkgconfig/steering_lookup.pc'
[14.379s] Level 1:colcon.colcon_core.environment:checking '/home/hanjh/F1_TENTH_UNITA/install/steering_lookup/lib/python3.10/site-packages'
[14.379s] Level 1:colcon.colcon_core.shell:create_environment_hook('steering_lookup', 'pythonpath')
[14.380s] INFO:colcon.colcon_core.shell:Creating environment hook '/home/hanjh/F1_TENTH_UNITA/install/steering_lookup/share/steering_lookup/hook/pythonpath.ps1'
[14.381s] INFO:colcon.colcon_core.shell:Creating environment descriptor '/home/hanjh/F1_TENTH_UNITA/install/steering_lookup/share/steering_lookup/hook/pythonpath.dsv'
[14.382s] INFO:colcon.colcon_core.shell:Creating environment hook '/home/hanjh/F1_TENTH_UNITA/install/steering_lookup/share/steering_lookup/hook/pythonpath.sh'
[14.383s] Level 1:colcon.colcon_core.environment:checking '/home/hanjh/F1_TENTH_UNITA/install/steering_lookup/bin'
[14.383s] Level 1:colcon.colcon_core.environment:create_environment_scripts_only(steering_lookup)
[14.384s] INFO:colcon.colcon_core.shell:Creating package script '/home/hanjh/F1_TENTH_UNITA/install/steering_lookup/share/steering_lookup/package.ps1'
[14.386s] INFO:colcon.colcon_core.shell:Creating package descriptor '/home/hanjh/F1_TENTH_UNITA/install/steering_lookup/share/steering_lookup/package.dsv'
[14.387s] INFO:colcon.colcon_core.shell:Creating package script '/home/hanjh/F1_TENTH_UNITA/install/steering_lookup/share/steering_lookup/package.sh'
[14.388s] INFO:colcon.colcon_core.shell:Creating package script '/home/hanjh/F1_TENTH_UNITA/install/steering_lookup/share/steering_lookup/package.bash'
[14.389s] INFO:colcon.colcon_core.shell:Creating package script '/home/hanjh/F1_TENTH_UNITA/install/steering_lookup/share/steering_lookup/package.zsh'
[14.389s] Level 1:colcon.colcon_core.environment:create_file_with_runtime_dependencies(/home/hanjh/F1_TENTH_UNITA/install/steering_lookup/share/colcon-core/packages/steering_lookup)
[14.409s] Level 1:colcon.colcon_core.shell:create_environment_hook('f1tenth_stack', 'pythonpath_develop')
[14.409s] INFO:colcon.colcon_core.shell:Creating environment hook '/home/hanjh/F1_TENTH_UNITA/build/f1tenth_stack/share/f1tenth_stack/hook/pythonpath_develop.ps1'
[14.410s] DEBUG:colcon.colcon_core.event_handler.log_command:Invoked command in '/home/hanjh/F1_TENTH_UNITA/build/f1tenth_stack' returned '0': AMENT_PREFIX_PATH=/home/hanjh/F1_TENTH_UNITA/install/joy_teleop:/home/hanjh/F1_TENTH_UNITA/install/f1tenth_stack:/home/hanjh/F1_TENTH_UNITA/install/vesc:/home/hanjh/F1_TENTH_UNITA/install/vesc_driver:/home/hanjh/F1_TENTH_UNITA/install/vesc_ackermann:/home/hanjh/F1_TENTH_UNITA/install/vesc_msgs:/home/hanjh/F1_TENTH_UNITA/install/teleop_tools:/home/hanjh/F1_TENTH_UNITA/install/teleop_tools_msgs:/home/hanjh/F1_TENTH_UNITA/install/steering_lookup:/home/hanjh/F1_TENTH_UNITA/install/state_machine:/home/hanjh/F1_TENTH_UNITA/install/slam_tuner:/home/hanjh/F1_TENTH_UNITA/install/state_estimation:/home/hanjh/F1_TENTH_UNITA/install/map_editor:/home/hanjh/F1_TENTH_UNITA/install/stack_master:/home/hanjh/F1_TENTH_UNITA/install/spline_planner:/home/hanjh/F1_TENTH_UNITA/install/sector_tuner:/home/hanjh/F1_TENTH_UNITA/install/perception:/home/hanjh/F1_TENTH_UNITA/install/opponent_publisher:/home/hanjh/F1_TENTH_UNITA/install/mouse_teleop:/home/hanjh/F1_TENTH_UNITA/install/lap_analyser:/home/hanjh/F1_TENTH_UNITA/install/key_teleop:/home/hanjh/F1_TENTH_UNITA/install/id_controller:/home/hanjh/F1_TENTH_UNITA/install/global_planner:/home/hanjh/F1_TENTH_UNITA/install/frenet_odom_republisher:/home/hanjh/F1_TENTH_UNITA/install/frenet_conversion:/home/hanjh/F1_TENTH_UNITA/install/f1tenth_gym_ros:/home/hanjh/F1_TENTH_UNITA/install/f110_msgs:/home/hanjh/F1_TENTH_UNITA/install/controller:/home/hanjh/F1_TENTH_UNITA/install/ackermann_mux:/home/hanjh/ros2_ws/install/tutorial_topic:/home/hanjh/ros2_ws/install/tutorial_service:/home/hanjh/ros2_ws/install/tutorial_action:/home/hanjh/ros2_ws/install/node_exercise:/home/hanjh/ros2_ws/install/my_package:/home/hanjh/ros2_ws/install/moving_services:/home/hanjh/ros2_ws/install/logger_test:/home/hanjh/ros2_ws/install/elevator_vision:/home/hanjh/ros2_ws/install/ebimu_pkg:/home/hanjh/ros2_ws/install/debug_pkg:/home/hanjh/ros2_ws/install/custom_interface_example:/home/hanjh/ros2_ws/install/custom_interfaces:/home/hanjh/ros2_ws/install/camera_perception_pkg:/opt/ros/humble CMAKE_PREFIX_PATH=/home/hanjh/F1_TENTH_UNITA/install/vesc:/home/hanjh/F1_TENTH_UNITA/install/vesc_driver:/home/hanjh/F1_TENTH_UNITA/install/vesc_ackermann:/home/hanjh/F1_TENTH_UNITA/install/vesc_msgs:/home/hanjh/F1_TENTH_UNITA/install/teleop_tools_msgs:/home/hanjh/F1_TENTH_UNITA/install/ackermann_mux:/home/hanjh/F1_TENTH_UNITA/install/teleop_tools:/home/hanjh/F1_TENTH_UNITA/install/f110_msgs:/home/hanjh/ros2_ws/install/custom_interfaces PYTHONPATH=/home/hanjh/F1_TENTH_UNITA/build/f1tenth_stack/prefix_override:/usr/lib/python3/dist-packages/colcon_core/task/python/colcon_distutils_commands:/home/hanjh/F1_TENTH_UNITA/install/f1tenth_stack/lib/python3.10/site-packages:/home/hanjh/F1_TENTH_UNITA/build/joy_teleop:/home/hanjh/F1_TENTH_UNITA/install/joy_teleop/lib/python3.10/site-packages:/home/hanjh/F1_TENTH_UNITA/build/f1tenth_stack:/home/hanjh/F1_TENTH_UNITA/install/f1tenth_stack/lib/python3.10/site-packages:/home/hanjh/F1_TENTH_UNITA/install/vesc_msgs/local/lib/python3.10/dist-packages:/home/hanjh/F1_TENTH_UNITA/install/teleop_tools_msgs/local/lib/python3.10/dist-packages:/home/hanjh/F1_TENTH_UNITA/build/steering_lookup:/home/hanjh/F1_TENTH_UNITA/install/steering_lookup/lib/python3.10/site-packages:/home/hanjh/F1_TENTH_UNITA/build/state_machine:/home/hanjh/F1_TENTH_UNITA/install/state_machine/lib/python3.10/site-packages:/home/hanjh/F1_TENTH_UNITA/build/slam_tuner:/home/hanjh/F1_TENTH_UNITA/install/slam_tuner/lib/python3.10/site-packages:/home/hanjh/F1_TENTH_UNITA/build/state_estimation:/home/hanjh/F1_TENTH_UNITA/install/state_estimation/lib/python3.10/site-packages:/home/hanjh/F1_TENTH_UNITA/build/map_editor:/home/hanjh/F1_TENTH_UNITA/install/map_editor/lib/python3.10/site-packages:/home/hanjh/F1_TENTH_UNITA/build/stack_master:/home/hanjh/F1_TENTH_UNITA/install/stack_master/lib/python3.10/site-packages:/home/hanjh/F1_TENTH_UNITA/build/spline_planner:/home/hanjh/F1_TENTH_UNITA/install/spline_planner/lib/python3.10/site-packages:/home/hanjh/F1_TENTH_UNITA/build/sector_tuner:/home/hanjh/F1_TENTH_UNITA/install/sector_tuner/lib/python3.10/site-packages:/home/hanjh/F1_TENTH_UNITA/build/perception:/home/hanjh/F1_TENTH_UNITA/install/perception/lib/python3.10/site-packages:/home/hanjh/F1_TENTH_UNITA/build/opponent_publisher:/home/hanjh/F1_TENTH_UNITA/install/opponent_publisher/lib/python3.10/site-packages:/home/hanjh/F1_TENTH_UNITA/build/mouse_teleop:/home/hanjh/F1_TENTH_UNITA/install/mouse_teleop/lib/python3.10/site-packages:/home/hanjh/F1_TENTH_UNITA/build/lap_analyser:/home/hanjh/F1_TENTH_UNITA/install/lap_analyser/lib/python3.10/site-packages:/home/hanjh/F1_TENTH_UNITA/build/key_teleop:/home/hanjh/F1_TENTH_UNITA/install/key_teleop/lib/python3.10/site-packages:/home/hanjh/F1_TENTH_UNITA/build/id_controller:/home/hanjh/F1_TENTH_UNITA/install/id_controller/lib/python3.10/site-packages:/home/hanjh/F1_TENTH_UNITA/build/global_planner:/home/hanjh/F1_TENTH_UNITA/install/global_planner/lib/python3.10/site-packages:/home/hanjh/F1_TENTH_UNITA/build/frenet_odom_republisher:/home/hanjh/F1_TENTH_UNITA/install/frenet_odom_republisher/lib/python3.10/site-packages:/home/hanjh/F1_TENTH_UNITA/build/frenet_conversion:/home/hanjh/F1_TENTH_UNITA/install/frenet_conversion/lib/python3.10/site-packages:/home/hanjh/F1_TENTH_UNITA/build/f1tenth_gym_ros:/home/hanjh/F1_TENTH_UNITA/install/f1tenth_gym_ros/lib/python3.10/site-packages:/home/hanjh/F1_TENTH_UNITA/install/f110_msgs/local/lib/python3.10/dist-packages:/home/hanjh/F1_TENTH_UNITA/build/controller:/home/hanjh/F1_TENTH_UNITA/install/controller/lib/python3.10/site-packages:/home/hanjh/ros2_ws/build/tutorial_topic:/home/hanjh/ros2_ws/install/tutorial_topic/lib/python3.10/site-packages:/home/hanjh/ros2_ws/build/tutorial_service:/home/hanjh/ros2_ws/install/tutorial_service/lib/python3.10/site-packages:/home/hanjh/ros2_ws/build/tutorial_action:/home/hanjh/ros2_ws/install/tutorial_action/lib/python3.10/site-packages:/home/hanjh/ros2_ws/build/node_exercise:/home/hanjh/ros2_ws/install/node_exercise/lib/python3.10/site-packages:/home/hanjh/ros2_ws/build/my_package:/home/hanjh/ros2_ws/install/my_package/lib/python3.10/site-packages:/home/hanjh/ros2_ws/build/moving_services:/home/hanjh/ros2_ws/install/moving_services/lib/python3.10/site-packages:/home/hanjh/ros2_ws/build/logger_test:/home/hanjh/ros2_ws/install/logger_test/lib/python3.10/site-packages:/home/hanjh/ros2_ws/build/elevator_vision:/home/hanjh/ros2_ws/install/elevator_vision/lib/python3.10/site-packages:/home/hanjh/ros2_ws/build/ebimu_pkg:/home/hanjh/ros2_ws/install/ebimu_pkg/lib/python3.10/site-packages:/home/hanjh/ros2_ws/build/debug_pkg:/home/hanjh/ros2_ws/install/debug_pkg/lib/python3.10/site-packages:/home/hanjh/ros2_ws/build/custom_interface_example:/home/hanjh/ros2_ws/install/custom_interface_example/lib/python3.10/site-packages:/home/hanjh/ros2_ws/install/custom_interfaces/local/lib/python3.10/dist-packages:/home/hanjh/ros2_ws/build/camera_perception_pkg:/home/hanjh/ros2_ws/install/camera_perception_pkg/lib/python3.10/site-packages:/opt/ros/humble/lib/python3.10/site-packages:/opt/ros/humble/local/lib/python3.10/dist-packages /usr/bin/python3 -W ignore:setup.py install is deprecated -W ignore:easy_install command is deprecated setup.py develop --editable --build-directory /home/hanjh/F1_TENTH_UNITA/build/f1tenth_stack/build --no-deps symlink_data
[14.411s] INFO:colcon.colcon_core.shell:Creating environment descriptor '/home/hanjh/F1_TENTH_UNITA/build/f1tenth_stack/share/f1tenth_stack/hook/pythonpath_develop.dsv'
[14.412s] INFO:colcon.colcon_core.shell:Creating environment hook '/home/hanjh/F1_TENTH_UNITA/build/f1tenth_stack/share/f1tenth_stack/hook/pythonpath_develop.sh'
[14.412s] Level 1:colcon.colcon_core.environment:checking '/home/hanjh/F1_TENTH_UNITA/install/f1tenth_stack' for CMake module files
[14.413s] Level 1:colcon.colcon_core.environment:checking '/home/hanjh/F1_TENTH_UNITA/install/f1tenth_stack' for CMake config files
[14.414s] Level 1:colcon.colcon_core.environment:checking '/home/hanjh/F1_TENTH_UNITA/install/f1tenth_stack/lib'
[14.414s] Level 1:colcon.colcon_core.environment:checking '/home/hanjh/F1_TENTH_UNITA/install/f1tenth_stack/bin'
[14.414s] Level 1:colcon.colcon_core.environment:checking '/home/hanjh/F1_TENTH_UNITA/install/f1tenth_stack/lib/pkgconfig/f1tenth_stack.pc'
[14.414s] Level 1:colcon.colcon_core.environment:checking '/home/hanjh/F1_TENTH_UNITA/install/f1tenth_stack/lib/python3.10/site-packages'
[14.414s] Level 1:colcon.colcon_core.shell:create_environment_hook('f1tenth_stack', 'pythonpath')
[14.414s] INFO:colcon.colcon_core.shell:Creating environment hook '/home/hanjh/F1_TENTH_UNITA/install/f1tenth_stack/share/f1tenth_stack/hook/pythonpath.ps1'
[14.415s] INFO:colcon.colcon_core.shell:Creating environment descriptor '/home/hanjh/F1_TENTH_UNITA/install/f1tenth_stack/share/f1tenth_stack/hook/pythonpath.dsv'
[14.415s] INFO:colcon.colcon_core.shell:Creating environment hook '/home/hanjh/F1_TENTH_UNITA/install/f1tenth_stack/share/f1tenth_stack/hook/pythonpath.sh'
[14.416s] Level 1:colcon.colcon_core.environment:checking '/home/hanjh/F1_TENTH_UNITA/install/f1tenth_stack/bin'
[14.416s] Level 1:colcon.colcon_core.environment:create_environment_scripts_only(f1tenth_stack)
[14.417s] INFO:colcon.colcon_core.shell:Creating package script '/home/hanjh/F1_TENTH_UNITA/install/f1tenth_stack/share/f1tenth_stack/package.ps1'
[14.418s] INFO:colcon.colcon_core.shell:Creating package descriptor '/home/hanjh/F1_TENTH_UNITA/install/f1tenth_stack/share/f1tenth_stack/package.dsv'
[14.418s] INFO:colcon.colcon_core.shell:Creating package script '/home/hanjh/F1_TENTH_UNITA/install/f1tenth_stack/share/f1tenth_stack/package.sh'
[14.419s] INFO:colcon.colcon_core.shell:Creating package script '/home/hanjh/F1_TENTH_UNITA/install/f1tenth_stack/share/f1tenth_stack/package.bash'
[14.419s] INFO:colcon.colcon_core.shell:Creating package script '/home/hanjh/F1_TENTH_UNITA/install/f1tenth_stack/share/f1tenth_stack/package.zsh'
[14.419s] Level 1:colcon.colcon_core.environment:create_file_with_runtime_dependencies(/home/hanjh/F1_TENTH_UNITA/install/f1tenth_stack/share/colcon-core/packages/f1tenth_stack)
[14.420s] DEBUG:colcon.colcon_parallel_executor.executor.parallel:closing loop
[14.420s] DEBUG:colcon.colcon_parallel_executor.executor.parallel:loop closed
[14.421s] DEBUG:colcon.colcon_parallel_executor.executor.parallel:run_until_complete finished with '0'
[14.421s] DEBUG:colcon.colcon_core.event_reactor:joining thread
[14.432s] INFO:colcon.colcon_core.plugin_system:Skipping extension 'colcon_notification.desktop_notification.terminal_notifier': Not used on non-Darwin systems
[14.432s] INFO:colcon.colcon_core.plugin_system:Skipping extension 'colcon_notification.desktop_notification.win32': Not used on non-Windows systems
[14.432s] INFO:colcon.colcon_notification.desktop_notification:Sending desktop notification using 'notify2'
[14.451s] DEBUG:colcon.colcon_core.event_reactor:joined thread
[14.451s] INFO:colcon.colcon_core.shell:Creating prefix script '/home/hanjh/F1_TENTH_UNITA/install/local_setup.ps1'
[14.452s] INFO:colcon.colcon_core.shell:Creating prefix util module '/home/hanjh/F1_TENTH_UNITA/install/_local_setup_util_ps1.py'
[14.454s] INFO:colcon.colcon_core.shell:Creating prefix chain script '/home/hanjh/F1_TENTH_UNITA/install/setup.ps1'
[14.459s] INFO:colcon.colcon_core.shell:Creating prefix script '/home/hanjh/F1_TENTH_UNITA/install/local_setup.sh'
[14.459s] INFO:colcon.colcon_core.shell:Creating prefix util module '/home/hanjh/F1_TENTH_UNITA/install/_local_setup_util_sh.py'
[14.460s] INFO:colcon.colcon_core.shell:Creating prefix chain script '/home/hanjh/F1_TENTH_UNITA/install/setup.sh'
[14.463s] INFO:colcon.colcon_core.shell:Creating prefix script '/home/hanjh/F1_TENTH_UNITA/install/local_setup.bash'
[14.463s] INFO:colcon.colcon_core.shell:Creating prefix chain script '/home/hanjh/F1_TENTH_UNITA/install/setup.bash'
[14.466s] INFO:colcon.colcon_core.shell:Creating prefix script '/home/hanjh/F1_TENTH_UNITA/install/local_setup.zsh'
[14.466s] INFO:colcon.colcon_core.shell:Creating prefix chain script '/home/hanjh/F1_TENTH_UNITA/install/setup.zsh'
